2.0703571766875096e-05,0.4977732985465905,5.569054887208364e-05,7.060591414383846e-05,2.698189634793148e-05,2.3623082597516846e-05,2.1475223389495863e-05,2.168519803146618e-05,2.1396538455993795e-05,2.3321069687934892e-05,2.478320763675299e-05,2.156082725145304e-05,2.3219119324801273e-05,2.6973772449398635e-05,2.0984475279279753e-05,2.2879062904795887e-05,2.1167110492377467e-05,2.56371217384504e-05,2.346662064387555e-05,2.0840773455953927e-05,2.1133688250403608e-05,2.1131667698398366e-05,2.539150333074367e-05,2.2220051485702143e-05,2.1881992284545993e-05,2.0878445676466136e-05,0.500693776629697,2.2877991676786835e-05,4.1915306060382714e-05,2.335851415807011e-05,4.876301090046719e-05,2.1889865132777716e-05,2.1536978148767084e-05,2.4901960610036815e-05,2.442021737870861e-05,0.0005056609882210964,5.520130811115946e-05,5.1319715480217764e-05,2.1966214637332745e-05,1.9480269999934892e-05
2.795362922115857e-05,0.5092604160573426,4.459261186259905e-05,5.781271629791454e-05,2.6355850470593758e-05,2.3964105337738996e-05,2.2048893817535766e-05,2.2282544001779036e-05,2.204706655186144e-05,2.3402303405082397e-05,2.4456444338955815e-05,2.169041497160538e-05,2.3741161524069976e-05,2.751047553582026e-05,2.1599526852710707e-05,2.373778040287617e-05,2.1774945918160063e-05,2.6551242900894013e-05,2.4448769970909853e-05,2.153923660441616e-05,2.1821816695963878e-05,2.2045733781598085e-05,2.805915832591296e-05,2.3421502131749515e-05,2.2792001082379864e-05,2.1280672477162185e-05,0.48934595229277766,2.373897367396477e-05,4.135022340109195e-05,2.550576687469867e-05,5.0037425358293986e-05,2.3233817957433268e-05,2.2636959753942212e-05,2.7190829100833414e-05,2.67517162365459e-05,0.0003579477167497992,5.538860469691397e-05,5.047571847793558e-05,2.248356777457082e-05,1.9959725342378903e-05
4.1038106267238155e-05,0.5113541067545376,8.570530654481544e-05,0.00010424630950281256,4.642883480996172e-05,3.7367978145695154e-05,3.559580630910952e-05,3.554813954385993e-05,3.4969350383623655e-05,4.019914279855387e-05,4.277874501613473e-05,3.660021020777129e-05,4.025421105009415e-05,5.047589273540214e-05,3.4538269140857394e-05,3.8376028040687976e-05,3.4694738871220145e-05,4.7113389211630245e-05,4.232263442163855e-05,3.45343902923553e-05,3.4658737144975966e-05,3.471773495545813e-05,5.076910837678014e-05,3.599901505958488e-05,3.4344776721997153e-05,3.689586960434899e-05,0.4859279557901214,3.8372997988784174e-05,7.474822969945204e-05,4.543257377705452e-05,0.00010142848054453249,3.644634288002283e-05,3.5236112313498155e-05,4.9623467785949064e-05,4.825877394079556e-05,0.000912510420618514,0.00011497332152564024,0.00010113200616222535,3.601009267961553e-05,3.3591910268498074e-05
1.0547110460748424e-06,0.5568704685389805,2.0672170779655675e-06,2.523796671008954e-06,1.1095445089080627e-06,8.429666665319992e-07,8.248814302301637e-07,8.203614232750333e-07,7.951423460169876e-07,9.486614334061257e-07,1.0122446354790078e-06,8.507035010319031e-07,9.673000608928844e-07,1.1506197326773664e-06,7.932706755996527e-07,8.753547332062989e-07,8.016931303815878e-07,1.0660208283264628e-06,9.707633937644743e-07,7.946575817561317e-07,8.038015936173801e-07,8.114188853222275e-07,1.1791176922049583e-06,8.72344906912727e-07,8.182219013096216e-07,8.578538297706732e-07,0.4430691463082733,8.753129252467708e-07,1.7453905854540286e-06,1.062450025311762e-06,2.279086114465618e-06,8.25328351474347e-07,8.349917642149021e-07,1.1445418257292482e-06,1.113818350242109e-06,1.839229145954602e-05,2.558647072480521e-06,2.308491754685566e-06,8.303737779714276e-07,8.01759053605568e-07
5.531541526658272e-05,0.5346790596054793,0.00011716773692858087,0.00014970209579518682,5.962535310317404e-05,4.594313230805652e-05,4.41263774212947e-05,4.415220100048433e-05,4.2912615363976455e-05,5.037419279368762e-05,5.4419785254670284e-05,4.6421858559253695e-05,5.180109873363358e-05,6.264754144982313e-05,4.251728084410076e-05,4.697859581642442e-05,4.2919192087528826e-05,5.77818980797419e-05,5.236915176838131e-05,4.24443720244186e-05,4.301280488752475e-05,4.3388025622464056e-05,6.496474825083903e-05,4.271010062364871e-05,4.516166271917292e-05,4.934910985626469e-05,0.46194186386224995,4.6975869030947135e-05,0.00010137436835399094,5.842975186972647e-05,0.0001276099650593701,4.4741236314062174e-05,4.3543867032482485e-05,6.3024340263807e-05,6.135791953684528e-05,0.001072649939907236,0.00014409122712731058,0.0001301733573390837,4.398957159566612e-05,4.290877228141511e-05
4.060728926796748e-06,0.6637135282580106,4.223829470710738e-06,4.6484134731562025e-06,3.7500614612379203e-06,3.4731721966677974e-06,3.342400367377875e-06,3.317251364869747e-06,3.3340059295341724e-06,3.5833483281662286e-06,3.6376961417819776e-06,3.3967099118640927e-06,3.5717315066078226e-06,3.614545432456712e-06,3.277085602858886e-06,3.440180446436695e-06,3.29007210171231e-06,3.5259863781519905e-06,3.4466736360239063e-06,3.2512524299217656e-06,3.288962319221542e-06,3.2921300755991387e-06,6.446383291663222e-06,3.6086160870955043e-06,3.419802470669226e-06,3.4484214119673846e-06,0.33607026015203056,3.440060186773801e-06,5.212720107017123e-06,5.936156023169374e-06,7.324625100221478e-06,3.3853411166806275e-06,3.3320447706056794e-06,6.295227627694145e-06,6.182805953290946e-06,6.29616402827105e-05,7.489591116770315e-06,6.315056420891574e-06,3.440158548385973e-06,3.2067019422310966e-06
1.011088205709238e-06,0.5442647280545493,1.9415572476158567e-06,2.385326624858391e-06,1.2011525307069189e-06,1.0464475142285395e-06,9.916625417604822e-07,9.922932089843638e-07,9.57070304765368e-07,1.0629868213386446e-06,1.113183261963173e-06,9.6818736189387e-07,1.067548414270728e-06,1.210808351272689e-06,9.541781006254882e-07,1.0417088252000447e-06,9.941207603371626e-07,1.1246363368110367e-06,1.0700599199284213e-06,9.493187082721045e-07,1.0081111847955292e-06,1.0460923918164329e-06,1.281955535075664e-06,9.621798512146516e-07,1.0247961868192914e-06,9.647558084156931e-07,0.45567106563958754,1.0482142798807593e-06,1.932368255729403e-06,1.1710498044125496e-06,2.2858165577868157e-06,9.781723895132108e-07,9.860312040678944e-07,1.2468611705528627e-06,1.2175376188364284e-06,1.8221895975757963e-05,2.5377916337568728e-06,2.3420314780323137e-06,9.86289348897823e-07,8.81020147373235e-07
1.2896264053297288e-06,0.5725292561198504,2.597457984377694e-06,3.4356488691749435e-06,1.5394402803342407e-06,1.19233708506689e-06,1.1792474113937966e-06,1.1736733133758033e-06,1.121182960750788e-06,1.327673734894133e-06,1.4103583732159294e-06,1.2041163291231343e-06,1.3359009027705189e-06,1.6072198231092906e-06,1.1180070573674279e-06,1.236428196229947e-06,1.1274830753197676e-06,1.4568542053108642e-06,1.3470946969238955e-06,1.1102956058051643e-06,1.1299194628094584e-06,1.1396917750197448e-06,1.6522429448217316e-06,1.119896388107028e-06,1.2009096949868616e-06,1.201147666388079e-06,0.4273816036546073,1.2364130391044702e-06,2.3275855304078787e-06,1.493359202868109e-06,3.145748639612479e-06,1.1766935814022183e-06,1.174112537604892e-06,1.6054133048389644e-06,1.5635962369050188e-06,3.1376045010221474e-05,3.5189076840470415e-06,3.0259639613760855e-06,1.1365624195933989e-06,1.1059701522886244e-06
1.09758579421585e-06,0.5504468750691727,2.38847290813077e-06,3.2068993404030694e-06,1.2836529800639376e-06,9.899046191876118e-07,9.563069142636936e-07,9.524376043802678e-07,9.250042962596363e-07,1.0898773427372894e-06,1.1505914642718946e-06,9.914093317440242e-07,1.0959115483633089e-06,1.3847987908439492e-06,9.180148571115534e-07,1.006066263289801e-06,9.236373616787221e-07,1.2235582445036854e-06,1.1218302213691986e-06,9.140902396525878e-07,9.235152492492703e-07,9.242668353682078e-07,1.388087215684895e-06,9.455906593108278e-07,9.789865074964229e-07,9.764385812725872e-07,0.4494720474521715,1.0020887469042061e-06,2.0317651871595554e-06,1.2460432103235937e-06,2.755311877322105e-06,9.59283276616324e-07,9.60524401399886e-07,1.3459161518250215e-06,1.3090251733142296e-06,3.1999343609442e-05,3.1215526435617334e-06,2.6660938829678595e-06,1.006159523532569e-06,9.174358004962712e-07
1.8985602360693755e-06,0.5691081761576684,3.0881350673939334e-06,4.0280886481402576e-06,2.0401927390888855e-06,1.7011136473649594e-06,1.5737191039894937e-06,1.5656950576156304e-06,1.5934896014019097e-06,1.8224249279774004e-06,1.893178693537686e-06,1.6986615158647042e-06,1.8016666090674367e-06,2.1232477525393455e-06,1.5559186409855676e-06,1.653640345630185e-06,1.5601372336953242e-06,1.9482336868910103e-06,1.782956872397775e-06,1.541601359146932e-06,1.5597003426721675e-06,1.5646961064373783e-06,2.172474372426188e-06,1.5953302367976276e-06,1.612891244331135e-06,1.6469586712171777e-06,0.43076869101852877,1.6534509252420122e-06,3.2146698839761805e-06,1.965296497941615e-06,4.05155978871722e-06,1.5951492918130842e-06,1.5824521359449726e-06,2.1228361223943982e-06,2.0681620516894095e-06,4.6145621947115214e-05,4.522696525717881e-06,4.090776683922714e-06,1.5634381719910658e-06,1.534001063786272e-06
4.124760774896804e-05,0.4809404624056204,4.317023050565454e-05,5.5935789532037776e-05,3.300362628869282e-05,3.146819150819494e-05,3.043181501260797e-05,3.084293540495234e-05,2.9002624701181207e-05,3.0526535818083586e-05,3.104358044994758e-05,2.767663316061222e-05,3.071354942580099e-05,3.64947773864553e-05,2.9076133518892768e-05,3.37083074099399e-05,2.9361002458076273e-05,3.484268948881159e-05,3.288506534304251e-05,2.8907654459438228e-05,2.9401828984278695e-05,2.9659286718043254e-05,3.7024875364662134e-05,2.9348553802907708e-05,3.2221768738800944e-05,2.7872834157730655e-05,0.5175051681643489,3.370630642994144e-05,5.3074601674062366e-05,3.346558385902688e-05,6.147908239316145e-05,3.184193767809136e-05,3.087821046733336e-05,3.614591212612152e-05,3.530949486648861e-05,0.00022860697253281457,6.605798024299266e-05,6.246067343645558e-05,3.083734422557751e-05,2.463743271090118e-05
3.293150435691611e-05,0.4941318724007178,5.2273555066961096e-05,6.308209906629968e-05,3.492760008223382e-05,3.0886126739443276e-05,3.051833461641092e-05,3.0485809472845728e-05,2.862741127267986e-05,3.246513642837152e-05,3.346802722040704e-05,2.9123973530916074e-05,3.246110336939089e-05,3.673837122743565e-05,2.940572867522172e-05,3.412787373942807e-05,2.9755554733622294e-05,3.64589557644863e-05,3.402034218664725e-05,2.9320870847652752e-05,2.9793350099574755e-05,2.9986190910878964e-05,3.9162268613212404e-05,2.9314298287717606e-05,3.212245428728104e-05,2.909203055468385e-05,0.5039915086727862,3.412623149871736e-05,4.9384799162093184e-05,3.5702534847194147e-05,6.32812067752703e-05,3.2175762733289996e-05,3.115327407056735e-05,3.8308302898050005e-05,3.752451612457021e-05,0.0005126745372810249,6.955278962620095e-05,6.373682540820216e-05,3.194425392020992e-05,2.6504920999900137e-05
3.646253645241316e-05,0.4626388581118956,5.4992365778179445e-05,7.504006199946088e-05,3.447425931337305e-05,2.621968404758491e-05,2.8116822009536075e-05,2.824031398309545e-05,2.6056604228313328e-05,3.116718824422794e-05,3.268353788447637e-05,2.7977200374490136e-05,3.087525388164332e-05,3.878986849139469e-05,2.7247643550415945e-05,3.0879915427759136e-05,2.7436215868340533e-05,3.760945559628697e-05,3.336315829249827e-05,2.7206379405542008e-05,2.7463132320498598e-05,2.766913404936654e-05,3.928511840624476e-05,2.8484256266718035e-05,2.7693346801481928e-05,2.96579302765777e-05,0.5354013386763332,3.088209208628157e-05,5.1542217157393686e-05,3.542296285048199e-05,7.460698701038995e-05,2.9461084195786622e-05,2.7931674156758847e-05,3.84935082060565e-05,3.747150546582041e-05,0.0005902551163810471,8.420212745106328e-05,7.098514162899835e-05,2.839697106045436e-05,2.5060441170708283e-05
3.447638476211199e-05,0.4697113701095211,5.765919575600029e-05,6.944700619172949e-05,3.248932257047184e-05,2.6841666297893618e-05,2.6107083485626743e-05,2.6253491637123554e-05,2.4884008893809565e-05,2.8606089392126914e-05,3.009083849185936e-05,2.5680162265440865e-05,2.8783779053201096e-05,3.781039374434219e-05,2.484568712719718e-05,2.8343750834980557e-05,2.5144154950011672e-05,3.387251429954153e-05,2.9690980918086814e-05,2.485477069035023e-05,2.523027078564956e-05,2.5554131757249614e-05,3.681128138508943e-05,2.5018510684771974e-05,2.674977599863612e-05,2.4555040648238167e-05,0.528425816971976,2.8342255411237943e-05,5.554847597930732e-05,3.312848262463453e-05,7.035398452779992e-05,2.658715111213238e-05,2.6308976129745362e-05,3.5704490349932895e-05,3.46766045050012e-05,0.0005761765372524801,7.922820238333854e-05,6.741255729199862e-05,2.6421300353853564e-05,2.3123607959934212e-05
6.358274015575175e-05,0.5472179087453339,0.00010532211610526308,0.00012551747488062377,6.152985402522326e-05,4.517265052920084e-05,4.644734833723789e-05,4.618883791327389e-05,4.325476999625892e-05,5.294324410918392e-05,5.40930343741337e-05,4.827069017630731e-05,5.130918897331535e-05,6.683132142953846e-05,4.4553246157825845e-05,4.943508551574496e-05,4.498874973113013e-05,5.927352415732362e-05,5.308178033998977e-05,4.478737296960502e-05,4.5125143762337625e-05,4.5691672648599825e-05,6.62836599594992e-05,4.9193131745192624e-05,4.749890659702549e-05,4.651970705180262e-05,0.44941467579573746,4.9351675449710834e-05,9.71838161654813e-05,6.008729646090003e-05,0.00012458617856956722,4.7520313068902195e-05,4.703947155717687e-05,6.47031589624694e-05,6.304339074128171e-05,0.0010516649282028602,0.00013862675919570474,0.00012600722435333422,4.637818817992967e-05,4.432780638002493e-05
4.855406302724569e-05,0.455581123164625,0.0001817079703607767,0.00021691991967209183,6.767930459294211e-05,3.488098974628391e-05,3.301142050416173e-05,3.328208021661814e-05,3.495052788280952e-05,5.2517846970624405e-05,6.0073804818909514e-05,4.653185843189709e-05,5.217674530775706e-05,8.430504907345092e-05,3.132631147290921e-05,3.393174503946928e-05,3.119795568213877e-05,6.629712079181993e-05,5.3780530629699736e-05,3.294206304405694e-05,3.141406392250684e-05,3.192841685187248e-05,6.788046761146894e-05,3.014471739888343e-05,3.1875814226840176e-05,4.067625019691894e-05,0.5375519424386862,3.398501683844769e-05,0.0001547661515258077,5.881153367051112e-05,0.00021990198272170186,3.7682947852759635e-05,3.3134058126095556e-05,6.513447353488024e-05,6.307669235618137e-05,0.004200139659900003,0.0002689894444834016,0.0002284478127559647,3.0832748658510855e-05,4.2044836790321015e-05
2.427688117010745e-05,0.47524628100252425,7.6579456776784e-05,0.00010235200789006523,3.792130772192833e-05,2.6971942677918764e-05,2.6955888835603313e-05,2.696878008786167e-05,2.5604356339384013e-05,3.2322689416280906e-05,3.475946484742041e-05,2.8507732545011575e-05,3.2520589821861566e-05,4.209281563585273e-05,2.5768944632599713e-05,2.899109941057049e-05,2.6572364478181203e-05,3.511247103005905e-05,3.261104821750263e-05,2.5784177622872864e-05,2.6858997206592454e-05,2.7928315572422832e-05,4.029686592352122e-05,2.5465102744371843e-05,2.586649921532468e-05,2.942207174183779e-05,0.5220992994092419,2.8989750292391177e-05,6.561722828171111e-05,3.582103474037623e-05,8.907318304711808e-05,2.8605414879765215e-05,2.7502313745146547e-05,3.894805728155615e-05,3.7832230440046764e-05,0.0011913377722174705,0.00010264280275504584,8.71964525195519e-05,2.7726418412954832e-05,2.461505805866984e-05
5.913387592638253e-05,0.4736713864409714,0.00011060260540408427,0.00013580432410095856,6.684012280246334e-05,7.263383460379828e-05,6.827451520071726e-05,6.809820854055892e-05,6.44310954626245e-05,6.315608986454409e-05,6.372733789051839e-05,5.989432443893008e-05,6.17400812513624e-05,7.221133158882468e-05,6.139909245713983e-05,6.935064699803743e-05,6.249299739185884e-05,6.986418189594875e-05,6.69746718603129e-05,6.309907021753255e-05,6.274318415973803e-05,6.342001822673344e-05,7.253811795936033e-05,5.673410243682242e-05,6.736323966908789e-05,5.941962082806752e-05,0.5227940742526718,6.935623150058303e-05,9.235662491296131e-05,6.795095244693196e-05,0.00011841441931454602,6.936125439990497e-05,6.935940597260514e-05,7.090695735674049e-05,7.047499483178607e-05,0.000803902633593384,0.0001311085009306353,0.00011165689300669035,6.428570807087488e-05,5.3458038842758344e-05
4.985281511809577e-05,0.46735886326084897,0.00011259102237583528,0.00013484112221499376,5.871135162510241e-05,6.248466605082213e-05,5.659846927022212e-05,5.7449254320415515e-05,5.51343334024808e-05,5.4400276831154335e-05,5.533663594327936e-05,5.0754733042281324e-05,5.341560445427122e-05,6.203250726896855e-05,5.3087851590763186e-05,5.8417497352867684e-05,5.408508127279445e-05,6.069480353064459e-05,5.69009983635202e-05,5.3648858002356614e-05,5.452547506416815e-05,5.5613223167185514e-05,6.462969963412914e-05,4.992775616083841e-05,5.731594623426755e-05,5.127115479185746e-05,0.529329756401088,5.890352078682601e-05,8.769086856641983e-05,5.962078023550186e-05,0.00010922111940393278,5.890766234371436e-05,5.6098617691225125e-05,6.276189044639647e-05,6.148246096482543e-05,0.0008901451644086428,0.00012169486958187481,0.00011093741298511027,5.4629615228179994e-05,4.5565218336945605e-05
2.178066327214962e-05,0.48117967787303045,3.4699590544203715e-05,4.462472414629249e-05,2.259282744572255e-05,1.695612593945643e-05,1.5109195286489656e-05,1.5187807545576293e-05,1.5766320580542657e-05,1.9282047997915995e-05,2.0475034167339927e-05,1.7540512506429814e-05,1.8409780440962916e-05,2.461953910559823e-05,1.4606716065535131e-05,1.588868521938459e-05,1.473912839301624e-05,2.0783786230055525e-05,1.8821669260602773e-05,1.4622206675075457e-05,1.478827213804159e-05,1.4994144032063446e-05,2.596312160632596e-05,1.5103352718682645e-05,1.4652732071322514e-05,1.6759602269129334e-05,0.5173168864073234,1.5889620291568272e-05,4.140882969622645e-05,2.3008306582317856e-05,5.646576202751673e-05,1.5752825861558913e-05,1.530450146665121e-05,2.508197359357833e-05,2.4395265714631602e-05,0.0006450114764676682,6.475570648101182e-05,5.636660911489373e-05,1.560621829628292e-05,1.562103839447408e-05
2.9133906406340725e-05,0.4805562420929411,5.147627738919024e-05,6.869393284889404e-05,2.9696052426671608e-05,2.3455381447456393e-05,2.333709600385354e-05,2.3315416826077983e-05,2.2069562371058702e-05,2.6148828372495603e-05,2.7694376086811226e-05,2.368152438820012e-05,2.6318758532220076e-05,3.175476204997212e-05,2.223545960598953e-05,2.5276087083349836e-05,2.255794086516756e-05,3.0347200964035492e-05,2.7399312225714453e-05,2.2325666855350457e-05,2.266538828602355e-05,2.30591465246983e-05,3.290290608335835e-05,2.2185928002831818e-05,2.374060253243491e-05,2.465893686743841e-05,0.5177356129832675,2.501025289500909e-05,4.4838639436886666e-05,3.0258771708083775e-05,6.406819235839341e-05,2.4161208512995327e-05,2.3954827755101612e-05,3.256851107190616e-05,3.1682782169898545e-05,0.0005481920191295473,7.230329149672138e-05,6.0260247132102125e-05,2.3595846163884952e-05,2.111988291507299e-05
3.098039261764411e-05,0.4737418683568527,4.462183508869046e-05,6.238787965403186e-05,2.8194187703254742e-05,2.4247492979659746e-05,2.285633631464106e-05,2.2860006692087353e-05,2.265658988345583e-05,2.5082262567465777e-05,2.6456847736897613e-05,2.2981423349259737e-05,2.4448198549834553e-05,3.1724251977097916e-05,2.235746759580406e-05,2.489863220707572e-05,2.2589768276736493e-05,3.0262188444223577e-05,2.6512699636582196e-05,2.2249257593113896e-05,2.2635900878928293e-05,2.2792928077260416e-05,3.2959386621074904e-05,2.3364705423783713e-05,2.3618259747953476e-05,2.142781667417643e-05,0.5245916092520995,2.489704923159325e-05,4.464102946341106e-05,2.9698824271176114e-05,6.327188686690546e-05,2.344907196158492e-05,2.3363828927057223e-05,3.200770162595129e-05,3.118751680135606e-05,0.0005321945920518565,7.125203136035744e-05,6.121242999269555e-05,2.2986489005943458e-05,2.119322319724886e-05
3.714118585978323e-05,0.4746198862363063,6.23939254332843e-05,8.667451503296829e-05,3.8825114324375936e-05,3.1411752946536806e-05,3.1120049814625115e-05,3.1164632023952124e-05,2.9439368793195784e-05,3.478729135764777e-05,3.545537446473708e-05,3.1598979499896466e-05,3.3804149538562445e-05,4.321162750040875e-05,2.9442996289472244e-05,3.4070159667795984e-05,2.9973776924122515e-05,4.154706082617885e-05,3.693900984720373e-05,2.9770181001590626e-05,3.0130670116999127e-05,3.068836379272824e-05,4.4799561212961285e-05,3.108027702366825e-05,3.1416519933990676e-05,2.8945202500155938e-05,0.5230933889127835,3.406830439398764e-05,6.378990229704151e-05,4.017890145790111e-05,8.514764391576445e-05,3.141846693300665e-05,3.070682296133069e-05,4.295727714602317e-05,4.2170785903312607e-05,0.0007516188712968853,9.537953571428715e-05,8.474067848440733e-05,3.1256956266237114e-05,2.7458958413098156e-05
8.953622830142097e-05,0.5506911983078828,0.00011322107844958276,0.00013399860270541712,7.529117622367639e-05,7.1556542045364e-05,6.80220112880111e-05,6.854803173726801e-05,6.606087184860752e-05,6.914369610670763e-05,7.147269525010026e-05,6.54966854626757e-05,7.028423107534796e-05,7.789683874295839e-05,6.535574237522106e-05,7.194931291077142e-05,6.593810629077954e-05,7.526575541867488e-05,7.193431749082162e-05,6.543012866626514e-05,6.613082740544949e-05,6.70248576830531e-05,8.454457526077812e-05,7.143693373001884e-05,7.157793276873132e-05,6.734618805030734e-05,0.4454291572104623,7.193325950517037e-05,0.00011007184060576036,7.761559005564262e-05,0.00013420003439387876,6.940017172301315e-05,6.760402745381088e-05,8.243184060201686e-05,8.080111823380734e-05,0.0008928429327425615,0.00014613749246281634,0.00013573249038831295,6.593481566126872e-05,6.047550053866755e-05
3.518573481112827e-05,0.46499336563973803,6.68761802568467e-05,9.547070880846665e-05,4.4139721847814275e-05,3.642389233192081e-05,3.5325441622835914e-05,3.542508871409629e-05,3.362815226801664e-05,3.963549903984816e-05,4.1612215375090017e-05,3.6408366787645396e-05,3.7876175030115924e-05,4.9736803549604866e-05,3.4164526390948564e-05,3.874841456802981e-05,3.442163838497256e-05,4.771932037726679e-05,4.160413173387039e-05,3.4092655986850226e-05,3.4454418783242085e-05,3.471208679860816e-05,5.175166157579224e-05,3.350434266664604e-05,3.628865016696737e-05,3.3285302535292104e-05,0.5323714737258425,3.803293068004477e-05,7.294129681416552e-05,4.5712412645585974e-05,9.976788747310479e-05,3.648583509652399e-05,3.644243599423785e-05,5.008952743345569e-05,4.860021622145928e-05,0.0008878697602843892,0.00011180951774639746,9.87405230349099e-05,3.4971765440044126e-05,3.120539514331153e-05
0.00013547266436677398,0.5533384440485394,0.00014016493977997058,0.00014433653114699104,8.65875378149312e-05,8.956713138670515e-05,8.355417126509772e-05,8.635520966379796e-05,8.14377209632845e-05,8.18354868360446e-05,8.311817136431224e-05,7.629209133867522e-05,8.109798708456204e-05,8.317854759214734e-05,7.745200159116466e-05,8.767637057780425e-05,7.906377920852539e-05,8.566767615213829e-05,8.5829493491053e-05,7.761162798157715e-05,7.929044676442397e-05,8.030423064018384e-05,8.538947605990796e-05,8.635467990275554e-05,8.49865840911302e-05,7.909799894017986e-05,0.4428070868266591,8.767358624999982e-05,9.670370921337692e-05,8.722527848701313e-05,0.00010081844176589609,8.646411591094492e-05,8.307669560318144e-05,8.48371364550377e-05,8.629114644583142e-05,0.0005366590664584149,0.0001065084062755219,0.00010197561900448353,8.272515528753483e-05,7.178821164029148e-05
5.010261820138462e-05,0.48593804314936584,9.161286200364188e-05,0.00011255536498819929,5.944609652067447e-05,6.252541128105113e-05,5.668871406657876e-05,5.7703212304041866e-05,5.556160901989212e-05,5.463989318817867e-05,5.6185515800499593e-05,5.159597193361167e-05,5.204293014230712e-05,6.219043935066034e-05,5.268848217124948e-05,5.843293053066601e-05,5.3207798345328756e-05,6.0654600373913005e-05,5.4451602472416707e-05,5.2571232373327966e-05,5.3239799417619846e-05,5.356340105622181e-05,6.45901491822998e-05,4.9149677957571355e-05,5.734626179122039e-05,5.3544855929745965e-05,0.5107638447629425,5.8934020832269085e-05,9.348466668397059e-05,5.9600756761293264e-05,0.00011186031200035917,5.7039282908744365e-05,5.333753457656832e-05,6.275307947358746e-05,6.152699704957007e-05,0.0009144503407964639,0.00012418602381554904,0.00011330884069923253,5.516591195157977e-05,4.617288974017801e-05
4.259723341851665e-05,0.4798735054102221,0.00010650482383300966,0.00014103427783150125,5.401824072647229e-05,5.06595096278037e-05,4.9235223877810115e-05,4.959382377010286e-05,4.583639964521058e-05,4.940733336107859e-05,5.0111752875714464e-05,4.469210039141979e-05,4.801733660657266e-05,5.45686578106315e-05,4.4175112057648604e-05,5.1846416240472473e-05,4.519680682698671e-05,5.367317872736455e-05,4.925185763522408e-05,4.4581910573566986e-05,4.535019737862561e-05,4.595717829489788e-05,5.7634791265956935e-05,4.6000876178252354e-05,4.895826579214038e-05,4.658656629979432e-05,0.5158936666579205,5.1844705572082016e-05,7.851656149380428e-05,5.349088153564935e-05,9.93646107056118e-05,4.920883960778616e-05,4.753616139679565e-05,5.636986867771759e-05,5.496927141579337e-05,0.0020818475842640147,0.00011027358096861422,9.731280601956293e-05,4.762274263983131e-05,3.8980446513330294e-05
4.562615909060545e-05,0.4733280393746932,0.00011027365601233082,0.00013117373256124466,5.97009244322049e-05,4.6315110114250474e-05,5.076603132903474e-05,5.1241628861258206e-05,4.4875171948865567e-05,5.3195722580877445e-05,5.546121782553336e-05,4.690521241505745e-05,5.349930591600027e-05,6.1971452629984e-05,4.5826953378845784e-05,5.4105506122289835e-05,4.683643103039115e-05,5.823433976716046e-05,5.417117043476365e-05,4.5918821310133025e-05,4.705610342536119e-05,4.785772000360022e-05,6.087809396309183e-05,4.494566826436722e-05,5.241857072875916e-05,4.666976427807898e-05,0.5231321746360478,5.455097708638813e-05,9.162961942536674e-05,5.6266342657256295e-05,0.00011561390687881188,5.094001436292163e-05,4.9833144401174485e-05,5.916148684580265e-05,5.801444795921303e-05,0.0012481905495883659,0.0001312569178438428,0.00011802048889918218,5.024512770042378e-05,4.0138497186113115e-05
9.514659892976168e-05,0.4607480350516964,0.00014761690495795695,0.0001943789227401583,9.720390596281415e-05,0.00011517969642879657,0.00010794006985422215,0.00010793956755443227,9.978856834927414e-05,9.632577594647568e-05,9.460277473638422e-05,9.1287597890316e-05,9.092694707459131e-05,0.0001016787125162056,9.343964858956904e-05,0.00010731130013568061,9.532831323719446e-05,0.0001072031199789465,0.00010287176683951588,9.937715483437345e-05,9.615681490616938e-05,9.813319793670303e-05,0.00010794115055680906,8.688341546552544e-05,0.00010192546489610153,0.00010003267893674169,0.5342773680652741,0.00010794328143422916,0.00012566189944787266,0.00010167640477920334,0.00016005105567633955,0.00010244820343915167,0.00010794908802182279,0.00010516641320087989,0.00010489232888909922,0.0009082339926592013,0.00017559044331810926,0.00016257816527526423,9.589156663487611e-05,7.98939709986126e-05
4.071569743237664e-05,0.46980454312874526,5.3499601195198724e-05,6.268843742093936e-05,3.230453619999569e-05,3.100959792328652e-05,3.1486860385731536e-05,3.210060909700833e-05,2.8617790094905093e-05,3.0257407167485578e-05,3.0926051455073534e-05,2.7287967703364257e-05,2.97439401477841e-05,3.426873240601972e-05,2.7697233672256006e-05,3.223214599631297e-05,2.8223234005671764e-05,3.4158889879511185e-05,3.1868802670699e-05,2.7549004065263883e-05,2.836132307907353e-05,2.8372436548436027e-05,3.401489201758705e-05,2.8183312409218965e-05,3.1740217022554486e-05,2.7428853320651047e-05,0.5284579286000041,3.240632110279802e-05,4.636343119930193e-05,3.19214961559672e-05,5.523061858442316e-05,3.0614652125718614e-05,2.9425711315302745e-05,3.35764911890437e-05,3.311524463625427e-05,0.0004503654471393286,6.0670894458010365e-05,5.492072018935633e-05,3.0355042502249326e-05,2.3824627336495096e-05
4.365015686005542e-05,0.4883866441264863,8.652871465156538e-05,0.00012100226702246923,4.978580382609963e-05,4.03440942635788e-05,3.95673130794744e-05,3.96254795642345e-05,3.740418357005483e-05,4.3809120043791795e-05,4.625079485904194e-05,3.935324033562779e-05,4.253955470631835e-05,5.6927405401423584e-05,3.757064862517717e-05,4.266859331957172e-05,3.77736613059777e-05,5.3089879453285125e-05,4.703495827526534e-05,3.720560704701422e-05,3.7764572258138824e-05,3.792412656172989e-05,5.706846034020572e-05,3.926440655626523e-05,3.9491963634409435e-05,3.744281342824957e-05,0.508404906628251,4.2851558197648965e-05,8.192388551296347e-05,5.1053626590470374e-05,0.00011348390696896807,4.010804815551352e-05,3.9765777577728907e-05,5.52569018029304e-05,5.3623437175318405e-05,0.0012277596920654671,0.00012872420914087748,0.00010877467825359459,3.9237071584141586e-05,3.479863324794003e-05
5.4742507692612104e-05,0.5163234587772975,6.739024809152245e-05,8.002062456329984e-05,4.116890624947476e-05,4.460928038143227e-05,4.6506413575994427e-05,4.6506849270591655e-05,4.0777858525421144e-05,4.500191200408061e-05,4.200287231247052e-05,4.097988052827009e-05,4.2552878474133384e-05,4.200464705019471e-05,3.953722914064063e-05,4.650760462359068e-05,4.0356870465003345e-05,4.52694067505648e-05,4.499266530148746e-05,4.0227676145038206e-05,4.0580525179430646e-05,4.137272442262806e-05,4.3146919077446266e-05,3.678293965462212e-05,4.6241444135470175e-05,4.267728953292273e-05,0.48136917559102704,4.602551453186986e-05,4.51288509921507e-05,4.3267762453741844e-05,5.4243461610447365e-05,4.5101102877509714e-05,4.284109059469429e-05,4.302186980792959e-05,4.304625990347765e-05,0.0006116333062345632,5.9127911900059694e-05,5.387268948497383e-05,4.1177496937680014e-05,3.692014119794068e-05
3.4486997015342364e-05,0.46042356352716174,5.7477031833830106e-05,7.237033230179731e-05,3.278326264484804e-05,2.8949319229397447e-05,2.787947170232905e-05,2.843537144175262e-05,2.689892495602783e-05,2.886238564467686e-05,3.039409417529808e-05,2.6162476978218635e-05,2.871422344279674e-05,3.794252313619042e-05,2.5713782588858137e-05,2.9470161545501332e-05,2.5978302345744115e-05,3.4504839147340414e-05,3.113329179737241e-05,2.575053647457695e-05,2.602838635254889e-05,2.6245279751271116e-05,3.6234808275592425e-05,2.7016003154291898e-05,2.8072896997936152e-05,2.5225070190790368e-05,0.5377813636191354,2.9468721221004786e-05,5.5138100003993e-05,3.287964310243571e-05,6.897260786916488e-05,2.7728641144162368e-05,2.7076641052102487e-05,3.521890201850591e-05,3.4432560328824665e-05,0.00048264457125227704,7.770194066357054e-05,7.00307870989417e-05,2.7468569095793004e-05,2.3581395727800785e-05
4.616795094329268e-05,0.48780304226081184,9.120948561000235e-05,0.00012765996426110693,5.2760203210970976e-05,4.353915424580551e-05,4.240114733435814e-05,4.238665992474195e-05,3.9921534354689667e-05,4.660241832843705e-05,4.850226766929846e-05,4.1490648405131044e-05,4.678704142590727e-05,6.0253064724012656e-05,4.0259965323083074e-05,4.6104947857342885e-05,4.040071928234069e-05,5.660360879482614e-05,5.0193973515725755e-05,4.0002595289997954e-05,4.0408797423792386e-05,4.068812531109005e-05,6.0683304246387986e-05,3.929974915367082e-05,4.3740562494685715e-05,4.006862195500567e-05,0.5088294030147686,4.6107576465095335e-05,8.845119085821886e-05,5.4098928672225914e-05,0.00012005018080322092,4.3075396019360056e-05,4.278616860958416e-05,5.87277289934611e-05,5.6779671707488554e-05,0.0012558561438184394,0.00013599458141554894,0.00011797015263241426,4.2562322895134496e-05,3.6958170443484915e-05
2.5701105875838665e-05,0.6892476552905835,2.8827962404917763e-05,3.189220772236122e-05,2.850730048340745e-05,2.6827375629695916e-05,3.0224768442396575e-05,3.0224824956690535e-05,2.739324457353704e-05,3.009373466535523e-05,2.8897097975089797e-05,3.0133949372436223e-05,2.7440488096615515e-05,2.899582541720552e-05,2.663563232617116e-05,3.0204215962943432e-05,2.7638809483209554e-05,3.0101034348928062e-05,2.79489463863413e-05,2.645045630372087e-05,2.7758286480076794e-05,2.884568870423203e-05,2.8533389357613645e-05,2.4954370506882846e-05,3.022496325321988e-05,2.8960770585235704e-05,0.30955914623472297,3.0225538921850007e-05,3.0350134296328638e-05,2.919150043918154e-05,3.220904681883819e-05,2.8942083284197696e-05,2.725523046046988e-05,2.860048592072703e-05,2.8709498641816605e-05,0.00012543746661168717,3.3067513484817045e-05,3.038991327971205e-05,3.0225920157029313e-05,2.5177693062739912e-05
5.203069985918757e-05,0.35204310071124745,0.0001433830424964214,0.0002144594275988631,8.177803794562218e-05,6.354110420775464e-05,5.691750950979389e-05,5.7090416187170194e-05,5.831391108845606e-05,6.63237276493209e-05,7.13277317431337e-05,6.082159963240323e-05,6.867536624323584e-05,0.00010292875942451564,5.6553020827639417e-05,6.071947456003105e-05,5.680421495563956e-05,7.87293149440232e-05,7.28608160861383e-05,5.616140797648153e-05,5.674655461643667e-05,5.682702495474547e-05,8.522352196392718e-05,5.90281696058025e-05,5.551392792480906e-05,5.444601968379867e-05,0.6432423894476474,6.0716408513640714e-05,0.00019106163569898092,7.385568801595743e-05,0.0002418685086793664,5.842980245490468e-05,5.8397581107727384e-05,8.166348785048804e-05,7.870252140450626e-05,0.0013645038051618452,0.0002858650543847312,0.00025984995218928075,5.7891970864094764e-05,5.449862309421692e-05
0.00022505531897277107,0.406135212142551,1.2524408280447611e-05,8.142358317815568e-06,4.242383440519581e-06,8.481563941826567e-06,4.611187281949071e-06,4.611444200722633e-06,6.4781300479798385e-06,4.2433402000025485e-06,3.404432075422616e-06,9.822706506767859e-06,4.132996542571748e-06,3.3051093415247617e-06,5.5072524093312045e-06,4.520701483565205e-06,4.368818524986666e-06,4.428816389868473e-06,3.3048109581147758e-06,4.800404525313301e-06,4.11487216401294e-06,3.084764553302014e-06,7.249072435459272e-06,3.621017464803872e-06,4.611409706916833e-06,3.6466258536959e-06,0.593406764146132,4.612296370882079e-06,5.00682858198571e-06,5.4318232265389455e-06,5.955389275038379e-06,3.4641614141346475e-06,3.1517496233238024e-06,6.7088933618907324e-06,6.296344377294801e-06,4.364655224554238e-05,6.0682201460096e-06,5.798064506717805e-06,4.612741739107583e-06,4.95670082888562e-06
2.2745551407574483e-06,0.3420289278341307,4.9587265254112056e-05,0.00026507754584129025,4.38584232099032e-06,3.1463031421953855e-06,2.5941468536814934e-06,2.6205068643042446e-06,2.8909066450014908e-06,3.3378000205554534e-06,3.5744493752811024e-06,3.1529874021318495e-06,3.2436259053629574e-06,5.225017238588145e-06,2.663941241485491e-06,2.745017241483715e-06,2.6513441930634267e-06,4.879456753455529e-06,4.08053329244327e-06,2.6236501818622384e-06,2.6436209339317024e-06,2.6232872465220963e-06,2.9596615388778533e-06,3.3342019625219996e-06,2.5348355611277033e-06,2.7818162038229922e-06,0.6554140001798002,2.8087826126645665e-06,6.826638853141011e-06,2.807347350620898e-06,5.41908701821959e-06,2.696060291369326e-06,2.640798479457277e-06,2.8868338890601305e-06,2.8850854281846013e-06,0.002122443440989678,6.421720269844277e-06,6.334588795945034e-06,2.682224510704476e-06,2.5870592252146995e-06
2.425799652177508e-05,0.40910520206891027,5.175330239296771e-05,6.316196085697389e-05,2.7865052290336447e-05,2.8341009211234845e-05,2.6492568358322188e-05,2.724845477910663e-05,2.5934293588083385e-05,2.5672989685660245e-05,2.6209725667219812e-05,2.393710619100415e-05,2.5266913919725405e-05,2.925337430185598e-05,2.4916216789549596e-05,2.793951813245601e-05,2.512040093590681e-05,2.8002195185543388e-05,2.6183948660031237e-05,2.4673116281316745e-05,2.5176716625754266e-05,2.5439557026928094e-05,2.866104054567825e-05,2.49851521467608e-05,2.6470516365627207e-05,2.2990304783207632e-05,0.5895018194332305,2.809175292747749e-05,3.856695639288681e-05,2.7023363556610396e-05,4.669932263094658e-05,2.676111287431785e-05,2.675884163549552e-05,2.801272311174041e-05,2.788273305900152e-05,0.00028032392570653255,5.1683601591840755e-05,4.7754983113131604e-05,2.6278409084421524e-05,2.1187340931816604e-05
