0.029388134734735918,0.06939467671950947,2.0614992772182984e-15,1.00577979891108e-15,1.675423875216591e-15,0.015568514007863948,0.005160739497245446,0.00160682468179716,0.020422628943849563,3.106770054504016e-14,8.838119595279475e-15,3.4215584776729674e-14,1.1066406405393185e-14,3.19112907061018e-15,3.911784346332964e-15,5.923351252671209e-14,1.495512659419193e-14,2.9082588618701587e-15,4.584485411008664e-15,3.839718156215735e-15,7.987495802080914e-14,0.044389809758419635,1.9964764297944046e-15,0.0740118287037769,0.012400888436649002,0.005037138348729476,9.026889041397191e-15,0.028183024926708163,1.927104886461381e-15,1.30121063229108e-15,2.777240741702571e-16,1.5470560150063932e-15,9.438992360762122e-15,1.6812737866901476e-15,1.5642256385432502e-15,9.836121705914893e-16,1.505348529479494e-16,7.827911755152048e-16,0.12947524363430898,0.0717921084855372,0.1371266622990463,0.10827906235286756,0.02482402587963656,0.012644263257125622,0.07087545132428415,1.0855700280163298e-15,5.2261810204681636e-15,0.08623152120382485,0.011768613056663295,0.01448327743273962,0.020654976395588952,5.335518375362855e-14,9.17518451778232e-14,3.936568525796514e-14,8.957047103136074e-15,7.678550855475865e-15,3.501766841688176e-14,2.4754561649165126e-14,3.4621613770390675e-14,8.029902405539658e-15,4.903846437539017e-15,3.1678528345985387e-15,6.878958988605693e-16,1.0844214809832868e-14,2.1669270696293603e-14,0.006280585909484323,9.333541806638004e-15,5.587514964297097e-15,7.128327914820126e-15,5.763999238801928e-15,7.461922918085245e-15,8.87091066485548e-12,3.8736180522764415e-15,4.604250443013322e-15,1.2781171367917283e-14,6.3651114329797354e-15,5.0351949396898116e-15,1.2420180683188872e-14,1.2207100967618986e-14
0.035910099686300934,0.06818550443260654,2.2053260776762738e-16,2.646981776748353e-15,5.994704868904958e-14,0.01611232852605686,0.005160609964088971,0.0016362405593579247,0.020887755443907297,2.428311518340095e-13,5.820602920791016e-14,2.9280882755302346e-13,8.41749483594484e-14,1.0745903012924649e-14,9.563441347459429e-15,3.7683153451424957e-13,5.939592299785904e-14,6.1962270960049826e-15,1.2464017985049726e-14,8.786529723491384e-15,1.5533424430362774e-15,0.04191382129558077,5.695982382940595e-15,0.06911995753108262,0.011304842241124213,0.004765059761862318,5.1935462575211965e-14,0.04068355104511701,1.2836331924522222e-14,1.0184466022069494e-15,4.679672542349531e-15,1.780181472117697e-15,3.2839945044665354e-14,4.380880141450672e-15,2.677906512821149e-15,1.5264694565039813e-15,5.165347985087996e-15,1.6192454351817795e-15,0.1325654784949777,0.06654834283383634,0.1372898973000593,0.10316549659351924,0.02291565626244897,0.012557881927217764,0.07137419622817523,1.2243230621411107e-15,1.3736809075740604e-14,0.08671979137760487,0.012580376645838129,0.014462892636385796,0.020681622364719036,1.7847336095538348e-13,2.4297395464566446e-13,1.5607799433377553e-13,2.549252705138949e-14,1.93444910787667e-14,1.0391686947953676e-13,7.779589635834013e-14,9.778324140555033e-14,2.0648344957356575e-14,9.508144224209081e-15,6.993641486199669e-15,9.214037472609844e-15,1.991485720580632e-14,7.88139178248017e-14,0.0034585968436352623,2.5129842947697117e-14,1.6137784772338506e-14,2.538912575520532e-14,1.7640984958412582e-14,2.4277891539552715e-14,1.6917381631115106e-12,1.0453909379853129e-14,1.412082583376882e-14,4.902473682347837e-14,1.9807197426354943e-14,1.3071065716542185e-14,9.42221297800918e-14,8.135588393630283e-14
0.0037879184121399822,0.06845543907341232,7.614821179897746e-13,6.807911343644857e-13,1.3126144433200344e-12,4.0600684745521964e-10,7.96780653640665e-12,8.394996650159916e-12,0.031104007461661257,2.684857870889459e-12,1.793099160410793e-12,3.961880385149908e-12,1.8406148630017228e-12,1.0730049002004657e-12,9.80923388912236e-13,2.596241578414822e-12,2.176590450120604e-12,1.2199812901343493e-12,1.3347977802989005e-12,9.021371225109931e-13,2.8429829484553353e-12,0.018455740161011612,9.514178188874709e-13,0.0940890889404454,2.864800979462586e-11,3.0710628871219176e-11,1.5545395299497972e-12,0.02790053842591191,7.865999868036894e-13,9.107672138192563e-13,6.550343175137039e-13,9.30982470519966e-13,1.3570960850913457e-12,9.37874356914238e-13,9.3822659419514e-13,6.897088167298079e-13,6.435949826879378e-13,7.135998736172079e-13,0.17709597205804167,0.07337864169172909,0.14960698423963878,0.1339245034411069,0.008534481496010774,0.005139073821430913,0.0020258644521390545,3.7941038647671146e-13,5.683718837924333e-13,0.16889521181028214,4.0227543959261167e-10,0.01843785860949369,0.019168674884902703,4.581567911143359e-12,5.103445182399085e-12,2.9496659163503617e-12,1.651105142666211e-12,1.4331351998217413e-12,3.5374203079560896e-12,3.0415704894341113e-12,3.0838345417103004e-12,1.4639781938717765e-12,1.1316920608194454e-12,9.03733261024691e-13,4.654875763390196e-13,7.849791397703516e-13,2.3763421095509625e-12,5.0376486301632534e-11,6.197232292374498e-13,1.173799552938704e-12,4.701423229639152e-13,1.0686380740340228e-12,1.2073907952008847e-12,3.047798281999233e-12,9.914520902028762e-13,1.071766772107089e-12,1.4462956715489164e-12,1.1126901878838898e-12,1.0172431306206745e-12,1.7200388835805264e-12,6.271875886628823e-13
0.0033418068406762358,0.07562486686691529,2.8105985751846173e-14,3.616010663243932e-14,1.437355124308834e-14,2.3744980629490586e-12,1.3222492422373515e-13,1.1133725633854217e-13,0.02530306138959965,7.517756911667214e-15,1.744330971663031e-14,1.8053910912078255e-14,2.802698215970673e-14,2.730484874183872e-14,2.54359303020767e-14,2.5404155395162776e-15,5.1974194215152465e-15,2.5707577673663518e-14,2.2919064237508925e-14,2.23507981665004e-14,2.064590704277799e-14,0.01202481638956915,1.8728364765382916e-14,0.09004334685385715,1.6274861100551154e-14,6.312568204052637e-14,1.6696332480467433e-14,0.033107049059474536,2.4828670511089374e-14,3.640064739124727e-14,3.7982975769708947e-14,3.2668272022352345e-14,1.2199243656382948e-14,1.5508705227647276e-14,1.9140892129961926e-14,3.54760677271091e-14,3.7887289820457535e-14,3.5738531964491074e-14,0.1721504290997237,0.07596527476791601,0.1623629895087802,0.13288184118282406,0.014559348046744613,1.3102581472361228e-08,0.007593301801948859,3.3161348337846013e-14,3.050595109598924e-14,0.15985569375117464,1.1550808749744876e-11,0.016942631340917922,0.018243529981722628,4.641548667252665e-14,3.503387365536005e-14,2.4134555682964543e-14,1.7654583546219412e-14,1.7041141904893533e-14,8.01331271035892e-15,3.068530647846961e-15,1.7080383333194445e-14,1.7959383914901943e-14,2.256857387795755e-14,3.736161301669804e-14,2.7935547184085e-14,2.1002237614725452e-14,3.12255391006336e-15,5.2583608794750536e-14,3.989385046722778e-14,2.2019722122382505e-14,3.379977631203866e-14,2.2556734152253425e-14,7.863168945015965e-15,3.347460588265139e-17,3.5393142957658576e-14,3.088747579430285e-14,1.1645112394439757e-14,2.1552240551680317e-14,2.6249597902009044e-14,1.2123979707498018e-14,2.2195087259684876e-14
0.03400947103245315,0.07474793176311813,1.9062679636995912e-13,1.2104944706976441e-13,8.788110945150143e-13,0.018505756282355,0.004009054055296175,0.002861018747560562,0.02362997794031644,2.0267257376903038e-12,9.545301276713562e-13,2.018666195747207e-12,1.182563098513468e-12,3.9474735661234827e-13,2.0418266182480624e-13,2.796222174373617e-12,7.715538969720421e-13,3.170132144862184e-13,4.88172153641144e-13,2.0114420231291129e-13,7.247951165423803e-13,0.040272030199895316,2.6877698813921495e-13,0.07465844650173127,0.00741032965612332,0.006483722388868838,7.154237432253251e-13,0.04103884506029413,2.435397477728136e-13,2.0286223414832195e-13,8.249275961292188e-14,1.2880643873160104e-13,4.889081700133559e-13,2.473960537752788e-13,2.3151843812616746e-13,8.352082093629126e-14,7.592307083746994e-14,1.2592228461507008e-13,0.12753308763708945,0.07026098802539747,0.13751219801421746,0.10136578375307387,0.023643609832305332,0.017726688093431805,0.0665370808172714,9.605385324777116e-14,4.2635002520741353e-13,0.08104927814682017,0.007529607163895267,0.01214417396324593,0.008116675550637588,7.307706415626147e-12,7.21939047331663e-11,1.2662923479381578e-10,1.0379458919274974e-12,1.0715268882334493e-12,7.042527480093665e-12,3.639362352475106e-12,1.3958237257452874e-11,1.1249052091283126e-12,5.930659908380095e-13,2.268288141706243e-13,1.2166365676606513e-13,4.2683109583419256e-13,1.6291293922407757e-12,0.01242948626533738,6.433948494447889e-13,4.637057167368587e-13,4.277104981197552e-13,3.954343603697077e-13,7.590946230367171e-13,0.006524758848540972,2.52028940639695e-13,2.8238393462722496e-13,7.856485112307158e-13,4.27181325122642e-13,3.820142184629789e-13,1.4202100207527804e-12,7.935871126195136e-13
0.001810115867365997,0.06778407609439371,1.4864147792618015e-15,1.7987489436818924e-15,1.8695935397888837e-15,5.757788414921815e-14,1.089631174961848e-14,9.499923837863526e-15,0.027268366739395783,1.0775816871168648e-15,2.8027797062229437e-16,2.5799266490814808e-17,5.709576498401628e-16,1.3210462075730232e-15,4.1531951151087014e-16,1.1583703470625723e-16,1.2196266470775305e-15,1.2113243831512636e-15,9.97938360176557e-16,5.0622880401451175e-17,1.715781080255531e-15,0.004181731052747639,6.917606672949819e-16,0.10247991837358453,0.002963078803726636,1.3033273077462012e-15,9.891472619030005e-16,0.003208146734792016,3.932348000470496e-16,1.1973273888621602e-15,2.0239865307669608e-15,1.3647699690758829e-15,5.846948059527153e-16,1.8392190753759195e-15,1.3324490764902716e-15,1.8221169493362318e-15,2.019057582178202e-15,1.9622313862577268e-15,0.19684178858072607,0.0903851939019972,0.1568421676421421,0.13558051835940635,0.02065954896227757,2.866199266333712e-14,9.898615061268745e-15,1.8664711856777226e-15,1.560313339631551e-15,0.16960164979416534,2.7502030919582784e-14,3.9962074413715475e-13,0.020393699062125112,2.652106790206718e-15,1.1380130544241769e-15,6.466476632794412e-16,7.164514254901657e-16,1.0016207555911157e-15,3.511866645809528e-16,1.2312388656645884e-17,6.119740638276768e-17,9.995310522028638e-16,1.5680579369101954e-15,1.932141921015688e-15,2.1900457570046657e-15,1.7581219278359182e-15,9.70280367259666e-16,3.054743199826228e-11,4.892808390221523e-18,5.714448960338798e-16,2.0001294168844886e-15,4.3892833510190517e-16,3.6293972854400415e-16,2.17275609080156e-16,1.911111787362247e-15,1.7769983738156908e-15,8.503452207483589e-16,4.229667288937961e-16,8.748159968704682e-16,1.0757894953311427e-15,1.1059298440508665e-15
0.01264077408936041,0.07023248461106102,5.353344059779197e-08,4.928503057492558e-08,1.196338232222783e-07,3.030411523468614e-06,3.8702053492419597e-07,3.206615347949821e-07,0.029898920823459064,2.2960313578795018e-07,1.1457715836394267e-07,2.2912419686723323e-07,1.2225737144796132e-07,7.048870759400332e-08,5.5248423211770776e-08,1.5478747445193628e-07,1.0964146874963813e-07,7.555649539514615e-08,8.26706911778462e-08,5.0718626358557384e-08,1.4370691835408142e-07,0.016974398830352372,6.33578358533956e-08,0.09986159307037036,0.004411102795379037,0.00032554347565806174,1.1296734594666355e-07,0.01720446125333022,6.347906397191103e-08,6.077928488941872e-08,4.692486293824469e-08,5.373131554153288e-08,6.674742457583588e-08,6.502924701720549e-08,6.531699713413463e-08,5.0409579224630445e-08,4.6361274728866414e-08,5.089165458210445e-08,0.1731856336287407,0.07796271008453867,0.1566319641237764,0.13368874577809986,0.012777911985464985,1.8798143785250762e-06,0.012599916229660784,2.634135435707265e-08,3.4043193962573675e-08,0.14386758970537533,3.706458808971557e-06,0.01707538836186827,0.02064499247439466,2.0482186568112547e-07,1.99647263382885e-07,1.9119163092996315e-07,8.085092300477606e-08,7.567585584101021e-08,1.4673613607788506e-07,1.2841824407451364e-07,1.9747949310266503e-07,7.663000533866856e-08,5.941908640284657e-08,5.297640818949445e-08,3.3332748956363127e-08,4.3439410469730976e-08,1.2453947488534269e-07,1.5259664082399098e-06,3.887257222930269e-08,6.408043066715551e-08,5.143183368368191e-08,6.237084918255992e-08,7.293894537411191e-08,1.7276525879358804e-07,5.678566726582358e-08,6.034570156252287e-08,9.992503565599947e-08,6.474982632987763e-08,5.798686712627987e-08,9.935050869558693e-08,3.4370481173666385e-08
0.0066041193833408385,0.0739512358675581,2.0240268704059747e-15,1.5622432518146222e-15,6.0937974100417104e-15,1.9464127501155592e-11,1.550119649434377e-13,9.885273709587527e-14,0.018973945929810238,1.2215020329370708e-14,6.2467167209296896e-15,1.1145378792829583e-14,7.117636893260056e-15,3.4244990580792248e-15,2.3406504790551282e-15,1.0838572037643129e-14,6.730490056919793e-15,3.737221993764272e-15,4.4759279525905006e-15,2.251321395994606e-15,9.929422891322612e-15,0.02001058051004212,3.0904536949705227e-15,0.09610888016785483,2.2550441936377592e-13,1.1853549557948162e-13,5.585333968853732e-15,0.02378347999154278,3.150320947769525e-15,2.4793573559428057e-15,1.435315472381804e-15,2.096333102029141e-15,3.9009585483940745e-15,2.840903608599841e-15,2.7136812383282414e-15,1.5853189507832956e-15,1.3992901505626766e-15,1.8061703959925206e-15,0.17734501992123047,0.0931266705722059,0.1471082661176933,0.13143980817834655,0.015908882116403913,6.871626210777637e-13,0.014426225104191882,6.622223829803578e-16,5.057951958129081e-16,0.13946450679574252,7.772452693400851e-13,0.016797006523917576,0.02303063382250637,1.6483977060383494e-14,1.4198266708809587e-14,1.2399774852645343e-14,4.447434835545706e-15,4.120577699987927e-15,9.433507120300907e-15,8.186476659541875e-15,1.188349562054684e-14,4.18812156570451e-15,2.9157518936137787e-15,2.6787910259953927e-15,1.2206119729096024e-15,1.9534653450712478e-15,9.72554362709682e-15,0.0019207389757939894,1.3862923423476641e-15,4.08285273236161e-15,6.451503888779792e-15,4.428509660570962e-15,4.918740429310538e-15,9.72173392852847e-15,3.084236680014213e-15,3.4284520081839645e-15,1.042867560113833e-14,4.67915246099571e-15,3.671409487538211e-15,7.571823138392037e-15,1.2888501444183464e-15
0.005498064094119671,0.07651772434709693,1.0622608385299055e-12,9.425526796490198e-13,2.269982180436042e-12,7.805897148478729e-07,2.9230772450762774e-11,2.109772518911865e-11,0.018775838590364028,4.189989747749805e-12,2.4531653404213457e-12,4.364203187474705e-12,2.631303113207016e-12,1.5126925284535456e-12,1.0848381001274064e-12,3.715160779588471e-12,2.3280255858804987e-12,1.619255489846334e-12,1.827832227766234e-12,9.965850431183225e-13,3.185253197794636e-12,0.01372515870808142,1.2190105294466035e-12,0.09690959982540352,0.003893308213874029,1.966759059251514e-11,1.7998993686355131e-12,0.024552715047375984,1.277676588021114e-12,1.0902561831951462e-12,8.689293031199592e-13,1.0827144933495068e-12,1.3600547092176697e-12,1.1777116902061058e-12,1.1494432914406144e-12,8.835974666228691e-13,8.659944656839394e-13,9.699070802375598e-13,0.18154759171945206,0.09114838196343997,0.15059912686526475,0.12630341014992666,0.0181565609517557,9.36788494344207e-11,0.012605747678090518,5.198598031597854e-13,6.41962139235618e-13,0.13993599038539228,1.1931038623592538e-10,0.01544210996537451,0.02417850566050293,5.0073928622403535e-12,4.618578486707476e-12,4.097001544280196e-12,1.7233144001117907e-12,1.6445028542144292e-12,3.235487090425648e-12,2.8428709739401693e-12,3.946596061660169e-12,1.6614379935468277e-12,1.2746952037956338e-12,1.1771738783742999e-12,6.530502496265959e-13,8.976223642889161e-13,3.0542643217921637e-12,0.0002093848543181854,8.002681058003756e-13,1.5083924713731388e-12,1.856398609716809e-12,1.560283098556663e-12,1.6838624074291034e-12,3.2200442421153484e-12,1.2882535844494368e-12,1.3834317565473847e-12,3.1827899587829787e-12,1.6289883412441441e-12,1.3913155584319175e-12,2.3822361206406155e-12,6.563890940528139e-13
0.015325134572010637,0.06445199513523629,2.783900954499207e-14,3.862396466629371e-14,1.3368851100534271e-14,5.349773223490233e-12,3.857036629798874e-13,2.6937039759890397e-13,0.015787747449181527,2.649944288315044e-15,9.948389997913307e-15,2.251931887700502e-14,4.533765403527233e-15,2.7589161283806322e-14,2.8505603851557436e-14,1.4179737635946018e-14,4.436416241907806e-15,2.721829574501903e-14,2.2416109785640258e-14,2.2461434109965702e-14,2.9215726522129704e-14,0.027607740645010655,2.082815670573329e-14,0.09561578330635076,1.2726344464139248e-14,1.2502801844283858e-13,1.3206437378979459e-14,0.020891682134916243,1.7476636028055988e-14,2.7991254805189027e-14,3.838192826073791e-14,3.5272804496621316e-14,1.334937022704759e-14,2.4032918026183083e-14,2.5471418002574348e-14,3.557801767197413e-14,3.878261363678659e-14,3.392241925442438e-14,0.17110982722573748,0.08995336037269318,0.14627332442743465,0.1391504946546309,0.01529725868924506,1.389923554789516e-12,0.011404538816405636,3.391494297879084e-14,5.142809941705304e-14,0.1394038701493684,1.1928530571527498e-12,0.01521016789876755,0.027411357093520026,4.5865845959356026e-14,3.1065756672744746e-14,3.4691638755074684e-14,2.0117301531659648e-14,2.2044944203311187e-14,6.136269295556572e-15,1.3616704174952955e-16,6.060600584312744e-15,2.173935086347792e-14,2.8294818348924083e-14,3.6348466315284224e-14,2.6850863895597042e-14,2.7097662995688115e-14,1.7085202278297287e-14,0.0051057174194607926,4.1735221425528974e-14,2.176740314572364e-14,2.981204935091154e-14,1.8205410435379814e-14,1.5054122510533498e-14,1.4465151598218426e-14,3.4482327158190333e-14,3.268634217388477e-14,2.5829736217234907e-15,1.6988100251628198e-14,2.523816439218013e-14,2.677205391561653e-17,2.3409282025819292e-14
9.320954012777869e-11,0.051378037921238434,9.677577185175136e-16,2.5737295798242605e-15,9.731491823623795e-15,0.002109555247648184,5.819041513653979e-14,6.394111247867977e-14,0.04787169538897117,5.493969798378679e-14,9.79275667583778e-15,4.866233497721163e-14,8.860844903992216e-15,5.078424393229862e-16,3.3547037052442594e-16,1.132137346669111e-14,1.3800712509264969e-14,1.7906321990431907e-15,2.574939503481329e-15,2.7424392677982953e-16,1.829296972703914e-14,0.031521258699492384,5.112168509835148e-15,0.0740306149443207,4.263849452316752e-14,1.0485860703537445e-12,4.822381500021224e-15,0.0184917905734976,3.750807417207696e-17,3.102946616132089e-15,2.871436864151813e-15,3.739698739274294e-16,6.8873683787663896e-15,9.351392849038623e-16,1.134208707145242e-15,1.9700569194601632e-15,2.9828747299296212e-15,2.1375010872367835e-15,0.1807911516053592,0.09102585863069508,0.1377060535221186,0.16149057389857127,1.7892994525033445e-12,8.193498842511364e-13,0.011591675751221624,3.992423957816788e-15,4.598717814555488e-15,0.15645912415872915,3.583723471403201e-13,3.4694247344185626e-09,0.03553260609070815,2.921834580087277e-14,3.5541305540363104e-14,3.055139933691747e-14,4.426795386896861e-15,3.433882461173429e-15,2.0398348159995088e-14,1.5675953972426398e-14,5.17561941331326e-14,3.480722013437857e-15,8.308859433508225e-17,3.0969165066030625e-15,5.963576580231621e-15,2.066132112881362e-15,9.882880637413372e-15,8.686024443769094e-14,1.8618123651397192e-15,3.28796164493414e-16,1.863903451224438e-15,8.745346877958686e-17,1.6891592007220751e-15,6.114609609698443e-14,2.7142464269795977e-15,2.1042118820491183e-15,8.875650147280899e-15,9.397963050568539e-16,8.527394287780865e-16,1.5230987909854688e-15,1.8684039610022172e-15
0.0174578415911204,0.08553732929605705,4.528309399751887e-14,5.794772519173666e-14,3.4068833198343514e-14,2.15749976099361e-12,1.1894011113439588e-13,1.7371979063380909e-13,1.8329948258181014e-11,2.057278241859446e-14,2.5840303611769043e-14,6.799574109501536e-14,1.2026754593692556e-14,3.979379193509142e-14,2.5123194526841355e-14,2.3995973026035816e-14,4.030679215458604e-14,3.455038031699907e-14,2.9807648803873624e-14,3.148244038818481e-14,9.594261097245296e-14,1.86972238981678e-11,3.35540948482966e-14,0.09531223752469327,0.009234089355850936,8.550864355994134e-13,2.924086190691643e-14,0.04680897886611,8.996534944510005e-15,5.0336627623456335e-14,5.886683569306405e-14,3.6902955561234596e-14,4.1941509087351435e-14,4.934643271805799e-14,5.261865715532261e-14,5.508867070383039e-14,5.961925037560419e-14,5.804239972556504e-14,0.14191787861310162,0.06662178836503534,0.17380578660271806,0.1397731650485829,4.7146803942759155e-12,1.2354443599996434e-12,2.62114775350032e-13,5.678271215421538e-14,4.6930468023306504e-14,0.18295622909680445,9.25691125007197e-13,6.321036083255876e-11,0.040574675526795584,7.723763614580755e-14,8.38387296282413e-14,3.978817518456601e-14,2.195212418712743e-14,3.4506003909483805e-14,3.8878126617796333e-14,2.0682961709118904e-14,5.1494803486945286e-14,3.3628650707076295e-14,4.786446222824392e-14,5.6790357078712474e-14,5.52643035452748e-14,2.600693108941697e-14,6.628893693991851e-15,1.2257409808959214e-13,3.0563884712384065e-14,4.1428339424964724e-14,2.8888167608986595e-14,4.7486633998658534e-14,3.3344538742705736e-14,2.628519203444285e-14,5.4121506958162914e-14,5.0092159632528825e-14,2.3104345377764786e-14,4.3115537241695495e-14,4.903183531099936e-14,3.036150093223045e-14,5.1987232703478824e-14
0.036745542973541136,0.036829143082843165,0.0019289123053075493,0.00022382644563865688,0.007041277346200344,0.01597970737314347,0.014791866973726697,0.013387668860463144,0.01701322673399291,0.007871900452231033,0.005580571050362533,0.00822510308544221,0.0066292405964166546,0.004969087696952917,0.00996615266304428,0.013224206547872923,0.017301932691215962,0.005069837045795663,0.006049849896019721,0.010365570191867624,0.019201954369847826,0.02603847502917952,0.003056773199745573,0.0407415253524564,0.01474617214746148,0.016368267660583184,0.015534003018489825,0.03120839811272715,0.0032261157479371704,0.0015126731648888953,2.5630391185632184e-09,0.004367622192381064,0.01784550717981729,0.002866953314355553,0.002704716182828033,0.0011670383114091554,2.783252982191857e-09,5.5567564489849435e-08,0.04918812211796532,0.042995035454191886,0.05461296381547776,0.04387173506281673,0.017629718511775326,0.013248987667609857,0.039341895368474065,2.9547410213151925e-08,0.007543919699111196,0.04181562245385186,0.013262200349836429,0.013836287223099895,0.016605201370492442,0.009451671057542072,0.012021621807904469,0.013065568414588237,0.0046926047132674455,0.004996297583145454,0.011216800476339722,0.00975266203534463,0.015512223492189656,0.005106090427582232,0.0015951961199651467,0.001431858132347235,1.2230197903908715e-09,0.0030778220176694827,0.011651535409988431,0.015948119562412058,0.004646891338003319,0.0022631469638939084,0.006267545332570283,0.003397345763855681,0.008662381243486568,0.02219858943987733,0.0024517618092731626,0.003356849010579945,0.009175292239093368,0.004508419862396278,0.002497240149897381,0.017321746739804432,1.1908180570987355e-07
0.028866186132123026,0.05301598572442371,4.278192494956038e-14,3.2341192321979187e-14,9.877763592895513e-14,1.7705876232353784e-11,7.407115110356927e-13,6.650359046534233e-13,0.02539553872560246,2.011011493498348e-13,1.1654633728527968e-13,2.8603065042619286e-13,1.1742357744656426e-13,6.939260338469349e-14,6.591407131236433e-14,2.409402603612462e-13,1.8689124293358638e-13,8.542168477032697e-14,9.418834898932627e-14,5.943134078672865e-14,2.420199836098535e-13,0.03071520062974016,5.811780070491275e-14,0.09918054220387652,2.0022147713717093e-12,7.978083928123124e-13,7.667604818389475e-14,0.0020620185994298912,4.8680614914975483e-14,4.5742097881467796e-14,2.9577891118135934e-14,6.599161600187353e-14,9.77058285887574e-14,5.4213021498556383e-14,5.1978608769768484e-14,2.913162268753466e-14,2.8717220292039745e-14,3.484733941471638e-14,0.16281902463230374,0.0992829757076846,0.1444527449875558,0.12384734267404095,0.027914452834521337,4.7767412116196755e-12,0.004185219275465982,1.1811538947837934e-14,1.2647441856732357e-14,0.1642635305009373,2.474170833727992e-12,0.0011284829761374965,0.032870754357311426,3.492130126549547e-13,3.874114435572403e-13,4.199218343572781e-13,1.1316555009375929e-13,1.0610235210559017e-13,2.845785158416022e-13,2.2930340203893163e-13,5.380503278645281e-13,1.0874681524955096e-13,7.088945112873385e-14,4.0811845124341374e-14,2.0761644039157527e-14,4.259996527697026e-14,1.7820431085484927e-13,2.6257875636056934e-12,3.701727033890185e-14,6.997440130475028e-14,6.816661260407812e-14,6.038722489459488e-14,8.667303705572641e-14,8.044828717186313e-13,4.569365361547145e-14,5.0249355855484497e-14,1.0381068690809952e-13,6.465692139406344e-14,5.4577793805018726e-14,1.0425289591742658e-13,3.24802978119957e-14
0.03745649656684915,0.08238895838313252,3.994740520062164e-19,7.335258441620585e-16,1.5411217484933712e-14,0.013247183514830386,5.420395615891141e-14,6.230478564274713e-14,0.02085119182262446,4.1641053415581365e-15,7.766816844715369e-15,1.3151613525600558e-14,1.2824072689202851e-14,3.187042793091229e-15,4.5062376049810674e-15,7.561024315184478e-13,2.6032922758635158e-14,4.757611395949233e-15,6.7504183312971974e-15,2.4217790069576714e-15,1.8140190170510444e-13,0.04356186891456694,1.4285997301042853e-15,0.07687090437760401,1.5880856433596875e-13,0.016051294255098974,1.2815548095234994e-14,0.0417484103508617,2.239279283422965e-15,9.489998324715297e-16,2.6443630518311742e-15,2.402310876223077e-15,4.526169697977872e-15,1.0283591290550645e-15,7.055039657078242e-16,2.1272079508786598e-15,2.5630180958669675e-15,1.9857104517501684e-15,0.11939059796744905,0.06959378572289025,0.13070797029301176,0.09817529200466857,0.025134402759608487,0.007177661821905573,0.07080239857956086,2.311502173825055e-15,3.0389157488009323e-15,0.08819755658250521,0.005490727845463626,0.015403026301502629,0.02426939781015972,2.875901753345204e-14,5.455463227268932e-14,1.5171227744811286e-13,4.122324218843915e-15,5.657957090120084e-15,3.5216948621509644e-14,1.9757182891435683e-14,0.00031942241705447335,5.8836252082278474e-15,1.5901569929478961e-16,1.3533593544918265e-15,5.03196333695758e-15,1.119552064293522e-14,1.462252011590402e-14,0.00888590045844935,1.1546627548061464e-14,2.0135526711590402e-16,8.02245562135656e-16,6.861724623955644e-16,2.2344687274923347e-15,0.004275551248464,8.54244218613918e-16,2.6324728023864303e-16,7.185890757838585e-15,1.7636940280762875e-15,1.757082922206261e-16,1.1464591744659277e-14,7.926387541703784e-15
0.006933966906082826,0.06611757797666559,9.790155084997985e-16,1.4006585133313346e-15,3.7632389805936653e-16,9.714655227702952e-14,8.104192952711046e-15,8.189681158142209e-15,0.0266989948433308,2.8375693429916372e-15,6.080796911841105e-16,3.603665203350134e-15,9.122151943701028e-16,6.245700201410656e-16,8.78999232352224e-16,2.85988198552349e-15,1.7011460507627304e-15,3.845620399011618e-16,1.8286802511008484e-16,9.34902327558256e-16,3.4356712375657147e-15,0.01909244607559708,2.9875640259297673e-16,0.0937669884197189,4.0539112120222025e-15,2.4106524710944193e-16,3.7744648511670536e-16,0.00911103098270025,1.8349833835121886e-16,6.893096260882834e-16,1.4141046398399007e-15,7.824939606223007e-16,6.158163143581746e-16,3.903341273461676e-16,4.757766213529238e-16,1.4131528885179175e-15,1.4565407422922707e-15,1.1676420810299745e-15,0.1728181612510344,0.08650501602630928,0.16801735683977093,0.133778335682225,0.010242366413729408,1.5545332584432922e-13,0.014084781855339141,1.5960154356208859e-15,6.428161524075956e-16,0.15595935476160572,6.996659699871075e-14,0.0011021252711722212,0.03577149669428041,5.067170837335501e-15,4.648998377057751e-15,4.8907635957428174e-15,1.2623549211760986e-16,5.826600679668996e-17,2.9291195807916667e-15,2.106403761522111e-15,4.846751858401583e-15,9.827222453610408e-18,6.72094734507991e-16,1.4785020278693105e-15,1.3824970279564008e-15,7.731841795172009e-16,1.9275034823274016e-15,1.7135242387092457e-14,1.477352424625265e-15,6.042266528848028e-16,9.935001132500137e-16,7.098983893992663e-16,8.143956897304872e-17,4.069116736706047e-15,1.3709049256352255e-15,1.2494327594141384e-15,4.769492238332814e-16,5.120346248245544e-16,8.63383667834753e-16,4.0115162309897037e-16,8.973075599533959e-16
0.043878251309535286,0.06687213534982514,6.381295763907237e-16,2.7440804929075593e-16,5.429822052210991e-15,0.01462081406440213,6.921510733006317e-13,4.620882576619367e-13,0.02146006241738412,2.833375663227453e-14,7.352639618299163e-15,9.782524638437358e-15,6.197985603940956e-15,3.1853481229609266e-15,5.2141070923079076e-15,3.323597750149991e-14,4.693918772324772e-14,2.403565367007003e-15,3.90858418367254e-15,3.897593133305114e-15,2.84328996765586e-10,0.04968784493475272,1.3210860004884596e-15,0.07284282515154766,0.0024778527854178198,0.012666929512568731,1.1921295805931514e-14,0.0364448227950454,2.5431385137452024e-15,7.047558558740384e-16,2.6869200322766933e-16,2.2933120884937768e-15,1.0088673327451441e-14,1.1776852992786126e-15,1.0394762158551155e-15,1.6776661568697373e-17,2.6963472200014977e-16,1.7987190913174303e-16,0.13602320627220546,0.07334031844126099,0.1262696040350767,0.10892070801389334,0.020714606973716042,0.0059261508407262775,0.06952381833997458,3.1415441931546287e-16,3.646549099889062e-15,0.08639808783716597,0.007992685763184204,0.01332823923713916,0.022276618842477187,2.5407713872168947e-14,4.268918674141809e-14,1.2926145244894318e-13,5.7057686535886354e-15,5.525490118438752e-15,2.9497221123033867e-14,1.7810435174982415e-14,5.498490592890972e-12,5.8954067462624976e-15,2.8918213788753252e-15,1.2606920014121766e-15,6.282607313677155e-16,4.777160497638958e-15,1.2375316045513066e-14,0.00589153127068631,9.64417899119778e-15,2.4964538103057533e-15,4.249907902696458e-15,1.958774564715711e-15,3.96827659035166e-15,0.002442885519471322,1.3809800509641428e-15,1.6521737758737274e-15,8.762499795188136e-15,2.266618026634325e-15,2.226285826890286e-15,1.0372131958073906e-12,9.682896185525715e-15
0.015349549222357569,0.07791113624447596,3.0879040444282056e-14,1.5863184431157162e-14,1.2147828379639342e-13,2.73338425183728e-12,3.881016767443551e-13,4.641954166015248e-13,0.02397662844559015,2.80693945569034e-13,1.3040865128015025e-13,3.492959925643845e-13,1.3526177694605824e-13,6.765149578439427e-14,1.0263019502271084e-13,2.526761171505949e-13,2.8083089365308894e-13,8.667420563576723e-14,9.547746166848151e-14,1.0651800076787463e-13,3.759919644195636e-13,0.01692125382649295,7.815839264515616e-14,0.0907452415870066,2.0983549601140508e-13,6.283862122050535e-13,9.894188637429961e-14,0.0139747057252869,7.060206342119837e-14,4.185122631386888e-14,1.9189614628534126e-14,8.082737592552305e-14,1.2007807111472133e-13,6.468299469430419e-14,5.4655032390408564e-14,1.854738501371035e-14,1.7230038710331562e-14,2.61747659144097e-14,0.16872986647813293,0.07794477407806764,0.16704410040497347,0.14167080550096894,2.3422257630272436e-10,2.7497763258185128e-11,1.2009010634908397e-12,2.5403178858356014e-14,2.118967898620099e-14,0.17069608482201634,5.6405415198428506e-12,0.0008697090853686509,0.034166144296841575,5.189176155717608e-13,6.546929441637232e-13,6.455634998373558e-13,1.7036445949035445e-13,1.513611908620877e-13,4.951214180294739e-13,3.7981239181422015e-13,7.166812426859013e-13,1.5256949069199732e-13,8.755352766513362e-14,2.1767417551531483e-14,5.197310841982432e-15,2.2956587579702555e-14,2.01431405638399e-13,5.943852754383139e-13,4.7085928091632794e-14,7.683636700642453e-14,9.25797040234698e-14,6.484438699485936e-14,9.834177365892404e-14,5.586004428734964e-13,3.0499080152488755e-14,4.145547807442503e-14,1.3861976215858454e-13,7.524381315906227e-14,5.774153694783772e-14,1.268245747935605e-13,3.738325414647129e-14
0.019075808680764198,0.07885841909272437,9.587510528747867e-14,9.315605582617998e-14,2.1424784617278605e-13,6.6065952571226505e-12,5.159802881262699e-13,5.614319196629941e-13,0.02640924950217336,3.9202274335338527e-13,2.057833078825976e-13,1.5141644391094503e-13,1.9973767022061475e-13,1.4132127439091143e-13,1.4603467427371523e-13,3.3228967771816467e-13,3.069007063678769e-13,1.583627710568467e-13,1.6933523358585643e-13,1.349472561450559e-13,3.911844512179747e-13,0.02598765285357273,1.304069913554855e-13,0.08838665951966591,5.025944041641166e-13,4.082748479420363e-12,1.889492597420928e-13,0.01862071660489293,9.63653657596074e-14,1.268470787322749e-13,9.697080711780828e-14,1.386171862738838e-13,1.8784646116547785e-13,1.3367180924214675e-13,1.3245741062060182e-13,9.435519493349167e-14,9.514255470074183e-14,1.00926250754953e-13,0.1527560606589853,0.07987743868167617,0.167101990176382,0.1368604403666442,0.0008144027110608168,1.1398358007397426e-11,0.008561434298991845,5.261677931825722e-14,7.271524487505984e-14,0.15568710527651874,1.1395640579981654e-11,0.010760340999579858,0.03024228052696828,4.775390343514111e-13,5.616808080611614e-13,6.569132271306861e-13,2.039831363538862e-13,1.9787010637313327e-13,4.4970253711930047e-13,3.644854948477428e-13,8.241658543393075e-13,2.0207232035344596e-13,1.4459362108536125e-13,1.0438073320721448e-13,6.472013036500534e-14,9.890601290167952e-14,2.901750999829226e-13,2.586844586238353e-12,9.031531711530884e-14,1.3724677823999858e-13,1.281116079911837e-13,1.300582749451753e-13,1.5824234052955288e-13,7.038178179762856e-13,1.099718215768481e-13,1.1416218876899726e-13,2.0202089399621408e-13,1.3803651075853656e-13,1.2671540319938778e-13,2.1027418201953087e-13,7.828056581325067e-14
0.034302460733306984,0.06478716156688957,1.9056374666107783e-14,2.004882102110173e-14,1.5252458668546425e-14,0.016649571745282334,1.8126896949839608e-11,5.111114702193102e-12,0.02337013647649381,2.815363012631222e-14,6.344567749121821e-16,6.112984745511553e-15,1.2683579335717998e-15,8.60708751099133e-15,9.534844641623795e-15,1.2155674880414453e-13,7.22013867023488e-14,9.049356092504844e-15,6.312179159352493e-15,1.8962839932622994e-15,5.577582036817356e-12,0.04786404913985125,1.1670716878315843e-14,0.0711774115996423,0.005032347902243715,0.015147271091595912,4.22106178575774e-15,0.032553960450007136,3.882207506258223e-15,1.5118585238190762e-14,1.9739916035082316e-14,6.751867142977216e-15,1.3084816026379446e-14,1.184973486580577e-14,1.2108466219597536e-14,2.0006711761245826e-14,2.0106922569288415e-14,1.5830661600171093e-14,0.13032207405453552,0.08200118624804417,0.1373207112622812,0.1011817335843988,0.02155119872442082,0.0048374479316672615,0.07171910032418292,1.1136670008542817e-14,1.4636622281824626e-14,0.08728319643045476,0.005897682133591001,0.012307698517167244,0.022111342352471572,6.486639001133502e-14,1.1026572440314742e-13,3.4811920922915795e-13,2.095546019155988e-15,3.732629402855978e-15,7.233029074341983e-14,3.781524076361783e-14,8.23744413479411e-12,2.2872994091392266e-15,1.1679231893581198e-14,1.6133234828611873e-14,3.333376764441832e-14,1.5788672304114645e-14,2.918273008787701e-14,0.006085971549022982,1.0958777668945104e-13,1.0221547084312491e-14,4.4372272864569695e-15,1.2412744678992523e-14,1.7883379410529437e-15,0.006496286143849204,1.632542491088939e-14,1.4531546539658743e-14,3.09828885764084e-14,7.392213482382855e-15,1.1500831005652012e-14,5.9205752611763144e-15,7.38460228354774e-14
0.025977051929136158,0.08152460597082797,2.008526402305963e-08,1.870996368334846e-08,2.7880931797970765e-08,1.4686098942881944e-06,6.515675256483407e-08,8.372855350121539e-08,0.03794047629573783,3.889012437298576e-08,3.0798513399363075e-08,4.78713901709487e-08,3.194817695735324e-08,2.521256617915137e-08,3.047556629566654e-08,5.5361669367287336e-08,6.240028734030434e-08,2.9074630264606464e-08,3.019545848012393e-08,2.8964106835792517e-08,7.843187474823128e-08,0.00035485857033418325,2.8193484804279143e-08,0.09735703356589782,4.912529015245738e-08,5.769805284175074e-08,3.3769934799994934e-08,0.044553108694057326,2.2857870547177183e-08,2.565535414056465e-08,1.9467801431408242e-08,2.751916725025216e-08,3.9889706936126295e-08,2.725346799982829e-08,2.6739412704016488e-08,1.7997033510099036e-08,1.930159280472126e-08,2.0024141105547402e-08,0.1981359172642639,0.08945569608663767,0.14608648265004492,0.09572715306828873,0.012058032744134698,9.822568938380914e-07,4.4562588674081125e-05,1.34134385932374e-08,1.7774379636858516e-08,0.14328889436299233,6.131116236766656e-07,0.00016926458268063692,0.02732018701049953,9.939937850348326e-08,9.228535881459246e-08,1.0415200588230893e-07,3.7320417490912e-08,3.603721531885246e-08,8.006816540812397e-08,6.637085911201833e-08,1.2169704693670178e-07,3.706366831621361e-08,2.730934883368047e-08,2.294698420430731e-08,1.4692371818037024e-08,1.9857889945615078e-08,6.418060061836031e-08,1.1706591500045843e-06,1.90398463280862e-08,2.924090737886721e-08,2.4229423936543532e-08,2.8549247086390186e-08,3.259871756732275e-08,1.1822982328463964e-07,2.4114305720141153e-08,2.5032682622066404e-08,5.2650088685898415e-08,3.0651431129874784e-08,2.793385850449733e-08,3.4372361328195314e-08,1.808826642573055e-08
0.03993311502894745,0.04213125222902731,0.0020358500853259447,0.00034594743666059835,0.006234932571286151,0.019905053759227676,0.01583523640040535,0.015658933500419196,0.02110834880626136,0.007396707070546659,0.00468367589131525,0.0073578754368665575,0.0058633092337761926,0.004139419479904961,0.009202014368503444,0.01229031334895215,0.016755008831620836,0.0041697837026940035,0.005315964556330178,0.010267659968380194,0.018605897924393527,0.02549091303510814,0.002084665529343775,0.03872936121824808,0.015201956150196332,0.014529316281801624,0.01662503550735283,0.03103549783634885,0.0030590875929639018,0.0005777206254041916,1.4206580450233085e-09,0.0032662363156414193,0.019041991162534376,0.0019006852288607449,0.0017421856400500668,3.2108418454084625e-06,1.2887480072850015e-09,2.5269688004325057e-08,0.05432897645022488,0.04694654300081357,0.0566891108009798,0.045256905549620606,0.016007470974632232,0.012742996700101516,0.040518664418993884,2.1765909947193344e-08,0.007090517751440179,0.04307992664330284,0.0131714037815882,0.013504641065659202,0.016444397124557104,0.008965504759621285,0.010537571814786966,0.013859013636569014,0.003359335278933349,0.004861062667569845,0.01030772827348632,0.008368055241013136,0.017719893242307404,0.0049609768810471465,0.0011709737642039354,3.5419778022294117e-09,5.2738986231720675e-05,0.006502915253102904,0.011913093887112407,0.011707722351122685,0.00779758055830806,0.0019008999257002109,0.0018714336682532004,0.0020852175183739712,0.007976857670661773,0.02721424005749104,1.4485359171617664e-08,2.762749507764956e-06,0.005283933043414258,0.003073084803352057,0.0017376137719226038,0.018463938251585897,6.731352145181733e-08
0.00854721008306796,0.06579543058552062,4.31480781241223e-12,4.029329418140476e-12,7.270808794167955e-12,2.1107761827209056e-10,1.8975341545171e-11,2.0862417482244306e-11,0.034086194262650374,1.092458329152518e-11,7.784109911116411e-12,1.2525182402658244e-11,7.98756046575687e-12,5.602357176426739e-12,5.541543554160256e-12,1.3111874398829654e-11,1.1209892116842609e-11,6.4588008161468874e-12,6.7905284920703434e-12,5.135960222837176e-12,1.4371674135269614e-11,0.017591425651960896,5.997563906267768e-12,0.09503824766216602,1.920898758430248e-11,1.882525837937116e-11,7.0962146992353386e-12,0.016691981095035432,5.1446385141393045e-12,5.606212676195481e-12,4.0787399049331695e-12,5.247839591634263e-12,6.664134699716847e-12,5.894184253149923e-12,5.808926228437727e-12,4.437057152555683e-12,4.023535160666201e-12,4.327283554524437e-12,0.15677155690605152,0.0902891006273244,0.15544101591740972,0.14323902036697714,0.028938400343882724,8.449861315279105e-11,0.00028942565099715674,2.3495443581406077e-12,2.9589361376151147e-12,0.15751384504444066,8.31401497332925e-11,1.4440544706273214e-07,0.02976700027235859,1.747966445429109e-11,1.6304326804701363e-11,1.833867020632259e-11,6.424049970311598e-12,6.493719422292642e-12,1.2934308950869485e-11,1.1057450333807122e-11,2.3905793376342586e-11,6.645213930878488e-12,4.95551447733255e-12,4.658504721072e-12,2.8052693209467587e-12,3.811711680580103e-12,1.1625659454049432e-11,2.4096177233269647e-10,3.535177232328723e-12,5.714129397938463e-12,6.5038456296803175e-12,5.677767321768694e-12,5.644321332311128e-12,1.6500610772677366e-11,4.967736230413775e-12,5.273223441804052e-12,1.0732725753705985e-11,6.087864847819202e-12,5.363705217609671e-12,7.783604791083875e-12,3.2412426360795677e-12
0.04348732275898731,0.08930918341887834,5.8185742349868925e-15,4.6925297687050475e-15,1.7444447917728882e-14,0.0073384598270389905,0.006106983644576605,5.83094850157073e-09,0.011966492380534951,3.946391390561173e-14,1.702579988703219e-14,3.9357329097766767e-14,2.255125875301178e-14,1.0814444187565906e-14,7.244224982542897e-15,5.861711347096703e-14,4.655930849604802e-14,9.497850271500159e-15,1.2298818238572843e-14,6.322135919990881e-15,0.0010895010222991264,0.05941736475846225,7.811209596433817e-15,0.08120011474062486,0.025756552936054892,0.016658820795126154,4.334710216876099e-14,0.015605982257387557,8.266155230035114e-15,5.7477743597971475e-15,4.046017960899998e-15,5.6721291473130746e-15,1.3576778064770278e-14,7.194587184851887e-15,6.511579188628628e-15,4.722187558001198e-15,3.9138109959146095e-15,4.834446339369152e-15,0.14261498443726328,0.07929240681750681,0.1199852563563669,0.09161094817289857,0.017449549539933763,0.0070951689435542345,0.06038863945783043,2.429833135290166e-15,5.195115295813239e-15,0.07666601859706595,0.007442871991477917,0.011298256213701318,0.02236903771105452,3.663931213396375e-14,8.123176879717024e-14,0.0008278013809736753,1.3796598037849066e-14,1.486048751607204e-14,7.452728590264007e-14,3.747796313356778e-14,5.035233108830305e-12,1.5350463356564748e-14,8.99622611568933e-15,4.198748733040373e-15,1.9624833691515033e-15,4.517967142417176e-15,2.214158447474993e-14,0.005022276003161735,8.561177419361298e-15,6.463416185492609e-15,6.7806967960438425e-15,6.699352196241749e-15,1.3317149614388486e-14,4.166033551479947e-13,4.406075264844632e-15,4.557532803633866e-15,1.6754212125817852e-14,7.678281280214345e-15,6.0920863484648134e-15,1.3108661970646102e-14,8.358654296881648e-15
0.010117148890384764,0.08422420345104505,1.1418803473482754e-09,1.1903226447915296e-09,2.869354907503029e-09,8.78495335401145e-08,1.1005113233712167e-08,8.422607774956913e-09,0.026234735628786025,5.3242754496925075e-09,2.7683187515394462e-09,5.818151699439939e-09,2.797336059048845e-09,1.5883170366440288e-09,1.743611289993511e-09,3.85099155780065e-09,3.3513287821315574e-09,1.8437073722299713e-09,1.9373323559022553e-09,1.6080694735042395e-09,4.352835769820345e-09,0.024146700581033614,1.4610628598319804e-09,0.0879107971373754,1.750281682941464e-08,1.4946565185032592e-08,2.217480692939238e-09,0.0166800247037921,1.5939230237837893e-09,1.6504137326151298e-09,1.1588000106243042e-09,1.6136562749242655e-09,2.0754562300221475e-09,1.6617413314831344e-09,1.7027040091920182e-09,1.2080336523598647e-09,1.1407439824319136e-09,1.2030138363081654e-09,0.14953098262048686,0.1154752235979261,0.15411613918629227,0.13076322872067128,0.012820020465768142,7.212548011466419e-08,0.00013420269859439288,6.846352921027217e-10,9.391234801776868e-10,0.1552992968300767,4.269385833776182e-08,0.0016415548128542394,0.030905283331869805,5.5720536504419816e-09,5.757449786369504e-09,8.14292641911043e-09,2.219071088253294e-09,2.126388482580057e-09,4.966222911249389e-09,4.0334963467679645e-09,1.52413784163596e-08,2.2054761571172966e-09,1.5934113555609084e-09,1.3198994260618385e-09,8.806325198594235e-10,1.1990399401908684e-09,3.2908678306202745e-09,5.4436275102253497e-08,9.57058361355711e-10,1.5349091463012976e-09,9.778731975851037e-10,1.433283947143467e-09,1.87026249398292e-09,1.008213589335856e-08,1.375967406422214e-09,1.4083494226959228e-09,1.7478777189555188e-09,1.5150668876291488e-09,1.4364980963705087e-09,1.945749768746669e-09,1.0308246408623506e-09
0.007839511274776549,0.07339699921864434,1.0270712610871354e-13,9.286361827527451e-14,2.7451700547646204e-13,1.1224832687373924e-11,6.863231225244679e-13,8.805392171609101e-13,0.01854955007533195,6.962970833620838e-13,3.077889013532478e-13,1.1987193407345581e-12,2.5733803196213805e-13,1.6544193539301051e-13,1.6757621646928523e-13,3.853720248812094e-13,3.9014525745998176e-13,1.8763916893381188e-13,2.0538047971822834e-13,1.643026966332071e-13,4.91315854862798e-13,0.00885050743490833,1.2222604940993186e-13,0.0919740401270262,4.693832728093205e-12,3.747689477933863e-12,1.6423167305459227e-13,0.027920721044569014,1.0987113170357004e-13,1.2517246003338154e-13,9.462860014348216e-14,1.453852255222619e-13,2.618975360077794e-13,1.2514253335505554e-13,1.2537697158524628e-13,9.167031333718908e-14,9.203082187879727e-14,1.014447181623477e-13,0.17330817797448095,0.08888005931782103,0.17557239632682345,0.13092958121689216,0.010497406021990743,2.8393008825900592e-11,6.0333861527758825e-09,5.2486768413000415e-14,7.756402313206427e-14,0.1563192783385676,1.3450000852754196e-11,0.013551522224688438,0.022410243276424657,7.14131976887813e-13,6.470069234788206e-13,8.286875782130328e-13,2.6051385714033156e-13,2.394816810559599e-13,5.349926255243658e-13,4.410438144567271e-13,8.364544610599305e-13,2.4516488019205233e-13,1.6907880801918402e-13,1.262113793515096e-13,6.553768815618423e-14,1.1006666074241521e-13,4.160743628780616e-13,1.542668726284714e-11,9.897130397952363e-14,1.778528154129761e-13,5.109679438981444e-14,1.5056140706256073e-13,2.1325370464612387e-13,9.429937776688239e-13,1.364778388054478e-13,1.4574141171005536e-13,1.7793928182806787e-13,1.590475130259933e-13,1.5131374694637839e-13,2.4862180980394544e-13,1.0053566921395054e-13
0.043774704833047885,0.06641137859280923,2.1282019705308858e-13,1.9739352102393482e-13,5.573417553034904e-13,0.015824396435110702,0.002097642271790584,5.4050969460602146e-09,0.02019015645118192,1.3048184152341825e-12,5.779594184509651e-13,1.4700341630757217e-12,6.29492016227894e-13,3.905831087550334e-13,2.908578528567249e-13,1.4763567861479528e-12,1.4011581714409593e-12,3.6558850767100174e-13,4.4497574217283093e-13,2.7225651215912257e-13,1.1998040085676952e-10,0.04792707184492286,2.787230164772453e-13,0.07054465703049856,0.00045248179413858575,0.01212299860042552,8.784175748590758e-13,0.0394204716614369,2.8966111858691606e-13,2.467168406119841e-13,1.9184033178912545e-13,2.478637607991218e-13,5.731440684054908e-13,2.7020597699403127e-13,2.629416171612568e-13,2.020267107392603e-13,1.887288052519051e-13,2.1345453082251923e-13,0.1289508620404719,0.07807993981393574,0.14134478980377255,0.11006586317935776,0.021083630820897252,0.006567235683551161,0.06799848572144505,9.909090789473974e-14,1.3945172519315522e-13,0.08545866632343074,0.0056870427081317405,0.011405570110546524,0.01625299471133107,9.289973909156348e-13,1.1584301069038624e-12,2.9000884838725714e-12,3.044905192644729e-13,3.263280389697962e-13,8.507703623316173e-13,6.224207558870028e-13,7.170495035615596e-05,3.2883185558662087e-13,2.3084827237312427e-13,1.67329886225666e-13,1.2285659828904791e-13,1.8348598267234874e-13,5.802400940309954e-13,1.2209731303159091e-12,1.8074876776373884e-13,2.024532927245371e-13,2.3237999558996973e-13,1.964249568589507e-13,2.729914262967393e-13,0.008267249066069458,1.7835937226659288e-13,1.8980311025461675e-13,3.273821636125886e-13,2.0937463938635996e-13,1.878198449428969e-13,3.652535888825888e-13,1.1985727451177494e-13
0.02796035719368586,0.06811590105323173,9.107202372463593e-10,8.286942099779064e-10,1.6328650906806034e-09,1.2911053892378807e-07,3.6375316834906153e-09,4.451403888592676e-09,0.02622800967029346,3.6392287225381745e-09,2.028157722636777e-09,4.2459341861109106e-09,1.997366248006431e-09,1.0813036963339315e-09,8.867750464905977e-10,2.4285188709141243e-09,1.7784639821831323e-09,1.1866408978792746e-09,1.2966529567838198e-09,8.254799162148513e-10,2.281296499725403e-09,0.02736305517490345,9.926793548148717e-10,0.08073853615176185,6.220418334647373e-09,4.833303062037199e-08,1.3460432405173392e-09,0.012806601569652756,1.0014829114846234e-09,9.336396365784848e-10,7.518450339461321e-10,8.775689924775647e-10,1.079482277002708e-09,9.801903902720074e-10,9.695237476053249e-10,7.745270158790602e-10,7.493458511677762e-10,8.280311146980931e-10,0.1695538061468717,0.07854331931927608,0.16637258192244372,0.1422000241199294,1.5599542631611273e-05,6.379503547762303e-07,0.012377891655605044,4.394193636404658e-10,5.639716227098863e-10,0.15684881419246668,2.0226406129980207e-07,0.0018424223947532683,0.029031813318701232,4.6224032822226945e-09,7.576213591605809e-09,1.7958220591524617e-08,1.9995441044295137e-09,1.973685153317592e-09,5.695393726706078e-09,4.204753446943963e-09,2.3172427092304553e-08,2.0281596946155237e-09,1.3340482880870865e-09,8.632376157049673e-10,5.122539534483146e-10,7.077663197016542e-10,1.9619465420899307e-09,9.762683871780162e-08,6.513109351959962e-10,1.1673922579444855e-09,1.1068511990847877e-09,1.0948941615231777e-09,1.1156309430926892e-09,9.93908918898646e-09,9.153250664337473e-10,9.544375856270266e-10,1.7676769528565283e-09,1.1429042732348315e-09,1.0476428099584507e-09,1.5849247248825567e-09,5.456315424877581e-10
0.010890663042624128,0.06969371575940173,2.0179527208152548e-14,2.4733218729801726e-14,7.552936013153754e-15,5.169199977171696e-12,1.2605344260909513e-13,2.0871077396680357e-13,0.015062948946683984,6.221850406493362e-14,1.226144930991622e-14,8.93891675620551e-14,1.7971054019417052e-14,4.2372416116796686e-15,4.5536339762572214e-14,9.885554749596343e-14,1.3764875168717007e-13,2.1343590503381112e-14,2.3516438261345268e-14,4.902398364739833e-14,2.131016432214868e-13,0.022470253477990358,1.6106649918307225e-14,0.09738830487967412,5.4384839747354e-13,4.057246352766034e-13,2.7488766914132502e-14,0.009892972845670705,7.899486092697866e-15,2.9495234825942713e-15,1.962951975048418e-14,2.854147169312398e-14,8.704887135167221e-14,4.801040383583514e-15,3.7372731009109e-15,1.8378097772783107e-14,2.1073454288696862e-14,1.888359189692857e-14,0.1713662500458805,0.08546456293142958,0.16713390588794147,0.14393985364766246,0.0019316743251688274,7.476598367817393e-12,0.010276010005713314,1.3784241247998853e-14,2.4697208478026406e-15,0.15721067756618215,5.208786794052106e-12,0.0015868330502238255,0.035691373564500244,3.4832709956513406e-13,4.3010520280511837e-13,3.9651454792154543e-13,9.364130224722141e-14,7.915519218237935e-14,3.131796351583762e-13,2.424509902014484e-13,4.005972313511096e-13,8.065622235800647e-14,4.286423474752201e-14,5.1916930764786756e-15,9.41077694143959e-15,1.660798806836777e-14,1.085860100242121e-13,3.150658297087207e-14,1.9942925885533705e-15,2.7087278025143685e-14,1.4335496730828998e-14,1.57906938908256e-14,4.4218993695976287e-14,1.9123209387445146e-13,2.1339024844375372e-15,9.423877872944218e-16,3.440631711872129e-14,2.115366747683744e-14,1.5151763257104652e-14,3.2648138842484905e-14,1.323122781423394e-14
0.022739877286384918,0.07229936491533506,6.730415902088144e-14,9.207567721207696e-14,1.914227307387081e-14,1.3408122557729194e-11,2.584410885579243e-13,3.063867571333824e-13,0.020265651712650976,4.460194814929843e-14,2.69062411060922e-14,7.972921454890782e-14,1.4992126993335608e-14,6.005213984301398e-14,5.25461348513491e-14,8.055254787524289e-14,8.738540904141307e-14,5.5365889555469266e-14,4.812533855637532e-14,5.741233714071914e-14,1.3408323518857845e-13,0.02383752727983144,3.7368646572979766e-14,0.08872421215930312,5.742803204876496e-14,9.054334917766287e-15,2.314073449640468e-14,0.01961875236369296,3.3630060639905014e-14,6.513013662724048e-14,9.3685768915556e-14,5.527873526697739e-14,7.235211197583287e-15,4.300546034483859e-14,5.2212645689479403e-14,8.878010744688318e-14,9.438128694237197e-14,8.118352474799595e-14,0.16628218943283907,0.07880998586328865,0.1589306703572493,0.1441063780761014,5.357976144248618e-10,5.630208030738504e-12,0.012170565366447072,8.834198586109293e-14,9.147261527000777e-14,0.15688739664971374,4.4335865526555425e-12,0.0005967647099798706,0.034730663262452964,2.550295410185155e-13,3.257255373866049e-13,3.3003018085182084e-13,7.746818565883978e-15,1.902203195753536e-15,2.054113362902812e-13,1.4162638008988323e-13,2.908710643385174e-13,2.2341770700734486e-15,2.9963382909479154e-14,8.890712741424388e-14,9.980736992042872e-14,5.1344561112805366e-14,5.0795139330817145e-14,3.0881001121613954e-13,1.1100171493204762e-13,4.93695370224436e-14,3.271124899408881e-14,4.9905067611411836e-14,3.887990529796766e-14,2.2296988089540005e-13,8.126200147962151e-14,7.215089555838579e-14,2.1460601262211966e-14,4.0911733411838135e-14,5.977374117102119e-14,2.3696017276927075e-14,5.928897069694588e-14
0.050925650751162385,0.05194851959861297,7.5050862472016835e-16,1.1253926645700819e-15,1.0039440801318022e-15,0.01027609300381512,0.012186625465915276,0.004380365761812454,0.014743793113044091,1.2011122268657374e-15,3.9703552193603768e-16,9.037844094130382e-16,1.5476615483220186e-15,6.749105221311404e-17,9.354772118138195e-16,2.135905462381677e-15,7.128598807147165e-15,5.762935302450559e-16,1.5126054782723335e-16,1.2483957911126064e-17,3.391567004294472e-13,0.04939184132324203,1.2032058700738542e-15,0.08077052358455418,0.02457883200637493,0.013172110345759694,1.7937356603847715e-15,0.01675430170639762,4.799610898999389e-16,6.430107531308067e-17,1.3861240416702885e-15,1.306935350014291e-16,7.396472769696138e-16,1.0293549515213292e-15,6.440426316436434e-16,1.2194693917113162e-15,1.372466199748999e-15,1.4165179509837636e-15,0.1149321134841023,0.0645395559522433,0.121019159207223,0.0967993212341813,0.028294328186686733,0.015980927464273063,0.07407716271435535,1.6360041048539702e-16,7.652592752602137e-16,0.08747891077119921,0.00864725797957868,0.012148473480743304,0.01631556657407615,1.2514594100978121e-14,7.453508792285492e-13,1.268734389773487e-13,3.343169494862091e-15,2.7948359304251836e-15,3.983498926850337e-14,1.573878079708046e-14,4.368563897398265e-14,2.739087966589217e-15,4.450338454709146e-16,8.380069548326813e-16,2.026004383323311e-15,3.464351401557013e-15,4.20532808942445e-15,0.020285009566360382,3.2638440856066643e-15,1.2975919028922672e-16,5.388207881151549e-16,3.32674052185243e-16,1.1505828161894734e-15,1.0858056404245044e-14,7.292914173589528e-16,5.831437103911468e-16,7.389150064654076e-15,2.8602842266618766e-17,3.2895843176247936e-16,0.010353556722875832,1.2165069133120776e-14
0.02742109071652321,0.08293661099190525,8.654142482186729e-14,9.74263311908318e-14,1.3318286531445216e-14,0.013817895139418048,3.905019178543293e-13,6.78652572825293e-13,0.02158965493339109,1.264078343527753e-13,7.721313209230498e-14,7.528941421417033e-14,7.711325375665408e-14,6.539765188561987e-14,9.64409534947007e-14,5.243783789685693e-13,6.033146988109951e-13,5.141660348942404e-14,4.7323513151921306e-14,5.3630556612691417e-14,5.6188668846117286e-11,0.04701829087866139,1.2711757308112213e-13,0.0701109222355268,1.070688399195622e-13,5.744705804435039e-14,1.7400572046992783e-14,0.03448396005984477,4.585590154504734e-14,8.005607239616409e-14,9.878022180905928e-14,1.590973751190146e-14,6.232857777178209e-14,8.040561199027687e-14,7.86614803280616e-14,9.143697721583493e-14,9.689743638560921e-14,9.564833155200796e-14,0.12054267694384603,0.10330971137823088,0.13337415594226046,0.09664294327107796,0.021456378929425483,0.012926067327651666,0.06942181159399886,2.242925707928176e-14,8.245656548392339e-14,0.08290381218518741,0.015498896267400709,0.016767914828080592,0.01883468941250031,9.932422858043248e-13,3.4772816542419586e-11,2.0581624525354956e-12,8.630925308565993e-14,4.610989626076945e-14,2.51055749750617e-12,7.727275494653758e-13,4.318092767778444e-13,4.26351325022055e-14,3.7383361246312637e-14,3.72290269075814e-14,8.91023992818296e-14,4.074186281260769e-14,7.608739056299913e-14,0.002695289941743448,3.061457433036349e-13,2.6337248997914606e-14,8.234437920317007e-14,3.532331963215796e-14,4.2931016105024403e-14,3.3614454245877305e-13,9.724313781380907e-15,1.4228398177763025e-14,3.712927997837128e-14,3.7475923200110166e-14,2.6550401913088747e-14,0.008247226919218758,7.451285798486862e-13
0.026209831930533396,0.044042544179531205,2.3049795570547797e-09,2.343640240252073e-09,6.0980950479300615e-09,8.734785453247747e-06,6.180195319112755e-08,4.3433365038221855e-08,0.021482931560819117,7.58520773856915e-09,5.197984284906733e-09,7.354737503112143e-09,4.81380044886552e-09,3.498377466565623e-09,2.507995860793045e-09,8.543923972142571e-09,5.362318862612066e-09,3.489170678637877e-09,4.2935219055684724e-09,2.466080407556064e-09,7.069009663958388e-09,0.06903122275352105,2.939315079064891e-09,0.06248511818270711,0.01613456969779019,0.014725523565352824,7.416354493094549e-09,0.058881755171374624,2.305627845261345e-09,2.2445383120462934e-09,2.0642128193342073e-09,1.988061469735501e-09,3.7020947635196896e-09,2.4068333330808195e-09,2.308883674066529e-09,2.309407925173016e-09,2.004752215669928e-09,2.337803227427893e-09,0.07284219419359234,0.11204795640493083,0.16562645931017686,0.11801593283981865,0.013459524937979242,2.922936720015073e-07,0.02409655263655877,1.2643875206584467e-09,1.5491106501348485e-09,0.1560709465855971,7.048432357452046e-08,2.585904065867168e-07,0.024837179673305444,1.0303348111607385e-08,8.360223897617416e-09,1.5293027759613485e-08,4.068828141282468e-09,4.371602719962553e-09,6.293198391810642e-09,5.9486028417549325e-09,1.0187759888978542e-08,4.309362761131769e-09,3.1266325404502093e-09,1.8129384598335296e-09,1.77792716759271e-09,2.3809275582957398e-09,5.765409914500089e-09,4.942582891300219e-08,1.7263892245077856e-09,2.5369211525699074e-09,1.98304330248467e-09,2.0133957743828563e-09,3.6523107471275843e-09,1.2819397497097335e-08,1.8309536177192364e-09,1.7355465296202413e-09,1.2142066238569844e-08,2.1029279905944035e-09,2.208397646021527e-09,5.267759874129434e-09,1.7722817682920445e-09
0.03714991028782435,0.08195907700586275,7.024354234064057e-14,9.896593557387326e-14,7.736676161920549e-15,0.00918214087887026,0.012617564422348085,0.0031322415760929533,0.013282155639003508,2.171097427226357e-14,1.337602648942446e-14,5.985402527267474e-14,5.119404212737071e-14,4.7120938473551334e-14,1.2560583790770832e-14,2.528016490975751e-14,2.063316807960064e-13,3.2293621777688986e-14,3.241413368089555e-14,6.103416816656448e-15,9.373272225882362e-13,0.033526819338284136,7.987857729340223e-14,0.047368385908406405,0.030468740023804595,0.024969993332105,1.165406347227173e-14,0.05721234037558968,9.467155250335773e-14,5.121458927312094e-14,1.1129874707629107e-13,4.2596696089721914e-14,1.184189472753335e-13,6.464509123412238e-14,5.51994914722852e-14,1.0759318367919336e-13,1.1413589185551351e-13,9.470458919484632e-14,0.12469329042775006,0.06688271458713824,0.1299677502426219,0.09442894009719892,0.02677388770245721,0.015706346198031292,0.06547495051907955,1.9524000633526028e-14,2.706358148768064e-13,0.07984560658968322,0.01239658404320985,0.01673829013051727,0.014397714686871172,2.262149318396231e-12,9.729028514414813e-12,3.236690387952596e-12,1.2502933736246092e-13,1.0891024739243403e-13,1.4522674185524231e-12,6.934862123802393e-13,1.5372192834922869e-12,1.0963592980195925e-13,3.099454710875492e-14,5.5549121478158654e-14,8.863851842209206e-14,4.3039111945307984e-14,2.729738913929117e-13,0.0018245559614150672,4.0362454684395064e-14,3.0941147961426046e-14,4.775358546684923e-14,9.061294685905869e-15,1.1612824922196285e-13,1.2709904741268494e-12,3.2394614783298013e-14,1.7225007966118808e-14,2.6593780414814464e-13,1.8996828181141306e-14,4.7997743222584475e-15,1.0343792034941407e-13,1.272252043766522e-12
0.038235767745936136,0.0660337542529954,3.5817701995125595e-15,4.073927831399996e-15,1.0206545268397531e-15,0.022159638325587847,6.1352148711713074e-15,1.3458093580086044e-14,0.03159104378080678,2.8864374055965556e-15,3.0138784192607323e-15,3.8037168022581e-15,3.521334522015059e-15,2.921830171226373e-15,1.9529804244331837e-15,1.3637231788225627e-16,8.199969542412247e-15,2.7477374704345156e-15,2.1486431321615487e-15,5.793127411406957e-16,1.2576867013456352e-13,0.04391850942290064,6.875310165259769e-16,0.07101731837495827,1.5179243623647843e-14,0.0094139829351954,8.70932746302806e-15,0.030594260859717663,1.3610247132521589e-15,3.433731590667531e-15,4.526989527493078e-15,9.847527173269738e-16,3.0936072895222077e-16,1.9367533231927603e-15,2.513465691432302e-15,3.9009253164079796e-15,4.4212896178594675e-15,4.2390553377577614e-15,0.12036980952675184,0.07684418530324366,0.12808281462360765,0.10699189872471952,0.03641008574392482,0.02076574437662645,0.06775295483358484,1.5025264648805635e-15,2.9841914003507826e-15,0.08281794951938456,0.012643268133645464,0.014813712532753143,0.015628925423525057,2.425934754542395e-14,1.4055364482920568e-11,1.601124982347093e-14,9.845378163101516e-16,4.676426708530722e-16,2.3335496546006483e-14,1.3706621256529186e-14,2.1071527371690302e-14,4.825774594904188e-16,3.339854457126453e-15,2.1805619177689177e-15,4.8837645946484365e-15,3.2070941905853453e-15,5.372006108053027e-15,0.0014009902469551245,1.14606840783002e-14,6.665899369074749e-16,1.837851276923789e-15,1.7536611795590147e-15,9.889457279311103e-16,1.7413490942721292e-13,1.981129012025188e-15,1.0676375568005395e-15,3.755600949902273e-15,1.3117653283027534e-15,1.1319348162378549e-15,0.0025133852985379387,2.4162398081128912e-14
0.03866173704582357,0.0679522212163165,5.811506637147671e-14,7.010169429300917e-14,4.0336261642204455e-14,0.014289522600813143,4.275101378631609e-12,3.3196284459465823e-12,0.021167455157429797,9.56658972456631e-15,2.398088483824447e-14,7.536031290905839e-14,3.4954394133068254e-14,3.353485554893472e-14,1.2209670743446972e-14,2.838510996148509e-14,6.275590335737059e-14,4.964161274943529e-14,3.3372889737540175e-14,3.4987611497734923e-14,9.51467790972257e-13,0.045697330819510426,6.092570443527078e-14,0.06576849832913782,0.0020463485396134385,0.007888133279264414,1.8739510293601985e-14,0.028889437381018207,5.4569722160838036e-14,5.853296224940618e-14,7.963750049124975e-14,5.3244138702501615e-14,1.9282168620087385e-14,5.530497969774068e-14,5.287861548342728e-14,7.685304450847913e-14,7.767444348172439e-14,7.133861162729133e-14,0.14104303035580412,0.07711091582343159,0.14435150920201334,0.1108914443060402,0.019825651709770936,0.009361431336381388,0.0640393367499931,2.895522743373649e-14,1.2292692607905977e-14,0.08117738356477948,0.011159152357175295,0.014159658610442888,0.02144900445480981,2.774394691090448e-13,1.978202765582656e-13,6.26140388653441e-13,3.22760926916944e-14,1.453749657041847e-14,9.667145421395945e-14,5.03572043504374e-14,1.2126131419343622e-12,1.2802324807014412e-14,6.793687156077938e-14,6.275122727553925e-14,1.0185606748112284e-13,6.810178599808205e-14,1.0729800169416924e-13,0.0018809661180394352,1.3523192491958296e-13,4.1315910655980383e-14,5.8344044365619275e-15,2.6686341598012086e-14,3.201361769467078e-14,0.011189831028839184,6.730151709645456e-14,6.764086623442644e-14,1.2971376055152504e-13,1.8715411142229218e-14,4.533082132308976e-14,1.7521597807885056e-14,2.0240272005752095e-13
8.608235836853903e-14,0.0682125589615762,2.7822871409671563e-15,1.9212926064730767e-15,8.404959610260342e-15,1.7786938482471923e-13,2.412732360345716e-14,2.7591932942460544e-14,0.03109294995831257,1.647429039064789e-14,9.012766230560896e-15,1.9745578399809303e-14,8.412054154550219e-15,3.969041708181315e-15,5.245532928427997e-15,1.329381827802524e-14,1.3323961530876232e-14,5.325062317798002e-15,5.9660304398031575e-15,5.431704125176348e-15,1.82587542475003e-14,0.015182904546486181,3.830464964296872e-15,0.09565307273267744,6.12720859667932e-14,5.37899844212818e-14,5.7608688219528215e-15,0.019260960833007813,5.175945853746566e-15,3.007546509967976e-15,1.6492243337459392e-15,4.046008511447774e-15,6.233947186625674e-15,3.4639818236999067e-15,3.3565939989765303e-15,1.8008500233866557e-15,1.5833798994881055e-15,2.0821405881163235e-15,0.18454602380473167,0.07839296732095652,0.16039021586388252,0.14425279508787076,0.013411379973889987,6.586831329617033e-13,6.687099506304083e-14,3.5730099106069515e-16,1.7318999127927015e-15,0.15443085458840625,1.9045530281234506e-13,0.0012400205511027274,0.033933295775325466,2.342932892200554e-14,2.196089509875334e-14,2.095823408401755e-14,6.115719226758501e-15,5.762286762612735e-15,1.7155810051698346e-14,1.4142844938890482e-14,1.770305847170931e-14,5.909914740995705e-15,3.5724659798748545e-15,2.207020023147297e-15,8.663828952200445e-16,2.32272508978146e-15,1.1942135848307148e-14,2.177902721195612e-14,3.412954273762342e-15,4.365136855852212e-15,4.136163018683094e-15,4.377356253208024e-15,4.94808091558537e-15,1.964603337986665e-14,2.642486457300571e-15,3.0590825247822645e-15,7.330054849289924e-15,4.585992855586233e-15,3.887097188374853e-15,4.940085081234715e-15,2.3943710825452235e-15
0.04476652462667738,0.06416726503816172,1.3195285058616393e-15,1.4355811202109684e-15,1.066509683594395e-15,0.012765254181226626,3.682846108014463e-13,1.4070363112117083e-13,0.019624417298707668,3.3743912307910628e-15,3.5285629325769157e-15,1.1037786540346603e-13,4.414661359310222e-15,4.957062149288349e-16,1.036432282590056e-15,2.358433694717207e-15,1.2284374919431197e-14,2.0342186663898132e-16,9.803067231251984e-16,4.672236973894005e-16,1.4218036743464775e-11,0.050027490287468994,4.772210454192e-16,0.0712644478689308,1.891426396157543e-12,0.004124843419359707,1.6217033662367794e-15,0.04103320272808847,1.495748728521089e-15,1.1374572224439446e-15,1.3351012045727394e-15,1.466312633550821e-16,3.0034381744243328e-15,6.81623311672358e-16,9.173662199749985e-16,1.4203448117287047e-15,1.4093374268228436e-15,9.667985964680736e-16,0.131717527567514,0.07785932247789462,0.14685862517495069,0.11204708568646353,0.013483327050257858,0.009521782157134022,0.06298107573015801,7.793654796277767e-16,1.0931212980986047e-15,0.08054691950614111,0.012205222328745827,0.015958094113937803,0.017566896820620532,1.13198455398817e-14,5.5157711305454286e-15,5.8224052259429065e-15,2.530091936414729e-16,3.4448693562177584e-16,3.5676334939079066e-15,2.0919979801489827e-15,8.956195168377355e-15,2.546074017852834e-16,1.3079214201798338e-15,1.0846794006757625e-15,2.5291067673631464e-15,7.010152107360005e-16,3.835566632063733e-15,6.384319668313757e-10,6.596681152525222e-15,2.3756485504274973e-16,7.233636831268974e-16,2.158077570321353e-16,8.720376330801941e-18,0.011480675282283687,1.202235561545894e-15,1.2257631517985895e-15,2.206786614635979e-15,1.4138846470662032e-17,5.869274055876481e-16,5.769289616371801e-16,5.448572795860673e-15
0.009027743106145144,0.06953599538453477,4.8929564511926894e-15,3.897514794460532e-15,7.903912264505594e-15,2.5538947364498955e-12,2.794147439091023e-14,3.504194120737676e-14,0.030742322693427512,1.750005609358651e-14,1.043437714397282e-14,2.4366754139118005e-14,9.828254140915242e-15,6.821641354021274e-15,8.304274111882817e-15,1.6027732914484042e-14,1.9185849628294116e-14,7.912401644750698e-15,8.568037169886065e-15,7.693689550036685e-15,2.6456956407760505e-14,0.026017101814504957,6.1484090053842425e-15,0.09294326256729267,2.3979918810813527e-14,1.4456253196378257e-13,8.219179494261294e-15,0.01495873015878359,4.7108740325719146e-15,5.806166686739439e-15,3.724238971916539e-15,6.793120254912125e-15,1.0657188329390214e-14,5.896312444359182e-15,5.908430134925431e-15,4.216047434264401e-15,3.647648603702622e-15,4.020337384287511e-15,0.17048147715527992,0.08199426059140044,0.16635662259469394,0.1403249255154697,0.0064369796102964226,9.286665912088183e-13,0.003890014018419395,2.3205031741472733e-15,3.058438278111629e-15,0.14318704548366942,6.59177391098074e-13,0.014972612089158469,0.029130907211933173,3.251954750000511e-14,2.9781174372674575e-14,3.183974334292788e-14,1.0676343177032195e-14,1.0563186102908829e-14,2.3332387691265684e-14,1.99298330492114e-14,2.987959005720299e-14,1.0674746364311465e-14,7.50503286505774e-15,4.991399827965513e-15,2.8412634530285282e-15,4.7679758102329e-15,1.918439931345632e-14,9.839272780217849e-15,4.470022975686518e-15,8.296141487065073e-15,6.8760717709265986e-15,6.996171480673576e-15,9.321555912738004e-15,2.8752053598589214e-14,5.4100000591071995e-15,5.797501657686613e-15,1.0685505776396956e-14,7.34900381769291e-15,6.6847116898240574e-15,9.187230412029641e-15,4.124713094447978e-15
9.686954936221516e-14,0.0672713122917545,1.5256563004769488e-15,2.0031476776644702e-15,1.0556215309262684e-15,2.7570058398687956e-14,1.7712217292051214e-15,2.757321330513383e-15,0.030449831399951995,5.616390886598303e-16,1.0790287149269161e-15,6.778297516478684e-16,7.696034297100974e-16,1.6443328533046582e-15,1.183918166331142e-15,2.4490907040014037e-16,7.009431079381122e-16,1.5020559645893655e-15,1.2561075170498758e-15,1.6010312965989345e-15,2.8679337250821517e-15,0.02372302324675744,9.300344433357461e-16,0.09507382500122286,2.409191933086645e-15,2.55935588214585e-15,8.445012357419967e-16,0.01914106158751281,1.3188114113165536e-15,1.5383552287377516e-15,1.91963275110745e-15,1.0953424012438918e-15,1.4703616267085852e-15,1.4156560888428778e-15,1.5815012864197226e-15,1.9709289651410985e-15,1.9787122607954398e-15,1.6902533179681195e-15,0.16991712532517966,0.08009503441874398,0.1690557230631769,0.1401785745339695,0.015804803675129032,6.279393672233035e-14,1.1434689746946226e-14,2.2135838533841684e-15,1.7270949721167756e-15,0.15466820621351154,2.8133980045293003e-14,1.3431349149838958e-10,0.034621479108465365,2.929742182750405e-15,1.7131409458480575e-15,2.0076350665519226e-15,9.546410283013011e-16,1.0309870910528766e-15,7.486321035240673e-16,3.1945970779402554e-16,2.3881990571366365e-16,1.0055271712503914e-15,1.6088131997208823e-15,1.9209880179428587e-15,2.629922316885186e-15,2.1277239919669997e-15,1.1279648010627802e-16,1.1773476123721468e-16,9.130147799680487e-16,1.4263144744345446e-15,6.181312112593393e-16,1.422558520196773e-15,1.7732221397306522e-16,1.0468747717255134e-15,1.77940316360969e-15,1.5812131199724578e-15,9.218531695481241e-16,1.4363220889245215e-15,1.5731318430371563e-15,9.55192280455799e-16,1.3630221433836469e-15
0.152,0.465,0.001,0.0,0.002,0.04,0.013,0.007,0.158,0.003,0.002,0.003,0.002,0.002,0.003,0.004,0.006,0.002,0.002,0.003,0.007,0.201,0.001,0.554,0.032,0.033,0.005,0.18,0.001,0.0,0.0,0.001,0.006,0.001,0.001,0.0,0.0,0.0,1.0,0.544,0.98,0.807,0.104,0.032,0.202,0.0,0.002,0.845,0.028,0.063,0.167,0.003,0.004,0.005,0.001,0.002,0.004,0.003,0.006,0.002,0.0,0.0,0.0,0.002,0.004,0.019,0.002,0.001,0.001,0.001,0.003,0.017,0.0,0.001,0.002,0.001,0.001,0.01,0.0
