8.56874350149238e-13,1.6655589285310197e-11,4.3364333307362676e-13,2.5473758939262166e-13,7.932804744436055e-13,8.157646460187529e-13,9.352571770676954e-13,1.0437649721838014e-12,7.860227975114972e-13,5.171408992713061e-13,6.29090837870685e-13,6.750502050892201e-13,6.11981885601448e-13,5.4752731482007935e-12,1.4497625827123737e-12,6.629226419568191e-13,1.4594603541978616e-12,1.4851376939364534e-12,9.351710736885707e-15,8.674556152702879e-13,1.773515106157216e-12,4.466223547498467e-12,9.447656069190846e-13,0.04552748733183334,7.152667156396923e-13,1.0606270160102556e-12,1.0520460366532753e-12,6.569473397914557e-13,7.843337243471496e-13,1.2585984161731058e-12,8.518475085044195e-13,1.0912045651111738e-12,1.1998153281883188e-12,9.514946362906723e-13,1.1267993831381478e-12,8.896214104815947e-13,8.425685163863019e-13,9.053843812122917e-13,0.9544725126110049,1.7312364353153494e-13
5.098293650145718e-13,0.009821676634342856,2.2279154616092516e-12,1.5075821913282357e-12,1.6607065755387832e-13,9.10778522484558e-14,3.645284053060182e-13,6.98418966859153e-13,4.624805263232076e-13,9.350507197086692e-13,5.512247951822741e-13,7.008948652221083e-13,4.1595827195875596e-13,3.780057042748737e-11,1.5336263389959807e-12,7.031935085205801e-13,1.4362179042807175e-12,3.024415747004361e-12,1.1937319899914536e-12,8.028553832796312e-13,1.6531347686014546e-12,2.7763111903840736e-12,1.2879117735466596e-13,1.9942833051064062e-10,4.584068449812558e-13,2.066638664354596e-12,5.285104663683911e-13,0.0423448356145606,3.0132602861870467e-13,5.1891047179083e-13,1.0842380303404976e-13,1.2588861846120109e-12,1.09147412385113e-12,4.450199018026601e-13,6.301900554403118e-13,9.235678201061214e-14,8.720138446516853e-14,1.9855328839182394e-13,0.9478334874840063,1.9212531129938933e-13
1.2843712423417858e-15,3.662497349125651e-13,1.3347429974861696e-14,1.5814023099563996e-14,1.4006011902539325e-15,8.893802331761458e-15,3.2297929834993635e-15,7.082470677866062e-15,1.52305569835263e-14,1.3852936352415267e-14,7.499147326657921e-15,7.319268783033361e-15,3.601487010550834e-15,1.9691999923708677e-13,1.2293581734859441e-14,3.359952543289949e-14,1.2418138299545739e-14,1.313993315627319e-13,3.5237699651462206e-14,1.3869167856454416e-14,1.583426340527688e-14,1.6409934350908489e-13,3.5564590086539465e-15,9.65310842266454e-14,8.403894505789103e-15,2.071887246757117e-14,4.733673438450292e-15,0.045879954624706204,9.633465182775621e-15,5.4570779431102785e-15,3.6882185728467465e-16,1.0284692301159694e-14,1.0900337156801693e-14,4.075586930238559e-15,4.8459198773590945e-15,1.3007468266335624e-15,7.128353900793454e-16,1.0287849331625401e-16,0.9541200453740206,1.1203332407189393e-14
1.4391055992985465e-13,1.492671392642577e-09,1.3912652457894745e-13,1.1313438885434657e-13,9.948385188560201e-14,2.762629580205441e-14,1.4268109818000725e-13,2.3434347247270996e-13,3.3999744056320424e-14,8.59872000632533e-14,4.4478571684712796e-14,3.849191360947414e-14,5.164523961223961e-14,1.071129374736734e-12,2.6067498644805147e-13,1.6025957422536088e-13,3.128630032732494e-13,9.400803256194647e-13,2.010442564153512e-13,4.0050500536578913e-13,4.056285797450391e-13,4.1450229674318565e-12,1.1128777300671814e-13,1.3006528804850649e-11,1.743771572956676e-15,1.0108249062123994e-12,1.3640843110491328e-13,0.05507221179230614,2.8688011672616306e-14,1.6995060649308235e-13,1.0446334581934286e-13,2.5715158878250686e-13,2.3908217329713195e-13,1.1489316684053564e-13,1.5698047993129904e-13,1.0851240250102148e-13,9.549972753002416e-14,1.0959052947695935e-13,0.944927786690259,5.971740068537008e-14
7.647619213467456e-15,0.0037621672419219194,2.321050286295483e-14,2.288128463535855e-14,4.3832083544148845e-15,2.7513856473552905e-15,7.637458016896532e-15,1.5314826950646863e-14,8.85035700243585e-15,2.9346194560174597e-14,9.993772920974257e-15,1.2748131120010832e-14,1.4470686050278425e-14,2.8093707626906696e-13,2.0004059332534417e-14,4.432535253573494e-15,2.166699886501862e-14,6.994274875495714e-14,3.3454708908738048e-15,7.334745424442448e-15,2.5839758431964075e-14,6.052592482768543e-14,4.794880142543849e-15,3.1271091130327244e-14,5.676966118658062e-15,3.4560044218339045e-14,5.008384807706052e-15,0.04897220159670738,8.445233942687417e-16,8.288426319955845e-15,4.23166051088055e-15,1.7995554689693764e-14,1.8358742785216396e-14,4.6919155630483375e-15,7.101030697065798e-15,5.195813033164275e-15,3.9622467116503205e-15,5.526052803018343e-15,0.9472656311605565,3.414455983385812e-15
1.0536217624693475e-13,2.2278559638038894e-11,2.8863234938506154e-13,7.183438179847066e-13,9.80160833637178e-15,7.246965489730826e-13,4.192730673916386e-13,5.927830220588097e-13,6.268363886157117e-13,6.361403815575793e-13,4.1962127200988715e-13,2.860365713327904e-13,3.223562262191059e-13,8.501531945541001e-12,1.0184555048713675e-12,5.106535225655461e-13,1.0902993615348942e-12,2.326773629990733e-12,1.1037609920330264e-12,7.414385208214045e-14,1.3401215151105182e-12,4.084984220271857e-12,2.375000809168891e-13,0.016528255128214746,7.960804430480986e-14,2.9159374393256575e-13,2.6136250991110633e-13,2.7767039212902436e-10,5.611826660298143e-14,5.662281072778198e-13,2.0575332853769543e-13,7.790588906328388e-13,7.791921457137329e-13,2.516967008466345e-13,4.5339520261084416e-13,2.4335893294847405e-13,2.0247458653150195e-13,2.2649790727911666e-13,0.983471744541702,2.9985282144144517e-13
2.2220003435799816e-13,0.0024624169160584264,6.299596693673313e-13,4.4875744105452134e-13,1.3461531409931485e-13,7.252047582744528e-14,2.1266828850729476e-13,3.506611161367609e-13,1.0581811354145164e-14,3.352859784641636e-13,6.739957539455982e-14,2.379653322029137e-13,4.850060011352069e-14,4.268939868841739e-13,4.1949557629633606e-13,1.6802265661619985e-13,4.734080879864244e-13,1.0601814511559195e-12,3.353752440143122e-13,1.2645428232810162e-13,5.318582888572479e-13,7.053313233059709e-13,2.3533609237886453e-13,1.4644892074844922e-10,3.870782844684274e-14,1.2039637729051647e-12,3.0849381920891607e-13,0.05395726476271921,4.550878170092925e-15,2.762683281028656e-13,1.4780191529535813e-13,3.633968907062976e-13,4.021052846532172e-13,2.3754885461371667e-13,2.5633934358917685e-13,1.7611114454135688e-13,1.392034761659285e-13,1.690619116967372e-13,0.9435803181637954,9.534873405258828e-16
1.3432779741858432e-13,6.132288682437293e-11,7.779773700060401e-13,6.054429839786123e-13,1.8521738357888177e-14,3.7655070192345564e-13,3.7240905245431943e-13,5.080011914354164e-13,3.2065127969261024e-13,1.698696704466616e-13,2.1721680196078262e-13,1.2963137023667942e-13,2.8274994937947606e-13,2.641324587646335e-12,1.0473304653010543e-12,8.117648497975952e-14,1.0413159081814121e-12,1.8129919534530352e-12,9.886015235468128e-13,2.7321938467685536e-13,1.225045084133626e-12,2.9365939257759406e-12,2.7541957984877277e-13,4.159236048331602e-13,4.908845229378667e-15,9.504917487561792e-13,3.9069691941417e-13,0.057841838701886604,3.5131818760697986e-13,3.913174101018194e-13,1.2839981441101166e-13,8.507050293639891e-13,7.800075590364827e-13,2.7326893287274004e-13,3.273572842285269e-13,1.39891222623751e-13,8.750644798871036e-14,1.202121011980893e-13,0.9421581612149236,4.186002436860068e-13
3.725691245002015e-14,2.326865852531147e-13,3.1387850872308626e-14,3.03931845237794e-14,3.572284345325571e-14,5.479123532267597e-14,4.593518910025969e-14,5.3261893483616e-14,4.8619223066683453e-14,3.2815140462069397e-14,3.2447396705223125e-14,3.313303976985678e-14,3.697628061827495e-14,4.058991599393068e-15,5.993193514289801e-14,3.549449698800801e-14,6.0966405775715e-14,8.480622065763024e-15,1.7827014113426942e-14,2.7936208469083064e-14,6.972520516887785e-14,5.4587513213591787e-14,4.376201415432581e-14,6.987294010311369e-14,3.921342128436306e-14,4.092023055471889e-14,4.515588394135372e-14,0.04742369479906803,3.332913175140644e-14,5.207146489547342e-14,4.0754596688094245e-14,5.104213684476703e-14,4.7269045887836505e-14,4.465050203055269e-14,4.919255566651929e-14,4.2673041133410513e-14,3.971511322978494e-14,4.005322165227995e-14,0.9525763051991796,2.8302859312603438e-14
3.992437015771127e-13,1.458723711550731e-11,1.765935735752737e-12,1.9192356315886217e-12,7.121541213255864e-13,2.0755944542338318e-13,4.3347381792940866e-13,3.029258551093721e-13,2.9609771491378584e-13,8.182476749922092e-13,1.0520452817876464e-12,9.553449451149592e-13,8.851219647473503e-13,7.641010215166386e-12,9.14711733459691e-14,8.242648159161734e-13,2.061303887887703e-13,1.0875868524375051e-11,1.5471284631020274e-12,1.2134194641272772e-13,2.6886347643178326e-13,2.9325054539146566e-13,5.739890481144588e-13,2.6137144638768093e-12,9.557253934120337e-13,2.4168714551317635e-12,5.73461583229264e-13,0.05757784612931483,1.0984775750055711e-12,8.204336576718952e-13,7.387086822739669e-13,6.459235882183933e-14,1.8492439339696374e-13,6.002219173906671e-13,7.257010418902408e-13,7.516543073624073e-13,7.182349400554981e-13,6.143894760214848e-13,0.9424221538102152,8.149106690904689e-13
6.07247004646355e-14,4.623540950413552e-13,2.6175929829319536e-14,8.185417493166418e-15,4.323160140861996e-14,5.626452776003418e-13,4.279529873173096e-14,4.6749172797839847e-14,0.04665425466975752,1.8607909562988795e-14,2.3604806447600824e-14,2.5835614310864105e-14,3.2456600151750586e-14,3.927578070707067e-14,7.826823963221955e-14,2.1728663161076057e-15,7.279927053329274e-14,1.0342443504400468e-14,1.0023243190609713e-14,6.949262379640421e-14,8.482862713100568e-14,9.14077332961632e-13,6.690717782926604e-14,1.0456390885694147e-13,3.293076450889472e-14,5.703269912497079e-14,6.790563648797824e-14,3.5180834734430456e-12,3.635707918257102e-14,7.061472796584752e-14,4.789318021271164e-14,6.336156992182964e-14,4.570898124610473e-14,6.944396374026158e-14,7.075928455235556e-14,5.5797206768655076e-14,4.90018488199881e-14,5.2026029746061865e-14,0.9533457453231683,3.1157723791291445e-14
2.180974538093212e-12,0.11086759850555047,2.9070149642182373e-12,3.115867566401692e-12,2.401241421685137e-12,2.2308282071119384e-12,2.0895068537384713e-12,2.0067425943176487e-12,2.3479386456379816e-12,3.0704621047178588e-12,2.8000765007370958e-12,2.8441641645334323e-12,2.7130463917221427e-12,4.775411164796263e-12,1.4107443756341729e-12,4.654556329236593e-12,1.812297269494691e-12,4.277478969689362e-12,3.5402857844773767e-12,2.0568600135366647e-12,2.0020930829384578e-12,3.3573187213025674e-12,1.976641345470754e-12,2.023771150165586e-11,2.521503922148194e-12,3.2587133035441816e-12,1.9687207868086056e-12,5.801838780912881e-07,2.3612849014871413e-12,1.944490965725031e-12,2.3775062015213478e-12,1.674271384294697e-12,1.8081938922329407e-12,1.9501225912600727e-12,1.9461933501788085e-12,2.136517898679577e-12,2.3339174810512624e-12,2.2128346006222416e-12,0.8891318211983152,2.9526636416458177e-12
1.2325489844155482e-12,3.5070808831777045e-11,2.8277565365878355e-12,3.1828700273860717e-12,1.8024750429388573e-12,1.5681769159667815e-12,1.2286952144011125e-12,1.0664885156393372e-12,1.8232391147977035e-12,3.3859378750356427e-12,2.483766178841617e-12,3.0439489835358868e-12,2.2697139471529977e-12,2.006007803716651e-10,4.796898727191557e-13,0.03229928342147414,6.368855423356895e-13,1.7009649395764088e-11,3.7325302763225316e-12,8.615379300758624e-13,6.640461311085693e-13,3.523021937765496e-12,1.3362124227684697e-12,2.8496958463470907e-09,2.006192452900346e-12,5.443401873946405e-12,1.3446852909587094e-12,0.025211562152161734,1.7355549460275861e-12,1.298953925031035e-12,1.5736769698201727e-12,7.578630037448329e-13,6.038264272538724e-13,1.3103559819129091e-12,1.3045571848993361e-12,1.5073141375117576e-12,1.5476908102269666e-12,1.4242285713477733e-12,0.9424891512625141,2.4650735448671013e-12
5.877112854074475e-14,2.9921520492360546e-13,1.9927662129944565e-13,2.1714315636524508e-13,7.368870219280974e-14,6.184531291133833e-14,4.3627942603594395e-14,4.5105149813025853e-14,7.77904078657232e-14,1.1674179809776936e-13,9.28811484099524e-14,1.3549368980334378e-13,9.06417007043141e-14,4.358601166403588e-12,1.7864161823173942e-14,3.4600376839300017e-13,7.927307677240517e-15,4.153814586366683e-13,2.439238670425028e-13,2.558681712863853e-14,1.2879777847905136e-14,2.306722326653479e-13,4.1983737748655515e-14,0.04723227589170617,1.060162319259245e-13,1.9304701731411678e-13,3.9149391680519656e-14,2.293324918808844e-12,1.2387942878063815e-13,3.3169239695802724e-14,7.542358059751484e-14,7.370621023798138e-15,2.070132409506276e-15,3.895064582287719e-14,3.462237686199673e-14,6.006188297354286e-14,7.350016352057344e-14,6.842773028425376e-14,0.9527677240977915,1.4022455373925207e-13
4.0657436155760814e-14,0.072372991932092,4.42113436074594e-14,4.969981347930066e-14,2.920313892555251e-14,2.0906536865810274e-14,4.139217206164369e-14,6.188648739640014e-14,7.47190235752464e-15,6.080289288100498e-14,1.0752174317459726e-14,3.892065009932649e-14,8.391940672246903e-16,2.479725252147759e-13,1.094312560368579e-13,5.449862025082864e-13,1.0521809282437445e-13,6.532052636672113e-14,5.693574395634241e-14,2.6559209336894857e-14,1.1722775307767214e-13,1.7190114779040708e-13,3.412745519152468e-14,3.768110853981047e-13,1.1511726330240853e-14,3.450432087138426e-14,1.7905234727593088e-14,1.8328727595831693e-12,2.351920759530331e-15,4.6120371942390264e-14,2.5365286856346807e-14,7.79304137524821e-14,7.287070259503899e-14,2.366734529761859e-14,3.372651310700753e-14,3.291303175269465e-14,2.1502590522393076e-14,3.0313751950172584e-14,0.9276270080633747,6.717398678403935e-15
1.6352981381399139e-16,1.3332742431394178e-12,1.6285510534050275e-14,1.9718702550359407e-14,4.102788860612747e-15,1.1095444290870716e-14,2.871714968947452e-16,3.360402649689479e-15,1.6107533372052055e-14,1.5081982829973764e-14,1.0657859927123904e-14,1.1132754298702793e-14,9.863186610101098e-15,4.909582737666791e-14,1.1027272679015961e-14,3.208430191166267e-14,1.058976860689371e-14,3.486132269213031e-14,1.7103635099210233e-14,2.217116197181018e-15,1.2353735329000035e-14,3.547059350841427e-14,1.1700360056118122e-15,1.312913638452258e-14,1.183443239277137e-14,1.5738449024302084e-14,1.5616526274949136e-15,0.05170093466572416,7.113702993258161e-15,1.172276608601009e-15,6.753264901355588e-15,7.961436346187148e-15,6.830648251185077e-15,1.1048200765751423e-15,1.0878449173161357e-15,2.9706164752597604e-15,4.4235369223451934e-15,2.9093982783082904e-15,0.9482990653325225,1.1658026359573005e-14
7.460409571094638e-14,0.03573046260635671,3.613846704004338e-14,1.2730145666931848e-13,5.549266939748007e-14,4.501539103645544e-14,1.1087259221607933e-13,1.6990425931993453e-13,5.2099316948072086e-14,1.9237974769399642e-13,1.0048294067997097e-13,3.7494072974637256e-14,1.667631939116238e-13,6.826757321300474e-13,1.8176424580345272e-13,7.255876104642108e-14,2.1954284078409286e-13,1.8368591876934195e-13,7.973834524372598e-14,2.763842789879359e-15,2.4934286774634685e-13,4.2795487896006483e-13,1.2364211346222353e-13,1.0052536010399466e-12,6.083900794589553e-15,4.422112964750334e-14,1.1477541298663882e-13,0.011772261722588755,3.754937806853849e-14,1.7062555446656246e-13,7.617660760568369e-14,1.720676415692302e-13,2.0163702609766477e-13,1.4215221835566108e-13,1.6666145060142753e-13,9.341455957419769e-14,5.4154073140346755e-14,8.560240272657996e-14,0.9524972756652831,8.882086672116006e-15
1.8602343039230623e-14,0.04831573919928295,5.257110877955342e-15,2.457830145412376e-14,1.520024973405966e-14,8.32275370523563e-15,2.1588527107361495e-14,2.7273124058496156e-14,9.428954162496719e-16,6.997873124669076e-15,3.763899644196892e-15,1.0513145410222131e-15,4.287471366858211e-15,1.4632735098098206e-13,3.0227559304150685e-14,1.898284985380956e-15,3.2083321658280396e-14,2.8853372137318264e-13,7.358582118980138e-15,1.3804241599485207e-14,3.5224737913811726e-14,2.5388562053948686e-14,1.872946262193194e-14,1.1160813413075972e-14,1.1976452300647004e-14,6.148081137401322e-14,1.9762008522851745e-14,1.2142473479031645e-12,1.166652923943922e-14,1.9976623964722168e-14,1.477856870702688e-14,2.917695590118381e-14,2.6968861765242363e-14,1.941452764866781e-14,1.9831801055073766e-14,1.557762484876816e-14,1.610450262276913e-14,1.882419065288174e-14,0.9516842607984616,6.96337755695708e-15
4.142370077250625e-14,0.0562325977735826,5.1295062013788966e-14,1.1744584274914923e-14,2.6077188688527567e-14,8.553363306999635e-15,3.7173949620670304e-14,5.2882193957088656e-14,7.814334477271165e-15,2.873991321309779e-14,5.868958608280811e-15,3.220578633443869e-16,1.0239616149065372e-15,3.853586267820755e-15,5.812893440254469e-14,5.068317673779364e-15,6.290809359570819e-14,3.65664105278577e-14,3.8716755986813807e-14,1.307227559574475e-14,7.126309561272198e-14,1.6432196398004944e-13,2.0457777724968052e-14,3.126050114172668e-13,1.6964719312085592e-14,1.8041536907032032e-13,1.652788542364688e-14,1.6421696378844955e-09,1.636904194027707e-14,2.2500692135793283e-14,2.702015027309695e-14,5.1878162431643904e-14,5.52991219836937e-14,1.1613656926612693e-14,1.4420907563604496e-14,3.018484795520455e-14,2.5864177577176053e-14,2.785683436942557e-14,0.9437674005826756,1.5325227009806624e-14
8.595846782154623e-14,0.008657423861344639,6.309936941563805e-13,4.4405225426304467e-13,1.8326249916108144e-13,2.580295067353688e-13,7.977834661525679e-14,7.347122748182809e-15,3.3903497356171287e-13,3.8269325770534474e-13,3.294463188375699e-13,2.841022691981761e-13,3.1024471922799543e-13,1.370764012591258e-12,1.048960014641758e-13,1.863232688647382e-13,1.2023165372892248e-13,5.412824545445507e-12,6.832603246233804e-13,8.023646116390913e-14,1.4462299203034866e-13,4.967315927475495e-13,5.442223219637408e-14,1.4997349466731153e-12,2.6444919164263126e-13,5.250357238566412e-13,4.917146556068192e-14,0.038857626459331475,2.036143722391668e-13,1.0584137384527896e-14,1.5537550030591197e-13,7.438650063470973e-14,1.0067788846794904e-13,4.406472023835759e-14,2.0304153697275223e-14,1.7361514585259991e-13,2.027893349579257e-13,1.7080021288871194e-13,0.9524849496635617,2.782576414134109e-13
5.673565809454765e-14,7.060941124254843e-13,8.258367062889754e-15,4.048190161505882e-14,5.911458755710116e-14,4.93785856480717e-14,8.55403768824202e-14,8.878312173460039e-14,6.195843250683803e-14,6.738319352173886e-14,4.3152963822434586e-14,2.2448265910079517e-14,6.06508818904333e-14,4.562778519044751e-14,1.2804490288911128e-13,1.1312661789516823e-13,1.5898244536531164e-13,3.073542524776373e-13,3.701516924974386e-14,7.788105581455196e-14,1.6957500978712557e-13,3.978784157734708e-14,7.133636808578797e-14,3.611870942640971e-13,3.760196844662787e-14,2.5355566492868794e-14,6.527909671302312e-14,0.0573676124711655,5.817637113154214e-14,6.126690527550568e-14,5.941211559291032e-14,1.4090958269590786e-13,1.3923651299402666e-13,5.802120793195746e-14,5.690611702280019e-14,7.441831146399454e-14,6.160900998937592e-14,6.877306905254453e-14,0.9426323875250466,2.0883385138482662e-14
8.459684092201142e-08,0.021800881843279187,1.4048336995386756e-07,1.297519912592959e-07,7.129542572566546e-08,2.889660033552785e-07,6.385413568575041e-08,5.907403555982877e-08,1.6287364396509013e-07,8.621989432074448e-08,9.506056233977023e-08,1.2179141846607055e-07,6.852324658514811e-08,1.0481770559210031e-07,2.5617675324743783e-08,0.00648032732084126,2.9632165843400377e-08,1.6555112816930387e-07,6.067063098961305e-08,2.3829949681522414e-08,3.2147055550651365e-08,3.5390872464815307e-08,6.685232975858698e-08,7.665330252936937e-07,1.0475334761930589e-07,1.7590280399216544e-07,7.185837680515958e-08,1.4168887567617498e-07,8.052185851365752e-08,6.364026842465511e-08,7.81697786722439e-08,3.7731994858999135e-08,3.0401924593067256e-08,6.816124012631807e-08,6.69454873585723e-08,7.175881133423833e-08,7.540186861931216e-08,7.030476075309216e-08,0.9717148784197865,9.164158894833137e-08
8.163462961274985e-14,0.002231865323248526,3.718983123986967e-13,3.8660472830533874e-13,1.0506785078627561e-13,9.636213786362107e-14,7.907305909548597e-14,6.767078202434417e-14,1.1748277779302704e-13,8.936944673391932e-14,2.184312171129986e-13,1.2512743585099937e-13,1.5783803235078985e-13,3.582383256570597e-13,2.4430828890993047e-14,3.2742063623531088e-12,2.2530957842370604e-14,0.03909992662857668,1.6121840901775472e-13,6.750798851912132e-14,1.8603996278872024e-14,2.486493701952112e-13,8.03802929283583e-14,1.4754291517794484e-13,9.056938496132908e-14,4.709100130352462e-13,7.140129168342696e-14,8.451057005111716e-11,2.0383810785276287e-13,6.235946095394634e-14,1.2361183310361352e-13,4.881390608883704e-14,1.7940009360038978e-14,7.273845611830498e-14,6.504351738676463e-14,1.058990808722659e-13,1.2371553418533057e-13,1.114563451665891e-13,0.9586682079554332,3.627167833268759e-13
1.1284137844352764e-12,0.05539583284908794,6.352268815501263e-13,7.170629752118671e-13,9.540309217667306e-13,1.0831464899559617e-12,1.1069372467123623e-12,1.1307325952836e-12,1.1695828337585748e-12,7.883110880111892e-13,7.673235640527139e-13,8.576814226694553e-13,7.99819075030231e-13,1.4645060672104627e-12,1.0100343445702214e-12,4.2366861104666124e-13,1.2365905555772507e-12,1.166109335465102e-12,8.109840915475381e-13,3.289814305790833e-13,1.1907823552511587e-12,4.845692851994919e-13,1.065275475112428e-12,3.3666284490843002e-12,8.353387104864831e-13,1.1422657321062734e-12,8.964149255235459e-13,1.1530590527247564e-12,9.973286062392712e-13,8.540255690317016e-13,1.086714264666523e-12,1.3584288569821278e-12,8.506589604170934e-13,1.0280041301757454e-12,9.023170339251152e-13,1.1186589521420688e-12,1.0838955853145136e-12,1.105787832607035e-12,0.94460416711201,8.027660711387641e-13
6.733540651474135e-14,0.047299107229211046,1.7655213660040006e-14,1.0883897216372459e-13,2.056394070475638e-14,6.947449324999153e-14,6.838214883006081e-14,7.447777483323726e-14,6.102540583668974e-14,4.4475876362578686e-14,9.387459901069671e-15,2.8153742089043555e-14,5.222662033712398e-14,4.268592983273198e-14,1.0271901329961971e-13,1.0459374540585396e-14,1.0468306902311264e-13,3.9723842994269565e-14,5.3254622887446816e-14,7.500399652149073e-14,1.19728804129526e-13,1.5847068945991457e-13,5.924209771743844e-14,0.032910502062536776,1.5961973498891829e-15,2.8185821288595835e-14,5.319522255311788e-14,2.902619913073681e-14,1.6763459495253776e-14,8.283913512899474e-14,4.4565415339471667e-14,9.020870507374621e-14,8.155578688082949e-14,5.994948148792975e-14,7.575472117564715e-14,4.934811966836525e-14,4.043296129028155e-14,5.020143807424989e-14,0.9197903907061337,2.6927835400640653e-14
1.2037270900654046e-13,0.038117916373637255,4.7372577259197303e-14,2.5351815115944042e-14,9.153952825399084e-14,1.1577242428567825e-13,1.0424081179935459e-13,1.2167671983849556e-13,1.0787201302498328e-13,3.126863571441575e-14,6.177242740507466e-14,1.8490554067297645e-14,6.132571126435206e-14,2.4803690677152173e-13,1.3208472302923187e-13,7.551636852441744e-14,1.401081823620177e-13,1.3774580126298571e-13,1.3281440560772713e-13,9.180207993099282e-14,1.5296985288422518e-13,3.296500375161467e-14,6.58214972595858e-14,1.1001061990010636e-14,4.441351731553122e-14,1.687526602954414e-14,1.5805963170372235e-14,2.2340901579710398e-11,6.821176138343692e-14,1.3487775765356691e-14,8.821122065000496e-14,1.2836232156809739e-13,1.0501160491850946e-13,3.675128994065553e-14,4.809559116055948e-15,8.438474365181673e-14,8.947591465787651e-14,9.689132501181048e-14,0.9618820836009814,1.1990120077630225e-13
8.997492091113201e-15,0.028284019840276474,1.3863658569890696e-13,4.681852726219123e-14,1.884093122346396e-15,1.5049499410363592e-14,1.2328229969917157e-14,2.435153136863176e-14,2.6913301457902622e-14,4.966694900240585e-14,3.886685635243449e-14,2.921923112089031e-14,4.693241809800581e-14,4.3360991611737725e-13,3.698309953991639e-14,1.000762940894633e-14,3.561361253525921e-14,4.33553218180994e-13,8.217840923865492e-14,1.434459007931996e-14,3.983656987568847e-14,3.601254092453683e-14,5.866217254646657e-15,4.2481405563799216e-14,1.0849527190934381e-14,6.877874226364791e-14,7.108857383437497e-15,0.010299187409672877,2.3087030039968427e-14,1.1400077279758272e-14,8.169807940565463e-16,3.2282013492203615e-14,2.927646750104953e-14,7.765433830364087e-15,1.0090944765253731e-14,3.6801418796348e-15,7.370923596803439e-17,4.980308303516369e-16,0.9614167927482324,2.3523031847401486e-15
9.941077407292921e-15,0.03315485388400234,8.366889721429845e-14,7.672817384783718e-14,1.3688055922768412e-14,1.8250474329249594e-14,6.4215892720231194e-15,2.2235524123852074e-14,3.6710080876549314e-14,3.9356614374889023e-14,3.639755334966204e-14,5.141918173804104e-14,3.365286545347966e-14,1.9864269454911026e-13,4.572783715483752e-14,1.0539319607339038e-13,4.331733993602117e-14,1.8393921247197587e-13,8.670279955959386e-14,1.1599054935927904e-14,5.029725619421153e-14,6.788546494463196e-14,1.241881000613578e-14,9.412198425025186e-14,3.359244081046566e-14,4.979611139649209e-14,3.118585637410044e-14,4.1110267656349624e-10,2.7694650273251133e-14,1.8092446185021743e-14,9.149151996389403e-15,3.625437243267319e-14,3.551066896526815e-14,2.225171591883392e-14,2.3719012073063988e-14,3.892657932975892e-15,9.35157229117599e-15,2.4708420235826502e-15,0.9668451457032394,2.416131856735836e-14
9.28192709871164e-14,0.0252796094784145,1.7339423661086746e-14,1.6109679129838226e-14,6.53575680419628e-14,1.7449856320270543e-14,8.494150772828103e-14,1.2142280722239926e-13,9.950701848607234e-15,7.187708833618871e-14,1.0040472261147688e-14,9.3482345356558e-15,2.4579478051809434e-15,1.0446573189873603e-13,1.3420304467808255e-13,1.637870660552731e-13,1.518985120612674e-13,6.304368465427111e-14,1.1396361956236052e-13,5.1584607612107327e-14,1.7404280788846934e-13,1.9257616120052493e-13,7.999747564754048e-14,2.7924880320477477e-12,3.3287607861635215e-14,3.382959738283684e-14,1.0101422197734872e-13,0.025808390185051894,5.958080335185161e-14,8.082672420932048e-14,7.218804135595179e-14,1.232552521693058e-13,1.1567047888713983e-13,8.076175997279036e-14,8.249318072396411e-14,7.692243209756875e-14,7.362680110897244e-14,8.094058275096903e-14,0.9489120003309078,7.007071364046533e-14
3.1804930658654904e-14,0.05545142369831477,1.3239586321370027e-14,4.462565706720026e-14,2.4373844095507425e-14,1.8459504618308192e-14,3.8579497170463704e-14,4.993151845475616e-14,8.54306878836444e-15,6.78202425221733e-15,9.246293165771844e-15,5.395746585908548e-15,1.1193544449465695e-14,1.2387973010347887e-13,6.026713320520948e-14,2.0441064232628685e-14,7.178760544939577e-14,2.6309371738466965e-13,4.1722518019240594e-14,9.458741917796073e-15,8.133208385246163e-14,1.6038827940775864e-13,2.885376417457681e-14,3.9429399944076483e-13,1.8402348446245036e-14,1.3793510996211557e-13,2.896154385815553e-14,3.2018917251328026e-13,1.8039671783970277e-14,3.9332395154671875e-14,2.7650470368211346e-14,6.603806043050916e-14,6.306273310490812e-14,2.523432503779781e-14,3.289353376493006e-14,3.051286059396311e-14,2.5691146852302034e-14,2.675341059326978e-14,0.944548576299295,1.1814147524599275e-14
4.727085088914965e-14,1.127694920593318e-12,9.947900943562643e-13,9.946039940147874e-13,7.424678095320177e-14,8.566332649078968e-14,1.9123133319780374e-13,3.3612659102057343e-13,2.6251688134654985e-13,4.555663935589931e-13,3.6560923903372115e-13,1.7247346591351844e-13,3.570055384388756e-13,3.1013051262254875e-11,6.902611028830648e-13,2.955489843114723e-12,4.922443143850087e-13,1.0724768046277099e-13,7.920035812997754e-13,1.3828720971102502e-13,3.867711692326484e-13,2.1681561695414312e-12,2.045689838222265e-13,0.06077761418494468,2.704907827247531e-13,1.4774075078542245e-12,2.2526472073884874e-14,4.693301817552226e-12,3.33827661022446e-13,1.3639560320519996e-13,6.668891713788942e-14,6.168919120284657e-13,6.301699167905102e-13,1.9786730149444685e-13,1.5367641179587703e-13,1.0039809120060543e-13,3.042532324454431e-14,9.318640548666321e-14,0.9392223857613894,4.298529902128044e-13
1.5002418337472033e-13,2.7473979376449903e-11,1.4495426758665276e-13,1.069676948788241e-13,8.012619582095882e-15,1.4106340611673368e-13,1.7257148861897339e-13,1.7534193783479587e-13,1.5890701107241858e-13,2.8452145543739216e-15,7.808548915216363e-14,1.3932327085984666e-13,7.205153821294478e-14,6.002442223254665e-13,2.367365453842283e-13,1.972346606132398e-13,3.3159008366810177e-13,1.746133993136301e-13,7.270813678247976e-14,1.6385871279213906e-13,4.10120805890562e-13,1.615252049998467e-12,1.5884972726869953e-13,4.0762504758292316e-14,1.3366596042239323e-13,6.496846144556322e-14,2.5740898380219725e-13,0.010318287501763944,4.839301395086946e-14,2.6331821491118677e-13,1.1939856296840335e-13,3.2189140828281767e-13,1.9345106125258037e-13,1.8251538507016278e-13,2.39466132927799e-13,1.4723488942846763e-13,1.1322350260883461e-13,1.385172308274465e-13,0.9896817124631027,8.369928074788236e-14
2.6971588964033007e-13,2.1051323641601813e-13,2.2762315103203463e-13,2.12725104891157e-13,2.4491548984930684e-13,2.20472686805504e-13,2.610421573961378e-13,2.2025979571857305e-13,2.0125868996373203e-13,2.354124631779122e-13,2.2922337573773624e-13,2.3761335329141926e-13,2.404047060100111e-13,1.362606616321293e-12,1.6954995572655178e-13,1.2082414545199474e-13,7.376824869787198e-14,2.4714049839410213e-13,4.221163078763259e-13,7.726188075616162e-14,1.7056532045973786e-14,4.4921782217219703e-13,2.8597836761227635e-13,2.243161842966201e-14,2.4587246125630325e-13,2.287962721647703e-13,2.7836113599766905e-13,0.4414298417099385,2.3812243674214417e-13,2.80414135935756e-13,2.4502514052729034e-13,2.3264004344596047e-13,3.526606712943842e-14,2.8576472771457936e-13,2.8650270416396827e-13,2.61735093955981e-13,2.482845114272653e-13,2.539761715547683e-13,0.5585701582804702,2.11386987372154e-13
5.572721015493304e-14,2.952729971180905e-14,3.773595020907334e-14,3.82655443772081e-14,5.684024343663692e-14,6.394538409181945e-14,6.623767268983144e-14,7.282119881541644e-14,6.037161560240183e-14,4.052085728932779e-14,5.3467595827442876e-14,4.757755204955984e-14,5.483653167315385e-14,1.4891144812067457e-13,6.558643630182974e-14,6.849813639634261e-14,8.080512024616013e-14,3.549570420761273e-14,4.0620181465711767e-14,2.944333954586399e-14,8.707310324390841e-14,1.69273785090369e-13,6.754235067259441e-14,6.224145008327898e-14,4.841371924228283e-14,1.046868968045345e-14,7.132346948323157e-14,0.09443667955560087,5.2890357381004496e-14,7.564338309023878e-14,5.862263267454417e-14,7.002238723125387e-14,6.885143994511385e-14,6.998832302801049e-14,7.396946319039457e-14,6.297008599165166e-14,5.957433788129348e-14,6.121175306189861e-14,0.9055633204420389,4.282909399963559e-14
2.0056236223295857e-12,1.6041926229459963e-10,3.1838944140281324e-12,2.846229258935443e-12,3.5350590743317556e-12,4.50771939325727e-12,2.5139526149840324e-12,2.22523166613847e-12,6.42693982871139e-12,4.217411589129416e-12,4.082139785588298e-12,4.82394467552457e-12,3.3803097077274894e-12,5.860804493561541e-12,9.504852627673078e-13,2.53128471397046e-12,1.2912424373316858e-12,4.890078602495219e-12,2.948063610781613e-12,1.12835123936705e-12,1.4605388408980324e-12,2.074054605936104e-12,2.4143327748486266e-12,0.06575216750418132,3.688112504700494e-12,1.0892993961921975e-11,2.505323165404696e-12,4.240578976927432e-09,3.073133570461775e-12,2.5183486898055157e-12,3.140350626426479e-12,1.0680601534985496e-12,1.1988306471996081e-12,2.4218058757345984e-12,2.504155311354995e-12,2.658255949623442e-12,2.870090318821495e-12,2.5778953862565528e-12,0.9342478279786289,5.7764556173198664e-12
2.6708031926731576e-14,0.005728483429905594,4.9235611053114745e-14,4.284573359843312e-14,2.0685685250881524e-14,7.472352946837787e-15,2.4586235397679122e-14,3.892165492792747e-14,5.620509362378738e-15,5.738575490479495e-14,1.1304758522437429e-14,3.1192573427174505e-14,2.937750288268744e-14,2.970715241642435e-13,5.030166949961002e-14,4.1200742762666794e-14,5.112002104953364e-14,9.958713951752976e-15,5.2516663912379687e-14,2.0244121429934375e-14,5.886263646540671e-14,5.88758226787243e-14,9.619194502009903e-15,6.655407727273312e-14,3.950888424457766e-17,4.136918310703368e-14,8.823720829594861e-15,0.026026184031715124,2.4903661618623565e-16,6.5074173503926074e-15,1.880114915376865e-14,4.04592049769603e-14,4.2282196202312403e-14,2.0277154219098068e-15,3.292510464475458e-15,1.6414439383838138e-14,1.861231566399733e-14,2.0417392432286615e-14,0.9682453325370726,2.5734312722185578e-14
1.866804337250256e-13,0.04055017432180405,1.9930577424771987e-13,1.0587514060968838e-14,1.4255045999830785e-13,1.613258381161535e-13,1.8043000369053887e-13,1.8801772545555043e-13,1.3918499092326008e-13,9.192112923355605e-14,6.664889630951704e-14,9.651926629807487e-15,3.186175026855455e-14,3.3566351572523463e-13,2.760526588037146e-13,5.317495427939723e-14,2.770320724604236e-13,1.8831329539641548e-13,1.2436545070409943e-13,6.602637030761388e-14,3.003982019110891e-13,1.978981854224347e-14,1.1640231649303718e-13,5.690169234613076e-16,5.00114569018609e-14,1.3497480275461193e-13,4.6317478891614006e-14,1.0310432825694145e-13,1.1194659853573989e-13,9.157223985938153e-14,1.5542166947015257e-13,2.379635322478187e-13,2.5790006994654587e-13,7.625949958636818e-14,5.694350077329143e-14,1.4889800317701078e-13,1.545892837111031e-13,1.6607980652701672e-13,0.9594498256730816,1.5656778181654482e-13
1.1409228301620913e-13,0.02290207640803794,8.569209047004603e-14,4.410801589213724e-14,8.020790623795314e-14,4.867187345180618e-14,9.546053346146909e-14,1.1801688381379555e-13,1.4393479855757033e-14,1.3545094929912878e-13,6.681213489995934e-14,8.683153056674242e-14,1.1634486134824684e-13,4.784013788014805e-13,1.1239879489778848e-13,1.3128018459496497e-13,1.174562295712265e-13,2.2229062217981035e-14,1.0110365564026571e-13,6.505750508331651e-14,1.2578414134992863e-13,1.586357340444901e-15,2.4132228782403823e-14,1.0475222894375641e-11,4.279354626022525e-14,1.0024486483581192e-13,3.353712795972435e-16,0.0139040328039566,2.6631833679585978e-14,4.0851693670150954e-14,6.778584117151345e-14,1.2143386347226362e-13,8.939638685576714e-14,1.759688596598984e-14,5.0855316513506464e-14,7.3568723539716e-14,7.8848985017124e-14,8.513423121945135e-14,0.9631938907744214,1.2776401561792234e-13
3.590795825782545e-14,0.04740647001708924,1.3223358485824418e-13,1.1193873381883471e-13,1.1961724317380428e-15,9.694586985751624e-16,2.5720365661525787e-14,4.092297641520782e-14,2.103509787565114e-14,7.546308035614071e-14,3.518942220063269e-14,6.658894942619073e-14,3.249071715378644e-14,1.5001245912111027e-13,8.432029205381676e-14,8.55575335330071e-14,7.884779265865552e-14,2.850122967406237e-13,8.092304893383218e-14,1.3676663441007531e-14,9.17568273503215e-14,1.6420331045457542e-13,3.572542117017125e-15,8.758463196754805e-14,3.675739611949922e-14,2.826761268347218e-13,2.934549055260066e-14,5.501763396830919e-09,2.4911770326256116e-14,4.757147149156221e-15,1.3573341462753242e-14,6.95011480463128e-14,5.827226999025754e-14,1.8294888922921812e-14,1.8448584899063056e-14,7.77878580057193e-15,1.1624698190786084e-14,1.938843822569239e-14,0.952593524478843,3.905322577798179e-15
3.8060469453370354e-14,0.03817706434344643,2.1320848868116092e-13,1.7029199780476415e-13,7.254600287913545e-14,8.260379156096725e-14,3.960745464179595e-14,3.960298283802559e-14,1.0350128057174051e-13,1.319962600784445e-13,1.113538159616836e-13,1.2150625796776814e-13,1.0133994063999345e-13,4.615587721272271e-13,3.5304785448446316e-14,4.041740884032826e-13,2.4653784896629217e-14,4.277112427572391e-13,1.2992261359832395e-13,4.7030854218623245e-14,3.705231545913005e-14,3.081273909319833e-13,5.3496097715419294e-14,9.628176349223751e-13,1.1191636946221027e-13,1.328353905124197e-13,6.205493548522011e-14,0.0017981454806657853,9.219935554984381e-14,4.621905951726759e-14,6.336176348843341e-14,1.2099874214926729e-14,1.561648567546818e-14,5.878969042945275e-14,5.406051113100032e-14,5.6052452558947494e-14,6.395919411232813e-14,5.464548223210719e-14,0.9600247901708382,1.082868126764636e-13
