8.585340039645159e-10,0.21490680521754532,2.19170570356802e-10,8.218158345540124e-10,7.921064728017267e-10,4.83714067647566e-10,2.8778896046744495e-10,6.438828728019187e-10,3.9776713037824736e-10,8.006452205624054e-10,7.015783139531199e-10,7.162084685857464e-10,1.0022411573108371e-09,0.3194336285812258,6.053369373037176e-10,1.9585553519411344e-10,5.393997706185767e-10,8.399754050236809e-10,4.024640721949488e-08,5.699246772141526e-10,7.142836153694679e-10,9.630800395012408e-10,5.276590167623751e-10,0.2647047096462632,5.940698085436932e-10,7.145140839338879e-10,8.853849748994078e-10,6.158093218790635e-10,1.2967868223262424e-10,4.263640597242382e-10,7.528941380255403e-10,5.893008616778756e-10,2.5299358344140635e-10,3.8320161660306304e-10,2.310222866421338e-10,6.302385211933705e-10,9.749425034078755e-10,5.964835858980693e-10,0.2009547955251702,3.2552206902978647e-10
5.602318933214468e-10,0.27022101033380036,2.241615925816705e-10,5.195780551193484e-10,5.151910032937146e-10,2.9932043766355123e-10,2.5191917017522727e-10,3.401367485191311e-10,3.6170847492450164e-10,4.757028483921755e-10,4.678386562967455e-10,5.699314220862813e-10,4.872556126826999e-10,0.3245484703338644,1.9935449518212576e-10,8.513574661149279e-11,4.1130125359102105e-10,2.460917657732002e-09,2.7254611600947946e-08,4.4814429273852e-10,4.780079803796975e-10,5.838604118511665e-10,3.6682392430876863e-10,0.16122994207565022,5.916084994305045e-10,4.557609601296233e-10,4.355159909673688e-10,6.603052736179145e-10,1.1786494855003962e-10,3.404714756506002e-10,4.947186660991966e-10,4.5790696284608455e-10,2.8080800005034006e-10,3.026459120949792e-10,2.646049443045698e-10,2.7436092237501554e-10,5.60920631857544e-10,5.648307148770301e-10,0.2440005337048676,3.8836018082936227e-10
1.956028569109504e-10,0.2411083889142025,8.83734215999811e-10,3.922010991169528e-10,2.8151331458566495e-10,1.0170547519507868e-09,1.735030957087027e-09,7.234134420248979e-10,1.4938119967226284e-09,1.715829212341071e-10,5.539093689118368e-10,7.708886921149591e-10,3.324041478028667e-10,0.2644573196833045,2.4334549628693393e-09,1.2380363097615152e-06,1.555559840421507e-09,3.819995081232616e-07,1.4550757612945894e-05,8.838993612582667e-10,1.0816566468780106e-09,5.069470869683652e-10,6.560596797450553e-10,0.2139056292391887,1.484490982512517e-09,3.1810410250689646e-10,3.920551987009532e-10,2.9329391862069227e-09,1.161481184888843e-09,8.334677738578192e-10,1.4767190654905558e-10,7.282844445817657e-10,1.6012547515169778e-09,7.938274163771666e-10,9.369945194019478e-10,1.337506455921172e-09,4.25537428204993e-10,5.867893948763857e-10,0.28051246058972645,1.4310170575153656e-09
7.467694331882787e-10,0.24117077397428427,1.8317706826936887e-09,9.950432733435831e-10,8.808642762063661e-10,2.2654073963596244e-09,3.0627190477104286e-09,2.145477490336782e-09,2.7714222033860984e-09,6.380722670335855e-10,1.477979779278197e-09,1.6936962838103742e-09,1.0745189595561713e-09,0.25099572694858907,3.609708698917799e-09,0.006695139766836866,1.1338586131205238e-09,8.688896686313241e-08,2.4587956360544557e-06,1.508237324838865e-09,9.610048183498721e-10,7.318212278347611e-10,1.7992196007418606e-09,0.2302674804491943,4.249193070688938e-09,9.453917204009621e-10,9.856894907604645e-10,4.931516663222702e-09,1.9740029622593776e-09,1.9558149752212882e-09,6.681720855508538e-10,1.7929027422444716e-09,2.62617803716973e-09,2.0029187116425654e-09,2.21689039655336e-09,2.221985724994482e-09,8.420607941727908e-10,1.0934735895924312e-09,0.27086827275580977,2.586900511676537e-09
3.037643629312321e-10,0.28578093745661615,8.946670017594983e-10,3.6800000655153595e-10,3.4416273599406555e-10,9.815365467615284e-10,1.6057726948830044e-09,7.057241896447624e-10,1.1704365346772595e-09,2.556040966927497e-10,8.100599688121884e-10,9.262736443798712e-10,5.5803167096928e-10,0.3671145691989915,3.5483525651161153e-09,1.1822239728383225e-06,5.957505962272225e-10,4.593977663414082e-08,8.259329331766825e-06,7.8157924100248e-10,4.315013586864528e-10,2.861634242105663e-10,1.404892310907767e-09,0.17872947020544294,1.2508601757691047e-09,5.018996678388762e-10,5.415245620724087e-10,3.863281587244822e-09,1.2575193854682145e-09,1.4128569011875657e-09,1.6161719102792683e-10,7.391987392218702e-10,1.6368453561640783e-09,1.6176326223416679e-09,1.7945130224583142e-09,1.1238214222176343e-09,3.4692781164176856e-10,4.869395748318816e-10,0.16836550175625473,1.1819026072305053e-09
4.1174981788739237e-10,0.2794976421035738,1.1668442486871864e-09,5.434182649201617e-10,5.265621399906377e-10,1.3004911971009362e-09,7.997255406984048e-10,6.878218438636216e-10,1.6167345360960117e-09,5.546676387663059e-10,1.4954360955162528e-09,7.635704629458241e-10,7.360907857569404e-10,0.2708996271980113,1.9124122666684784e-09,1.8398417127982888e-06,5.533679000278836e-10,2.9254468661093667e-06,7.783163588090007e-08,1.0116588963436829e-09,4.675498001875579e-10,3.7425822862575024e-10,1.5569836681743153e-09,0.1863980964390644,9.376243264904393e-10,6.892555219256228e-10,1.0648526873165412e-09,5.4886587154382904e-09,8.896817349396446e-10,1.342824299514397e-09,3.966084622309338e-10,1.1034761209306366e-09,2.462430837865769e-09,1.5759400277010882e-09,1.497531714601277e-09,9.251030109191106e-10,4.6505378761504286e-10,6.409814990469318e-10,0.26319975344459934,1.7351702630888378e-09
2.10352891439732e-09,0.37096357465042795,1.3568223997916065e-09,1.4659671716500502e-09,1.793020059914037e-09,1.0711599031910285e-09,1.7015574950481042e-09,1.227713455044201e-09,1.0892537789155189e-09,1.967925985391782e-09,2.0660186420808837e-09,1.892955929129298e-09,2.1550604828158463e-09,0.4869410400084957,1.6047273662877095e-09,2.6042664682846073e-09,1.2465629933702367e-09,8.626974831020983e-11,5.664413033769909e-09,1.2557616396053435e-09,1.5801533552179357e-09,2.1937953260607956e-09,1.2741332458871538e-09,0.06385723788248608,6.824810026490769e-11,6.469127687287478e-10,1.86781812897341e-09,4.46459382422817e-10,1.087258345936047e-09,9.67380024943149e-10,1.8405121992185904e-09,1.68239096795673e-09,1.6655310647748663e-10,1.007455691972458e-09,7.87274418633809e-10,8.436394763802055e-10,2.3078828818589177e-09,1.6785450262313998e-09,0.07823809428971014,3.6948212389412094e-10
1.5481029633995732e-09,0.20102461751256195,4.93634979225885e-10,1.50657972391132e-09,1.4109992388659398e-09,7.270791444720191e-10,1.376930909754452e-09,1.2762115368111022e-09,4.5587918481572067e-10,1.4899456999758348e-09,1.6133044042614635e-09,7.674655919901886e-10,1.3931819775076284e-09,0.12926631927299956,1.4530299385418716e-11,1.349427143185075e-09,1.1871617083305202e-09,3.3318893058052718e-09,1.9340987950026856e-08,1.8167657855673908e-09,1.3955948535282912e-09,1.7692218612188364e-09,1.0692213152945767e-09,0.3929549789017218,1.5170591636451268e-09,1.4551077603953393e-09,1.7040001847238354e-09,1.051577904265584e-09,1.4959673733425456e-10,1.4739328233763594e-09,1.3452173960123918e-09,1.4108228119399627e-09,1.0295184177899988e-09,1.0700520114260427e-09,1.131502342496354e-09,1.523070598837336e-09,1.9818323464917826e-09,1.2721667759156324e-09,0.27675401950909595,1.3540479863766493e-09
4.774978851386356e-10,0.31166250948893176,1.740196346891834e-09,3.772768455361657e-10,3.0030459093926453e-10,1.6096651553431725e-09,8.025672514871225e-10,6.462445021283177e-10,2.293794025141412e-09,3.2198871510152857e-10,1.0334511470044272e-09,7.354278309015988e-10,7.694791255089925e-10,0.21252023928605335,3.604698083828218e-09,0.0852763953469586,6.196240872996214e-10,0.015420045088480902,0.08067379814996724,1.0926038091253406e-09,5.920850815998446e-10,5.165222801937957e-10,3.5346026257935156e-10,0.07559586712965918,1.4080045788007918e-09,3.2360142868043047e-10,1.5028160450289536e-09,1.4602365972607613e-09,2.73705088322428e-09,6.469230022362263e-10,1.7717631929613508e-10,8.058548308127552e-10,1.5990273021304506e-09,6.237678683900034e-10,1.1328046989424418e-09,7.912953599679759e-10,2.2028302675043329e-10,5.396813984775579e-10,0.21885111234028218,1.3142564424937666e-09
2.123439617623069e-09,0.1406824961694379,7.298858237439645e-11,2.335122386650823e-09,2.1654564061305864e-09,1.0160114449190995e-09,1.2657060761366718e-09,1.901761834965328e-09,2.880197176522748e-10,2.40586469058149e-09,2.1903719038929063e-09,1.6698861673327239e-09,2.448732081740596e-09,0.26264528440684926,2.959920838355021e-09,4.581608821432577e-09,1.954495153683117e-09,8.68814229826712e-09,7.163171031858798e-09,1.941740015488823e-09,2.3607321578893036e-09,3.2481124782658578e-09,1.0578459880534822e-09,0.2146486917085744,5.01938062871673e-10,2.557067151773281e-09,2.5301181750903825e-09,1.3210552543030144e-09,2.217784987217279e-09,1.822140486368745e-09,2.3395830257157884e-09,1.3213287621792841e-09,7.503612030716326e-10,1.000333036757016e-09,1.134008201763776e-09,2.3023698167921607e-09,3.230688748027258e-09,1.975061614031792e-09,0.3820234485796649,2.925054267344814e-10
6.291715902274262e-11,0.2072697860103185,4.2567008154104553e-10,9.885323628715961e-11,9.289450547337446e-11,4.844358124445588e-10,0.019863228022224913,9.041485665214171e-10,5.105354976904906e-10,3.379905057334199e-11,2.633325220016482e-10,3.2668867916063083e-10,1.7871463449148908e-10,0.3648634072812883,1.9035362300344465e-09,3.369251308021059e-09,3.113809538712783e-10,5.981263579887466e-09,6.607288894805241e-07,3.4922779071955234e-10,2.0804901717585275e-10,8.712446437233782e-11,6.248599747168828e-10,0.25235079521109033,4.05055863107115e-10,1.5822892188986717e-10,1.4418870372228724e-10,1.3838079821202388e-09,5.751932767324915e-10,6.500872900833311e-10,1.2034888498341765e-11,3.804521449773211e-10,9.803078853842987e-10,7.360812918116783e-10,8.665583151421341e-10,4.019827013063554e-10,7.453811756492365e-11,2.0481516681421868e-10,0.15565209911350583,4.4266697383059554e-10
3.4012895571760006e-10,0.3979920761154299,1.5387849214610956e-09,9.493682472662352e-11,1.1041547992154085e-10,1.1614683580328308e-09,4.648287575256391e-10,2.587506036698954e-10,1.4654551488992256e-09,2.3856337312320426e-10,9.154128123541097e-10,2.7468254722776286e-09,1.6085376196919508e-10,0.403368421543723,6.492215550910215e-10,9.756863985698197e-05,3.4376862724675745e-10,1.761766049654928e-08,1.908999676879247e-06,1.9993831673238544e-09,1.4721425374088494e-10,3.6218579057492044e-10,1.5568760723390688e-09,0.1985385055101044,2.963626253964224e-09,1.1848734993736002e-10,1.6631756453395813e-10,1.2832932930694092e-08,5.093829720107319e-10,1.63229700870752e-09,4.4082589431319083e-10,1.2899817390144586e-09,4.348102958571467e-09,1.7686690232921398e-09,1.9955644885606627e-09,9.486610185749058e-10,5.085071062147948e-10,4.557166397611695e-10,1.4539668193834903e-06,3.0725820739058985e-09
6.071848828195644e-10,0.3012784769819012,1.00302527555939e-09,7.272615829128047e-10,7.313343331194783e-10,1.082775355648633e-09,1.0429194982866897e-09,8.715163932377811e-10,1.1635927704386306e-09,5.645561444170582e-10,9.302848069892213e-10,1.110009856153489e-09,7.315089477513944e-10,0.41539753263736817,1.4182026102293894e-09,0.011503092845965724,8.75272454518175e-10,2.020565417388186e-08,0.0023807262901898883,1.1136562728129906e-09,7.8779818055121e-10,6.336829448693343e-10,1.0814649066680518e-09,0.20783962957896596,1.231364864208471e-09,7.19938083418475e-10,7.188448229074104e-10,1.919477998828835e-09,1.0161412264071386e-09,1.0489739986714282e-09,4.728316369967706e-10,1.1229261289374802e-09,1.7578168742969327e-09,1.08860432352715e-09,1.0975723512764885e-09,1.2466396793582892e-09,6.030941429266808e-10,7.073757815649088e-10,0.06160048878431039,1.4479953571991869e-09
7.237391176218755e-10,0.2314573508644889,5.231829555893319e-10,6.662570868424945e-10,6.859572414397893e-10,4.896025805826384e-10,3.3456835445271955e-10,5.057454266813786e-10,4.861238777499519e-10,6.528608120754269e-10,6.44263010292531e-10,7.07597079617883e-10,7.763552740443706e-10,0.3934723082122538,3.0950114438424716e-10,4.046379615176875e-11,5.66426829128921e-10,1.0929993806566406e-10,4.063522408239689e-08,5.317165570382291e-10,6.25380436330499e-10,7.32744873129287e-10,5.419312461197649e-10,0.29340080750865005,2.890138204214284e-10,6.441895685302934e-10,6.4994103733713e-10,5.686358350599679e-10,2.627680252061281e-10,4.275230414169459e-10,6.526329019787169e-10,5.476250177994242e-10,3.252472087953869e-11,4.397072065424443e-10,2.918586877073814e-10,3.529087459187371e-10,8.113632702022527e-10,6.734866474520751e-10,0.08166947520001928,2.8146774162556663e-10
3.0375522765547065e-10,0.43799836971361394,7.361819391236129e-10,3.1892643084769627e-10,3.2960227150149133e-10,7.23858935805598e-10,7.077591370743819e-10,5.558138740916595e-10,7.50180868140363e-10,2.942694979265511e-10,6.843411353484314e-10,7.409203295594407e-10,4.857453740364156e-10,0.2912220199723749,1.7474047437135509e-09,0.06515190436756013,5.207626292846854e-10,1.4418793231397721e-09,6.463401013392933e-10,8.807342415464466e-10,4.272954216676341e-10,3.178885769224124e-10,5.10837366634595e-10,0.2056276556911277,9.074648055416845e-10,4.688309432180892e-10,4.098422346646132e-10,4.122687718066017e-09,1.049577782196209e-09,4.91700901230958e-10,1.937206400807792e-10,6.146166547977858e-10,1.962964389254439e-09,5.432711425809176e-10,5.713597272400193e-10,8.378382943214463e-10,4.063070351986689e-10,4.2333664115925515e-10,2.3281864985440314e-08,8.454421149922418e-10
7.40548172440711e-10,0.2894075633394246,1.7855487292649e-10,6.926950775397903e-10,6.398020632843782e-10,1.1576189065242208e-10,3.424779471805113e-10,7.882515302484441e-11,3.362726165901673e-10,7.0037166625183e-10,6.45669384864916e-10,3.6232163687155646e-10,6.114503733129657e-10,0.350793911152839,2.302168974451569e-09,1.1387279056301761e-08,4.170087265863707e-10,4.272406649946929e-09,1.9557044041320338e-07,3.556938314081223e-10,6.247831815055593e-10,8.554214650986351e-10,8.424905916466065e-11,0.16478298936298671,3.6083908602669386e-10,6.174098141443133e-10,5.58364404528793e-10,3.893576410773452e-10,4.5957879706349276e-10,1.7778662253407154e-11,7.163625777981849e-10,4.0341894445131207e-10,4.010396974082733e-10,1.0837362659389405e-10,1.108889667781442e-10,2.644692806703757e-10,8.281786088525571e-10,5.01437455657103e-10,0.19501530896883243,1.242175517015399e-10
2.0971183797115237e-10,0.3908218661582714,1.0440568216100284e-09,1.1116253551675133e-10,1.282598933480279e-10,5.720990177446957e-10,3.174316005876389e-09,5.621651442345339e-10,7.568770880013862e-10,1.9949799895348637e-10,1.8383141551404216e-10,3.048908950684713e-10,3.609328936177515e-11,0.3437498637250531,3.469045188113687e-09,1.2354848933325576e-07,1.9613660831886933e-10,1.4019732700596243e-08,1.2513189811545402e-06,2.7481042412576014e-10,1.2183247721841844e-11,2.1635554350056445e-10,3.336939434380833e-10,0.1649093753095315,7.166172764705977e-10,2.009064556541084e-11,1.0307006968548631e-10,2.096456720746841e-09,4.315459762553375e-10,4.008602037765204e-10,2.2142551386260588e-10,1.7884907568012703e-10,1.1680994315887355e-09,4.68254242741629e-10,5.959748601473976e-10,1.0947917931565893e-09,1.948401408487275e-10,2.370701071083002e-10,0.10051748542047564,7.863324374542629e-10
1.9846404625824918e-10,0.43735000368888693,2.5682621736616506e-10,1.1188401762321517e-10,1.6011684352398245e-10,6.878190179619973e-10,7.439966424372357e-10,1.3617125666872957e-10,7.859139723763528e-10,2.3320965675835885e-10,4.1056308847549256e-11,8.984792484386606e-11,4.891398747402168e-11,0.3215719308704502,2.6283328558501975e-09,3.158190807166058e-08,8.72778415231833e-11,1.2447637477825828e-07,0.040524622996436895,2.3795707733571814e-10,5.357606207974468e-11,2.376529888548135e-10,4.508127773070516e-11,0.1311929706779003,5.231886312063081e-10,7.234865615878046e-11,1.387965187625382e-10,9.592221300381247e-10,6.819747737134704e-10,3.6140138226816608e-12,2.2923444915836468e-10,5.587519764869354e-11,3.181562783352938e-10,5.794538811589663e-11,5.100390691806638e-11,8.504729950673747e-10,2.531054440226292e-10,1.8386314288925728e-11,0.0693603041962087,5.144113620023208e-10
1.444784277607917e-09,0.4303728543483036,9.70941476242648e-10,1.350538269561456e-09,1.319812589776268e-09,6.029524942748656e-10,4.339021270083203e-10,1.135749273838928e-09,3.0256384927121487e-10,1.3595433109552196e-09,1.577333767116634e-09,8.565322088056087e-10,1.3785095239270275e-09,0.3495007724171546,2.4978921419028057e-09,6.4269176846339725e-09,1.1159869356713816e-09,1.7098345764267117e-09,6.475751898325582e-07,9.72343298061576e-10,1.2752761796063453e-09,1.617013337297677e-09,7.621447994057755e-10,0.15920772286503065,1.8005555508996039e-10,1.4780974134562085e-09,1.189665477903039e-09,1.2360021849735616e-09,4.755373132530354e-10,5.234969602717198e-10,1.3108211481630645e-09,1.2073005746000955e-09,1.3263012599257137e-10,3.756475316670036e-10,4.151924029671098e-11,9.704504117790265e-10,1.622720064840687e-09,1.2539103806496948e-09,0.06091796095873078,7.271640424464819e-10
8.888186474393407e-10,0.2913827704788902,1.7543977385512847e-09,1.0757708347642022e-09,1.1294566860909453e-09,2.219929309037483e-09,3.5388590440295832e-09,1.6391572911735175e-09,2.5067358131698245e-09,8.021322878393276e-10,1.618124826331508e-09,1.7793958939036946e-09,1.2099476951206314e-09,0.3494109986020356,3.296635575884011e-09,0.013582868724626636,1.2497963852865394e-09,6.607840750365689e-07,5.47996983392899e-05,1.6739641199506399e-09,1.07270949755351e-09,8.73140981994679e-10,2.2387440600075856e-09,0.20561856930940395,2.0892779561793798e-09,1.0550336216741751e-09,1.033569941097225e-09,9.871399515441556e-09,2.1420193134965897e-09,2.2129272459937406e-09,6.933173200157438e-10,1.6278125709878289e-09,3.042390671800993e-09,2.4188146827663732e-09,2.559452475466569e-09,2.623435463244521e-09,9.727212845738826e-10,1.1628686499667117e-09,0.13994926585723472,2.472637297476507e-09
1.9207672360003066e-09,0.35544570339740705,3.664319012062837e-09,2.910638668575289e-09,2.283231231860581e-09,3.550550765456531e-09,4.215507263085934e-09,3.0098392211603593e-09,3.828346320550253e-09,1.7891389256598188e-09,3.795208075044458e-09,3.481060463070019e-09,3.0911436400984947e-09,0.23226919502924365,5.21201034951155e-09,7.573684690003838e-09,2.911794766645141e-09,0.00034629985451258265,1.3806563923354322e-06,3.75495552120638e-09,2.605419339836605e-09,2.124346357415724e-09,2.7895933740397475e-09,0.23410944685966423,5.033002903846173e-09,2.4819555112808843e-09,2.1140658554502528e-09,7.894306231398387e-09,5.414617139284009e-09,2.8688866160536477e-09,1.8033127707741283e-09,3.1465001598377317e-09,6.899640309817668e-09,2.842383436245314e-09,2.9151670725846867e-09,3.4790152876327064e-09,2.459743136733961e-09,3.2070083186575785e-09,0.17782785216712857,4.964491481118439e-09
5.989233272596647e-10,0.3316965507249004,1.509356488937913e-11,5.875582228574721e-10,4.658025558206618e-10,1.836353493283931e-10,1.8304455860240536e-09,3.5428332969061e-10,1.845629569033096e-11,6.114713523982781e-10,6.363905451856998e-10,1.5185615958963752e-10,5.046089873560134e-10,0.21560243605332674,1.0883509755621488e-09,0.06509490643435514,3.981083622300062e-10,3.5867606166136085e-10,8.949509021175651e-09,5.872634005979028e-10,4.821893201471955e-10,6.270593644165799e-10,3.6515094434404303e-10,0.224803016427682,2.807469036633366e-11,5.090194833425078e-10,5.250400798503941e-10,1.9299706033929053e-09,3.1074663006280986e-10,5.859503376684862e-10,5.965942662715835e-10,2.8891175402293684e-10,1.293905962470268e-09,4.5138111150463986e-10,6.111457976651813e-10,1.2121534969018727e-10,6.062166539707125e-10,4.775792923309242e-10,0.16280306318729085,2.186026003755707e-11
2.4391554428821287e-10,0.41439067859622036,5.000127446345204e-10,5.407771289330085e-11,1.1095018565366785e-10,8.391601105715194e-10,4.4416514032183735e-10,3.986995941658216e-11,1.108135726784077e-09,3.4501227403617316e-10,3.894842122835166e-10,5.202685610161024e-10,1.808218381899458e-10,0.32924071698409735,2.3648424343436116e-09,0.041921923466746544,1.6308277881446577e-10,0.12585570509633903,3.984225263220774e-06,6.596245553465888e-10,3.360256280316583e-11,3.8181858411353296e-10,1.5744028577442334e-09,0.019365316746534002,4.60018534801388e-10,1.0854369490503065e-10,3.473240559445126e-10,7.923291585519998e-09,1.2568748740495353e-09,1.5295279972354217e-09,2.7832080049264295e-10,6.423002416114723e-10,2.1258141061543716e-09,1.1601479693618153e-09,5.89467024051119e-10,1.897360485365677e-09,5.566119276606948e-10,1.1087066050615782e-10,0.0692216446210282,1.3240495642872712e-09
2.0502568073698377e-11,0.34631855160515945,1.1622994430324336e-09,3.1754408961082154e-10,2.4832286518912613e-10,1.2991810411585278e-09,6.806472617342829e-10,6.184394756503961e-10,1.3862882153344126e-09,1.9244522348077113e-12,1.0515211865730799e-09,7.023133564132567e-10,3.886784585038936e-10,0.25579839840567015,4.412790611872982e-09,4.03212364284088e-09,8.303252674442515e-10,3.37277076811885e-07,0.08077099325142471,1.2615054094280862e-09,4.946153928147229e-10,1.7405242443244483e-11,1.3135812655481476e-09,0.1565902903856556,1.67717669048358e-09,1.33859274644255e-10,1.6368297583918346e-10,1.4227487623659636e-08,9.977247121863298e-10,1.681533212457125e-09,1.5160298157708838e-10,9.490696047958685e-10,3.3738788147093272e-09,1.5323653966215662e-09,1.8364149979096306e-09,1.1349205648961055e-09,3.4063836811965595e-11,5.830545095391096e-10,0.16052137840226993,1.9558988319277157e-09
1.9545120024088686e-10,0.31923176637355594,2.7960048359322384e-10,2.3498038181130984e-10,2.3421631060818816e-10,3.798785286453591e-10,3.5746739443439513e-10,3.091753983217006e-10,4.071300876057224e-10,1.773719134039198e-10,2.990578580130512e-10,3.1336218542975104e-10,2.175468520124334e-10,0.2977084857703961,4.799561110513784e-10,0.0018871492271896175,2.8695278523446204e-10,3.58468003118794e-09,5.508496437457814e-09,3.7407745152758864e-10,2.5912943767917424e-10,2.1395822463745884e-10,3.3788297213876214e-10,0.3423860045090493,3.7416284639127435e-10,2.0982742808845223e-10,2.6024548215516633e-10,8.525836572567183e-10,3.769562533275447e-10,3.1851071677990465e-10,1.6164865082464982e-10,4.0808665862579755e-10,7.492904973967455e-10,3.3839329069077427e-10,3.3994311602879305e-10,4.162319222884023e-10,2.0537710536615736e-10,2.410422162263333e-10,0.038786573916263646,5.008733738527971e-10
2.1446405832069503e-10,0.31511108593068404,7.091347372049634e-10,2.813515525210551e-10,2.5716183795919503e-10,8.157296226444418e-10,1.6332838161200434e-09,6.678763576373936e-10,9.670889191317618e-10,1.6420229646057082e-10,6.145583209325299e-10,7.113122366102475e-10,4.142696823344891e-10,0.33525468873045805,2.740715776657198e-09,1.6363197901097498e-07,5.077200007738819e-10,3.5509023653905056e-08,1.5386169486187066e-06,6.539324389817584e-10,3.613259576263312e-10,2.2732930361783846e-10,1.0449520812413935e-09,0.18893666479151008,9.858248489893397e-10,3.6630918902246836e-10,4.1975711632127795e-10,3.223029257889541e-09,9.700621030770593e-10,1.1089372583351089e-09,1.1660045312768834e-10,5.980251447210688e-10,1.3842360266650436e-09,1.2184372859496885e-09,1.381930272634308e-09,8.428535227364651e-10,2.6285318057853103e-10,3.5702803545161124e-10,0.16069579562557854,9.41525432790209e-10
3.16147706942544e-10,0.35692857928566574,8.358840558433296e-10,4.111009102250501e-10,3.993112539343584e-10,9.654912889569444e-10,1.5877935304578498e-09,7.083368170402303e-10,1.1469128983231684e-09,2.7132566919746325e-10,7.572709207169816e-10,9.34307247404959e-10,5.556582661035969e-10,0.34521993211255514,4.287272797114101e-09,9.239642976885576e-07,7.737625659186131e-10,2.611990960772978e-07,2.1736987419554913e-06,8.994218008536544e-10,5.433041012790937e-10,3.4876996871760943e-10,1.0399410297703969e-09,0.17702345818842957,1.268367950529717e-09,4.230911271854597e-10,5.032586469449134e-10,3.6340852765198525e-09,1.6725211349030438e-09,1.094811525756386e-09,1.9386583780738062e-10,7.693976184263571e-10,1.890996292629855e-09,1.1886078385286767e-09,1.3246718329484775e-09,1.3509421691085065e-09,3.5725114483933243e-10,4.960004808504293e-10,0.12082463741470609,1.1866260595154044e-09
1.746922676751182e-09,0.3828078386316128,6.568554828327726e-10,1.6452854561971234e-09,1.6039180682182667e-09,7.738708523881039e-10,1.1563817368864372e-09,1.0826312659444322e-09,5.687786761755315e-10,1.5896014328645677e-09,1.9795082812552885e-09,1.3635023764215519e-09,1.752008216888411e-09,0.37173402774718184,1.7266408643144962e-09,1.988716114859583e-07,1.3232713189417796e-09,3.080311672237422e-10,3.434774788838277e-08,1.1787503768424183e-09,1.534694208296783e-09,1.994763301536009e-09,1.108956451505722e-09,0.1673738033364978,4.731937206747695e-10,1.7711839565339533e-09,1.9053993789150486e-09,5.50694853296479e-10,2.1288414574296347e-10,9.061772990878346e-10,1.5580921805958303e-09,1.2787424147842932e-09,1.0140092303358934e-10,8.545635701563136e-10,5.864057159449902e-10,5.773570083923527e-10,2.0730192827674585e-09,1.361492732611092e-09,0.07808405724120049,5.191684135180849e-10
2.846615234043019e-09,0.34600213950199865,2.084168983864101e-09,2.5574043171416126e-09,2.7172044764174805e-09,1.4266309003055863e-09,1.879750159743824e-09,2.2059579053043294e-09,1.3053990695401335e-09,2.5778592148138884e-09,3.340277232321044e-09,2.521472689998863e-09,2.754678161996725e-09,0.20975133089867176,1.21569646077314e-09,3.3738285161559645e-09,2.121425235457535e-09,8.966927069816378e-09,0.15222961671396018,2.16134775089365e-09,2.6043908873814526e-09,3.341519741673405e-09,2.1921528733080316e-09,0.17967230342809207,1.5667805835154278e-09,2.6681721093241033e-09,3.102608809353153e-09,2.0538081049831012e-09,6.12505917905676e-10,1.9340072498800286e-09,2.4546862179250907e-09,2.2973041172084884e-09,8.637324693165574e-10,1.8223524827266333e-09,1.4745228006508363e-09,1.7148587095192905e-09,3.2352528622404082e-09,2.360026407561968e-09,0.11234452564427289,1.45767858757291e-09
9.716451286079317e-11,0.3613388361746551,1.65568254447875e-10,1.213678494137694e-10,1.0889828219200044e-10,1.7658443989810802e-10,1.8200780660495103e-10,1.3957909770070957e-10,1.8851729000333295e-10,9.131217833057791e-11,1.4462069997315078e-10,1.6002339745292657e-10,1.1512660935119546e-10,0.35402220570551024,2.642634649629777e-10,3.085849256973582e-09,1.5112372668359871e-10,4.768796624561e-09,3.196632583940486e-05,2.0043601056317193e-10,1.3432890354791517e-10,1.0803221170597941e-10,1.400340227119406e-10,0.1787417623831682,1.838582485675834e-10,1.1382069833651888e-10,1.134098326560259e-10,3.2998368016748586e-10,1.618866235603821e-10,1.3978743053316282e-10,7.825696634380383e-11,1.5451071136572526e-10,3.030605788193067e-10,1.4174294575173368e-10,1.431320345950305e-10,1.9717823365863012e-10,9.952173817444676e-11,1.1868543854393817e-10,0.10586521634217935,2.4617805677494006e-10
2.2135474230906978e-10,0.22466950031580515,6.459765233537694e-10,2.5900446149291387e-10,2.3311041635282817e-10,7.831625731605417e-10,1.05743869845557e-09,7.787116858180327e-10,9.296585655146989e-10,1.4283145299249348e-10,5.761503015430077e-10,4.797717221776507e-10,3.367004890446749e-10,0.4588636591700986,1.9817346550217264e-09,0.025569179105813775,5.04164269600962e-10,1.1784345869603824e-09,5.840764098270261e-09,1.1109481946065603e-09,3.8859991968765095e-10,2.0500616951602577e-10,8.844232383521013e-10,0.25783137577951026,9.732574790114196e-10,2.32658287995878e-10,2.33919349642128e-10,7.51242273630303e-09,7.031290140230137e-10,8.384888393316475e-10,9.198108590643939e-11,5.600434888880919e-10,7.523379109154973e-10,9.43778541301849e-10,9.860139705597373e-10,6.110503276178921e-10,1.8385658972318471e-10,2.838977864057647e-10,0.03306625111970756,1.0642827093251995e-09
9.475172448264509e-09,0.27358788033994175,1.3055084651427507e-08,1.765916356686124e-08,1.8353961157182158e-08,2.959804883238916e-09,1.0825461555983295e-08,1.3035687881210068e-08,8.979516102934615e-10,1.1000694573379558e-08,4.259713285048807e-09,7.031515597597504e-10,1.1713095363105135e-08,0.5353085216485037,6.690725697377279e-09,3.512105620068595e-06,6.156878864494728e-09,0.09074869736692379,4.206476010811286e-06,8.927938306747495e-09,8.11754068559299e-09,1.2778310595403045e-08,2.2740877646032018e-08,5.840469376893673e-07,7.055350373689114e-10,1.7485439604673013e-08,1.4319675903835082e-08,1.8461959742121637e-08,1.0700934450223224e-08,2.1096837753019855e-08,1.6774680414110097e-08,1.3650229455102637e-08,3.829338860501911e-07,2.1860331103911423e-08,2.0173213942763135e-08,6.569366710071851e-09,7.574085538813309e-09,1.0919898534588298e-08,0.10034584510243447,1.0336339274385075e-08
5.71260269511641e-11,0.2644949758213188,1.8264572067118913e-10,1.9727461295744916e-12,6.52031514691969e-12,1.307734493771964e-10,4.820560810961258e-10,1.0403967171560785e-10,1.5620728311040277e-10,3.325262147955911e-11,9.547044304689293e-12,1.4013127377789361e-10,1.4799788969411942e-12,0.40537024143892386,1.3505043416128896e-09,0.01883305029042599,7.054285190311568e-11,4.741644590153113e-07,0.033565353393811,1.1238322662787496e-10,1.7355968102893087e-12,9.996893700236861e-11,1.9486802357618304e-10,0.2777358965332606,3.578481766670481e-10,3.8515562716941626e-13,1.5462139961786187e-11,7.427397931332601e-10,2.7803976470652386e-10,2.1383393248972028e-10,4.799373627019738e-11,1.3572437550058786e-10,6.749141887934982e-10,2.4397734285736464e-10,3.0252134992061896e-10,2.789552170082047e-10,4.303353689143528e-11,4.638272054594832e-11,1.451006815951372e-09,3.8922713259257144e-10
5.129681785196297e-09,0.14482642721561678,1.1254021769835112e-08,5.611885742249365e-09,2.974891343317529e-09,5.725040362198397e-09,5.433859165888591e-09,4.416459614312978e-09,6.4096247182187865e-09,2.2424962135926554e-09,3.6280652848940847e-09,5.491818571201119e-09,3.0478889467364557e-09,0.6894733986209599,5.007850433888932e-09,1.5866555885147666e-08,3.3362383780491374e-09,0.004454668778889957,9.828096955243454e-05,1.048285259496166e-08,3.085357257335418e-09,2.7133995808173417e-09,4.461989863325042e-09,2.7865733804645914e-08,7.570060883089238e-09,2.6325482622388653e-09,2.7246547803089258e-09,1.29438709941321e-07,4.6775947983266935e-09,4.2142162947542604e-09,2.257563376942063e-09,4.789364066973411e-09,8.88945667783036e-09,4.446725367530393e-09,4.465592024150166e-09,0.019618132156781442,3.3087221004301963e-09,3.380804482042694e-09,0.14152876547852591,9.797949142093658e-09
3.5767518843241046e-10,0.32352710517169364,3.083780406100452e-10,3.4023140056509025e-10,3.638764772926963e-10,5.358786668830992e-11,2.6253367919096305e-10,3.324557346517693e-11,3.803360078389167e-11,3.6970590179085274e-10,2.970471752497489e-10,3.362504144182433e-11,3.832535987308152e-10,0.3122658085989659,1.6614562423070778e-10,1.1470245565167248e-10,2.3292238470408573e-10,1.1719278054091772e-09,1.3169915392677229e-08,3.6263456487516804e-10,3.1824264593055066e-10,4.639950390799576e-10,2.380425238834586e-10,0.3521367812805958,6.791535776945045e-11,3.2592132120505914e-10,3.412701281249336e-10,8.508823532180474e-11,3.5645781158880224e-10,2.8431935649064334e-10,3.5106590298489137e-10,3.8329670730745683e-10,1.499290971707509e-11,2.2562054672316326e-10,2.431719370948815e-10,2.1358068076208727e-10,5.419337236469717e-10,2.2327617359662398e-10,0.012070282185812485,2.529948893981945e-11
5.0527688462762196e-11,0.2780940426004659,8.435064031662487e-11,6.058458317494332e-11,5.893470843864532e-11,9.96276875705812e-11,9.547395016521427e-11,7.875374593434838e-11,1.0510290881643112e-10,5.112773158555438e-11,8.349018253587683e-11,1.0601184728454605e-10,6.413164728048896e-11,0.29957100781671775,1.6121812547199454e-10,0.00573695868589651,8.945496954060013e-11,2.521943022494499e-08,0.004150330152833747,1.0693957603319915e-10,7.829529131602451e-11,6.002637009837809e-11,7.72537775305651e-11,0.17823666594373008,1.1473866537583312e-10,5.428534507091613e-11,7.329869969664071e-11,1.8335502801655868e-10,1.0586947015197064e-10,7.523267208271956e-11,4.189685762426066e-11,9.443569868242517e-11,1.4713189432489985e-10,7.755481245394724e-11,7.795521848432902e-11,9.673171981593498e-11,5.408436193988395e-11,6.669093721443489e-11,0.23421096666706998,1.3928898366637516e-10
1.8168043745126484e-10,0.29441898507892733,5.808071084199788e-10,2.705920285436396e-10,2.423090692485156e-10,4.665016289335044e-10,8.533841225192458e-10,4.0178194037898416e-10,5.328561105840822e-10,1.3647221855271011e-10,5.745712582666773e-10,6.278280835357976e-10,3.999822574959044e-10,0.3187389494493583,2.4705453926791245e-09,3.6806242193699266e-08,4.446959211116359e-10,9.540185193012542e-09,7.138921915845959e-07,5.394877853996354e-10,3.097000738769172e-10,1.931921183611301e-10,1.1745027393338736e-09,0.18896829394173545,7.571446754474041e-10,2.7383660379530003e-10,3.0346993961284854e-10,2.4315171270985483e-09,9.205712991758373e-10,1.211371617327038e-09,1.1054117749683806e-10,5.940759898305403e-10,9.512078807660984e-10,1.3124903663079446e-09,1.4556124745571925e-09,6.689118133421871e-10,2.44821719754704e-10,3.70233949847386e-10,0.19787298850552887,7.791341770014997e-10
2.5910922955970027e-09,0.29238300388798744,1.7913323697059121e-09,2.4424268309123438e-09,2.292944477462955e-09,1.7431368164277024e-09,1.0351356055104593e-09,2.1273358169830475e-09,1.708237431025046e-09,2.3426162329496817e-09,2.856673074173526e-09,1.9052425136948344e-09,2.4323228728580198e-09,0.3234536085142183,2.1492642036703023e-09,1.4027697280520043e-09,1.9788448194582614e-09,1.804927247500384e-08,1.2333072401102944e-06,1.9106383458864066e-09,2.3674612617636564e-09,2.939608572239271e-09,1.7219557745947884e-09,0.2167473505815849,1.3121372898419369e-09,2.3524917456887567e-09,2.5217034185563507e-09,9.190027586172659e-10,8.551989940977205e-11,1.3863005574314624e-09,2.395459582037412e-09,1.863308390993438e-09,4.988577886328122e-10,1.4064878877448578e-09,1.0440993495700563e-09,8.910569575538781e-10,2.9726297162536182e-09,1.7404566112508578e-09,0.16741472329294924,1.238196578507718e-09
9.264071800049387e-11,0.31268543427835316,8.170638679946311e-10,1.8513097235787272e-10,1.3202916086049313e-10,9.35557332601682e-10,1.441437756091516e-09,6.150519287074808e-10,1.1998795171650816e-09,4.399135945805431e-12,5.93562966338961e-10,9.263489149778469e-10,3.1869629105687695e-10,0.34664401047504306,3.647604289542549e-09,3.4056479421460104e-07,6.955135983102575e-10,1.976173928784495e-08,2.9572992410271975e-06,9.209263490425266e-10,3.9907849787044204e-10,4.903581817866104e-11,1.4916882084412724e-09,0.1953019770173992,1.5010031311885617e-09,1.965249033697166e-10,2.441022783182814e-10,4.9167530263315066e-09,1.6947943797938804e-09,1.4361647685473012e-09,6.867394808935272e-11,8.261120230823823e-10,2.2483688929258875e-09,1.5898895946178303e-09,1.6141698712504424e-09,1.1554730096846952e-09,7.179496943175237e-12,3.208363471563797e-10,0.14536522691469755,1.4030415965527538e-09
1.8933933071318228e-10,0.2964483802100004,6.193405368779468e-10,2.8563818604115785e-10,2.5185938934690365e-10,6.327190518695367e-10,1.0050873784473867e-09,4.722487288503231e-10,7.163996100657502e-10,1.5522662817059926e-10,5.835511262270341e-10,6.844101950708108e-10,4.0376215519077297e-10,0.3413425399950395,2.6126390425717087e-09,5.482990631386325e-07,4.604786625836469e-10,8.721642211703063e-08,3.1587503397114066e-06,5.956703141661492e-10,3.218015753722126e-10,1.951038215436929e-10,1.1503133084447757e-09,0.2036547949063776,8.57337571773032e-10,2.972950972532919e-10,3.578567082814043e-10,2.7084560760541614e-09,9.258865827852466e-10,1.2178756840418385e-09,1.1596955006566554e-10,6.122005085383701e-10,1.14420497563124e-09,1.307109351816743e-09,1.4702602207969507e-09,7.683009819210981e-10,2.4190944183360116e-10,3.6324261461210306e-10,0.15855046600795816,8.913049022296144e-10
