9.222518116814904e-05,9.206287757925264e-05,9.198778702544172e-05,9.206667331011844e-05,9.206741755666557e-05,6.796061279708978e-05,7.898559333316651e-05,7.738104255041696e-05,7.111409931066718e-05,7.966776182258239e-05,8.63529958477514e-05,7.557686812626301e-05,8.33660873111388e-05,9.177920331549476e-05,4.65633325576173e-05,0.00025624551834768964,3.5764104448105254e-05,5.17744792847145e-05,4.975130665202235e-05,6.611788435032167e-05,3.392277390738163e-05,0.28053088637877005,9.222195488947864e-05,7.306108301969145e-05,0.0002785660798741563,9.222187676545207e-05,9.222454516745362e-05,5.006709215648905e-05,9.222744787338887e-05,9.174989840379594e-05,9.150874453720583e-05,9.22057204094762e-05,2.0169384862799808e-05,9.11728697681765e-05,9.171305626192529e-05,9.222407807172217e-05,9.149238561202531e-05,9.156570445908019e-05,0.7161639015594586,6.808653903697392e-05
0.0001522036320050625,0.20470556467515066,0.7895150740970247,0.00014357684332721933,0.00015350462439382495,0.00014721599120900625,0.0001495216507920367,0.0001535293666526208,0.00013460077686157287,0.00015342256415859715,0.000153443481816011,0.00015340873192756457,0.00015346351444075112,0.00015350464113552374,0.0001535286916755762,0.00015274715385214284,0.0001535247731078738,0.00015351619702756887,0.00015352027355243115,0.00015306908014800643,0.00015353136420726582,0.00015259787670842602,0.00015352870601303425,0.00015353186602681462,0.00015334285489667626,0.00015343087940977119,0.00015342302802536783,0.0001532084510000636,0.00015274238388806813,0.00015346729030523166,0.00015352366260635642,0.0001533812446580797,0.0001534313078245937,0.00015330627572205594,0.0001533807419647181,0.0001534817201795877,0.00015351275086179352,0.0001535241763408688,0.00015273098007022749,0.00014498167903230526
8.902766688939111e-05,8.88669722683038e-05,8.877759337677532e-05,8.893320037245831e-05,8.888070859261101e-05,6.54349931463291e-05,7.96421235518068e-05,7.409074794557256e-05,6.750405661095417e-05,7.054966587371033e-05,8.032208854644667e-05,7.356350417867242e-05,7.44304622127797e-05,8.853349568137943e-05,4.314981636576936e-05,0.0002405254015526,3.53101481786663e-05,4.971926251600522e-05,4.810935191730766e-05,6.552018103118909e-05,3.426302544965076e-05,0.3126141397174513,8.902509879544429e-05,7.398989828853111e-05,0.00028115904724222864,8.901247282351386e-05,8.902773997036443e-05,3.833415202049697e-05,8.903060241481024e-05,8.902043635813261e-05,8.835669686616519e-05,8.901155923297349e-05,2.043360967618569e-05,8.800270732444835e-05,8.857730004114632e-05,8.902720600150363e-05,8.834661303721219e-05,8.842099674318621e-05,0.6842057463401059,6.618333934811192e-05
0.000149650431803168,0.24085445497119123,0.7534483620975315,0.00013260093754611545,0.00015111303544285335,0.0001454541509204905,0.00014446434271310046,0.00015114972261296916,0.00016833486901659124,0.00015094645194168015,0.00015103331041657847,0.000150909238899993,0.0001461543750459036,0.00014729600041455445,0.00015115573467739332,0.00014920742402473535,0.00015114385581157836,0.00015112766465665424,0.00015113514481569895,0.00015057507377107208,0.00015115605306812439,0.00014938168784836371,0.0001511465523152838,0.00015115665540673027,0.0001506546788685653,0.00015090955438092294,0.00015033249223873137,0.00015115114695178768,0.00014931257995897702,0.00015096197606095395,0.00015113581971399983,0.00015080269877357563,0.0001510575985343043,0.00015055425010379177,0.00015067709061999238,0.00015103362593994705,0.00015109963743365328,0.00015113713350143883,0.00014890103857422287,0.00014116889645246692
0.00022792606553852444,0.00022744201688947968,0.00022729058774598846,0.00022696888787840922,0.00021768798858692184,0.0001805846407765249,0.00019626030563877408,0.00019703719363754326,0.00018559288994383013,0.00018498860570443932,0.00018003140438267517,0.00018951031868750753,0.00018229496128605984,0.00021420340485705846,0.00015392645921423687,0.0004162518166623108,0.00010841142473921432,0.00013865435374783107,0.00012861947802449988,0.00022252732643679958,9.034041597758891e-05,0.23679374051921842,0.00022791820186903825,0.00018382820771238627,0.0003603842833350538,0.00022310960839961656,0.00022792628153142324,0.00011402186165859639,0.00022793499334536948,0.00022790212849573018,0.00022647643918034514,0.000215352077324582,6.034337746133883e-05,0.00022490260615375688,0.0002265343019580945,0.00022792770033112946,0.00022766598475786024,0.00022341038782532625,0.755500809638049,0.00018326085503680203
3.829576758127058e-05,0.14469752315489065,0.8538585177600913,3.53565309296695e-05,3.8291108453053426e-05,3.6949487061403086e-05,3.683690025209111e-05,3.830025478672969e-05,3.878883112306343e-05,3.825513333812244e-05,3.826256256567646e-05,3.824888292823904e-05,3.8271657717953824e-05,3.8291827876210446e-05,3.830181799337062e-05,3.8299699177691865e-05,3.829842971618336e-05,3.752682504307499e-05,3.829653164278947e-05,3.806242857954582e-05,3.8301649836342334e-05,3.720812415851119e-05,3.830035256855015e-05,3.8271479490477684e-05,3.820802353563057e-05,3.826132295780234e-05,3.83049458187991e-05,3.830085422596782e-05,3.796329653325972e-05,3.827651303793512e-05,3.829819038534117e-05,3.825107499549208e-05,3.822859791451204e-05,3.821615217983485e-05,3.8238220183727556e-05,3.8281502878778815e-05,3.8294225917361813e-05,3.8298414181570285e-05,3.804161019166658e-05,3.5479857260495674e-05
0.00025945286914596003,0.0002588973729769959,0.0002587318478144819,0.0002584155560899486,0.0002473689269499193,0.00021108793911738867,0.00022225400039871127,0.00023186171406913632,0.00022128002160206548,0.0002085047613346343,0.00020788029403117196,0.00022160355424785536,0.00020952449811455145,0.00024455307168458546,0.00017357280701317152,0.000756074263276235,0.00012550437602919438,0.00015426027885690006,0.00014939632252833872,0.0002487650522143423,0.00010333003498370273,0.23599001040800513,0.00025944491757427774,0.00020807657841112883,0.0003567607921021943,0.0002532713850369226,0.00025945427120598605,0.00012823760321343272,0.00025946365757264264,0.000259461270834683,0.0002577018432699029,0.0002464922616440396,6.855141086094195e-05,0.000256053549104192,0.0002577570459257065,0.0002594556737704421,0.0002591493534594757,0.00025418682737508483,0.7549737325226688,0.00022041906548582406
5.933336598465308e-06,0.17611205840443847,0.8236655783412948,4.3784970948267706e-06,5.932378964624081e-06,5.48511887789294e-06,5.292275359411555e-06,5.936707619741697e-06,8.384915267941096e-06,5.913775752692847e-06,5.917728536132068e-06,5.909067887748256e-06,5.9215923884165015e-06,5.932553945155566e-06,5.937190473824536e-06,5.821081829453163e-06,5.935433591447668e-06,5.576552030895456e-06,5.934856286853729e-06,5.799695764865076e-06,5.937102897692879e-06,5.436994456424579e-06,5.936198297635986e-06,5.918253477686823e-06,5.873404004889196e-06,5.915015176149944e-06,5.939179012297313e-06,5.834467113198167e-06,5.7402023146410975e-06,5.9240248407741846e-06,5.934967282968342e-06,5.9016773138350414e-06,5.898862532967273e-06,5.888877681079616e-06,5.898176720913234e-06,5.924019477298546e-06,5.933296720377913e-06,5.935169677351876e-06,5.758510723165691e-06,4.892096274907654e-06
0.00010906712076241845,0.00010880488061744428,0.00010871370922554453,0.00010869406137234208,0.00010881537292748553,8.115584285082439e-05,9.055790827398718e-05,9.060903521522331e-05,8.442903111775188e-05,9.67777806914676e-05,9.058908239850258e-05,8.839864701018388e-05,8.246225493274711e-05,0.00010856107533632201,6.592637633735477e-05,0.00011295939154978726,3.449087462033272e-05,6.767888233052858e-05,5.658955757269734e-05,0.00010684836779702444,2.7407514423461575e-05,0.2704412688538029,0.00010864548015128328,8.586893460280895e-05,0.0002456574659605175,0.00010903828943777173,0.00010906807049242648,3.8996428520242935e-05,0.00010905465410962382,0.00010829275444751153,0.00010690670835474217,0.00010172497813162522,2.1230239687649796e-05,0.00010741087058509131,0.00010831263316000646,0.00010906837839917538,0.00010733672667816982,0.00010754822494466914,0.7259612250297436,8.380851142687883e-05
0.00010396401406303678,0.21698740912548284,0.7790993130679644,9.284624884681959e-05,0.00010395411585022185,9.962039945448896e-05,9.945830852877433e-05,0.00010397816991585869,0.00010488600053042286,0.00010383588073039241,0.00010386885052865822,0.00010380977806430229,0.00010389788110003005,0.00010395643511450505,0.00010398519570058386,0.00010297813860439122,0.00010397593937648761,0.00010187015715544451,0.00010397101854033514,0.00010314669662715692,0.00010398509966633611,0.00010068808845430946,0.0001039812013458341,0.00010387891637836273,0.00010364540065388152,0.00010383135427158748,0.0001039973484149826,0.00010398448529157689,0.00010282956812112675,0.00010392469059742942,0.00010397362295953381,0.0001037750450034551,0.00010398931162121853,0.00010374589460275222,0.00010377213022859876,0.00010391088827152145,0.00010396723490185947,0.0001039748552847755,0.00010300313130601572,9.641631044570077e-05
0.0003495269968666909,0.00034926654113196485,0.00034846414973811686,0.000348329210744586,0.0003393203629578897,0.00028770668382515686,0.0002751619266192057,0.0002711389504143773,0.00032773443437018006,0.0002475707757760878,0.0002509724339022594,0.00026287740569347454,0.0002480642331308604,0.0001684763395219981,0.00011557161439902628,0.0003216130471086611,9.742471000722076e-05,0.00014788811625605713,0.00014645797802258627,0.00010938230008128196,7.839511118417441e-05,0.07854538061604123,0.0003495504910222187,0.00023252383655569675,0.0017458211115895747,0.000349469282480766,0.00034957703056360796,8.796269377230803e-05,0.00034958807880923877,0.00034958603502095004,0.00034958917707664347,0.00034947131901066756,5.232052240551299e-05,0.00034950094590422873,0.0003462423702195744,0.0003495746080521222,0.00034483681810770685,0.0003448633340997362,0.9099015186299435,0.00016127977757281813
1.978557702559915e-06,0.26447776698578035,0.7354470909631531,1.7311157646137294e-06,1.9923288470711513e-06,1.9927511413571717e-06,1.9540010729294276e-06,1.9926715077061435e-06,1.9348701961127225e-06,1.9924672200125387e-06,1.9916942861404154e-06,1.9926129228553443e-06,1.991959932457505e-06,1.9560773761943546e-06,1.992757837691144e-06,1.9927492169092228e-06,1.992712449161249e-06,1.9926134560866492e-06,1.9926455979458367e-06,1.9891740961681276e-06,1.99275688484672e-06,1.9744205181218264e-06,1.992739857331479e-06,1.992037980397518e-06,1.9912598744659433e-06,1.991527090752352e-06,1.988452866779286e-06,1.9864345959353586e-06,1.981423621999079e-06,1.9918622608994993e-06,1.992595261899356e-06,1.991589623016425e-06,1.9915676463367607e-06,1.98982842113857e-06,1.9902008815021526e-06,1.9922115164841636e-06,1.9922410194817153e-06,1.9925856709195594e-06,1.9862961288690345e-06,1.88625872152806e-06
0.00014603062969447255,0.00014582210939796382,0.00014572220756433306,0.00014568196263477963,0.00014342836457492225,0.00010218995439718743,0.00011616570347653108,0.00011924497353414581,0.00010568676046835706,0.00011227963181882087,0.00011449778048682248,0.00012511137897004346,0.00011541379529153848,7.787110524892439e-05,4.2190677941367365e-05,0.00013322618028878774,6.81632218974269e-05,7.65427602462957e-05,8.088365528265036e-05,4.668426313711998e-05,4.717935882312727e-05,0.19917094867565419,0.00014574977659989607,0.00010246504724478021,0.00031541628634626224,0.0001457103361794634,0.0001460439571151275,6.138322515615817e-05,0.00014604621977223447,0.0001460295895683487,0.00014534283923039144,9.184834985873263e-05,2.5118368070603942e-05,0.00014473401325422987,0.0001455586471575897,0.0001460435747684503,0.00014395606563683713,0.00014412172192821535,0.7963456667299166,7.780010136651621e-05
1.609919927421093e-05,0.33778199538942594,0.661636903160952,5.628630858637169e-06,1.609864070487155e-05,1.6112932039422533e-05,1.2892179682948504e-05,1.611042548652849e-05,1.61229506941686e-05,1.5951846814014174e-05,1.6004246578467705e-05,1.589534607076879e-05,1.605407528016623e-05,1.2877860726617315e-05,1.6120206504796615e-05,1.5440452127138935e-05,1.6114393757836373e-05,1.6102583694618368e-05,1.6106080281776088e-05,1.565427033625028e-05,1.6119588330196626e-05,1.5431626420788415e-05,1.6113943826384838e-05,1.6023216575295996e-05,1.57015992963236e-05,1.5928053422634657e-05,1.552116585348176e-05,1.5141262906584067e-05,1.4438288274310343e-05,1.597589377397591e-05,1.6097932680803807e-05,1.5954035815589643e-05,1.6004282952710834e-05,1.5675979712428187e-05,1.5716892981652104e-05,1.604111105366277e-05,1.6047616775533276e-05,1.6095675567375686e-05,1.5038133087913048e-05,1.0648829401111317e-05
0.00021474051592318196,0.00021440968496953724,0.0002142491236254947,0.000214361825574681,0.00020864135062887267,0.00019760030164171563,0.00018469172240464404,0.0001872843587534262,0.0002134488803999208,0.0001771133741655447,0.00017803905083926935,0.0001770862739776036,0.00017091023494257606,0.0001296769338470898,7.70047179453246e-05,0.00019867699864110523,0.00011263418208659384,0.00011873635671968113,0.00012074310236758978,7.848259507596019e-05,7.623364580756678e-05,0.18427292223454628,0.0002142906935570827,0.00015726713464688657,0.00032827954197543356,0.00021475276779066505,0.00021476068874940954,0.00011383962428321538,0.00021476438134791252,0.00021474112353128937,0.00021399348256620498,0.00019474107305048755,4.2651751654032976e-05,0.0002127119000892124,0.00021398771100425993,0.0002147593275242614,0.00021212309643181123,0.00021227063061296365,0.8089435581077449,0.00012881949855634875
0.00013771447414997584,0.1741106742651578,0.8206079351514577,0.00010550140931431586,0.00014215383961985577,0.00014214901615212412,0.00012486387113643047,0.0001422016942518015,0.0001421037047886348,0.00014178271742807408,0.00014191116374795312,0.00014164083793971285,0.00014204505505722163,0.0001309921071857371,0.00014222420891772097,0.0001422005401701054,0.0001422055628589064,0.0001421684203650588,0.00014217720554589484,0.00014159769296351654,0.00014222531418645412,0.00012208514789898266,0.00014221312291615406,0.0001419452455157682,0.0001422176373861651,0.00014178263643659396,0.00014105892487011878,0.00013984508776390255,0.0001387157391826862,0.000141846918851208,0.00014216432082475125,0.0001418520507630217,0.0001417436391532037,0.0001412614130381961,0.00014142854701921064,0.00014203433258560598,0.00014205505977953523,0.00014216160039103924,0.00014039356778989572,0.00012472675543901237
9.37361120688274e-06,9.349080154463016e-06,9.337886038903464e-06,9.342272308141466e-06,8.953428070804712e-06,6.650057927209442e-06,6.9370960462210945e-06,6.6752513874996345e-06,7.113940406799828e-06,6.059008158156425e-06,6.242200018924335e-06,6.167659769601126e-06,5.803199631289565e-06,3.818087426066784e-06,1.906433338350812e-06,4.3180292208105145e-06,2.5627107720950178e-06,3.3461462402309597e-06,3.297137736192622e-06,1.9705612954275396e-06,1.7098768842547517e-06,0.13880440157984336,9.334961989752006e-06,5.104456593730455e-06,3.889427390304764e-05,9.372520765820336e-06,9.375117311593286e-06,2.363520771031111e-06,9.375463880501471e-06,9.3737832857079e-06,9.342691952119949e-06,7.948959385897195e-06,1.0245383656640747e-06,9.208217823307731e-06,9.308913629854976e-06,9.375058081184255e-06,9.192240091689962e-06,9.20140304563195e-06,0.8609132900201919,3.578605049726394e-06
4.3852891395736677e-05,0.2726029185061065,0.725673219564737,2.8013724502081593e-05,4.705179508223664e-05,4.706737053176404e-05,3.724507210716288e-05,4.70723290273238e-05,4.53744356163451e-05,4.681038818472919e-05,4.6898536059821055e-05,4.6712894033520436e-05,4.697977802182767e-05,4.279069447903393e-05,4.708936332349347e-05,4.7073645600538146e-05,4.70768469699348e-05,4.705790588903057e-05,4.7064540445223515e-05,4.63305134156804e-05,4.7089999564116145e-05,3.766226326541177e-05,4.707938999680465e-05,4.6899666689316295e-05,4.708594546087433e-05,4.679391747322908e-05,4.6296058795802454e-05,4.546988816692274e-05,4.4629427404176154e-05,4.6829350870345055e-05,4.705073931523892e-05,4.6824824066421754e-05,4.6783076070672686e-05,4.6409218186941e-05,4.652291791622443e-05,4.6954554102116185e-05,4.6974666643424465e-05,4.704955311185744e-05,4.5710661284123795e-05,4.0183086086949457e-05
0.00011248767595240591,0.00011223093406255326,0.00011213208230007506,0.00011228954516430908,0.00011226038084750306,7.710499918522178e-05,9.289907962312273e-05,9.295202942479812e-05,7.972286910003998e-05,8.949420859408986e-05,0.00010557645270200173,8.799697217352264e-05,9.471156271808203e-05,0.00011181043691251066,5.464799960171682e-05,0.0003181103407256689,3.6988719656526854e-05,6.087889627497113e-05,5.617838458305018e-05,8.173185948588326e-05,3.534869757446564e-05,0.2525944336442889,0.00011208403202031726,8.239593044946918e-05,0.0002525588245243628,0.00011241270447749551,0.0001124872419985265,4.093920877610004e-05,0.00011249144966169845,0.00011247546280284438,0.00011249179356962572,0.00010858027252980526,2.0834265920131917e-05,0.00011093114987524718,0.00011178380534525176,0.00011248667916368157,0.00011118026266696415,0.0001113057527171784,0.7435641874350926,6.638595745725661e-05
1.1831340085013724e-06,0.5945243426020268,0.4054305412250865,1.183340001557201e-06,1.1923585193803974e-06,1.1627085985237556e-06,1.1760835019607236e-06,1.1923800206644526e-06,1.1219320091816902e-06,1.1919398102399214e-06,1.1921402945482038e-06,1.1917939154881296e-06,1.192280039546694e-06,1.192348742959523e-06,1.1924324577664444e-06,1.1924036101986087e-06,1.1923948752397204e-06,1.1923662655441604e-06,1.1923805517850876e-06,1.1897842954773328e-06,1.1924310113622683e-06,1.1811353147517316e-06,1.1923987461831488e-06,1.1924207468602764e-06,1.1912435859840657e-06,1.191882651255155e-06,1.191700256388698e-06,1.1880588718084562e-06,1.1876777855157353e-06,1.1920054804671795e-06,1.1923724052537276e-06,1.1917612663831791e-06,1.1917506844684137e-06,1.1910781653942176e-06,1.191414781405237e-06,1.1921282212991438e-06,1.1922533889274508e-06,1.192374275938663e-06,1.1875740254442582e-06,1.168309703197052e-06
8.286629616360722e-05,8.273899093898113e-05,8.256326537914485e-05,8.268881809095708e-05,8.028833524740285e-05,6.102951679085581e-05,7.37797214233947e-05,6.853083989800463e-05,6.287934946992486e-05,6.454925011287362e-05,6.537789621890448e-05,7.137586489647933e-05,6.639104599844928e-05,6.0836298892165993e-05,3.8927058547446685e-05,0.00026609736314688726,3.724390463416767e-05,4.339347290316085e-05,4.471325431349692e-05,4.532697691838322e-05,3.4091550619841927e-05,0.35036810477246494,8.265393488557326e-05,6.828350691906081e-05,0.00020411561373670013,8.060231729686715e-05,8.286615950214174e-05,3.0734335068409116e-05,8.286862011517311e-05,8.285993921780554e-05,8.2868879765505e-05,7.738530041108013e-05,1.7885278772147198e-05,8.196136653623544e-05,8.249958876294298e-05,8.28656046814437e-05,8.222172491997592e-05,8.229350486209731e-05,0.6467507348225383,6.050565893909477e-05
5.699391596750143e-05,0.14373848882365303,0.8541117859667077,5.583382321536121e-05,5.593624852586824e-05,5.4556207111062334e-05,5.501712738764523e-05,5.6997987435832194e-05,5.621003318476553e-05,5.691986115525281e-05,5.693611887549449e-05,5.690792643146554e-05,5.695145025085641e-05,5.698807445685743e-05,5.700080487328454e-05,5.699794220305859e-05,5.699750274439498e-05,5.596116963882491e-05,5.699399004366994e-05,5.6631324078146284e-05,5.7001083060456034e-05,5.678504962119234e-05,5.699860175162751e-05,5.695447237623443e-05,5.682839696757163e-05,5.6929220977428525e-05,5.665591050693423e-05,5.7000769552299844e-05,5.6240544327494926e-05,5.6941786463089595e-05,5.6986629131043986e-05,5.693906888068109e-05,5.6931184204049184e-05,5.679687743692318e-05,5.699999413306339e-05,5.697269125655134e-05,5.6956663889392694e-05,5.698220776838612e-05,5.6450880752367824e-05,5.254166900325445e-05
0.00013248347855032076,0.00013289391075493328,0.00013350876663080534,0.0001320791662516395,0.00013215377098707521,0.000130485438195888,0.00011338317451647974,0.00012998552210384415,0.00013322782023862334,0.00010119918022884825,0.00010195281389449015,0.00011497827071294644,0.00010668075885759791,6.484238005477891e-05,7.43783168279788e-05,0.000665192913971197,5.073905691077967e-05,6.488699783355802e-05,7.149175502640633e-05,0.00013343328054596875,5.30444506945991e-05,0.3591596343905249,0.00013413980014710238,0.00011003853849659655,0.00045713896690836034,0.00012430962845860486,0.00013414941619324086,5.638678267390946e-05,0.00013410456900022082,0.00013412612627709732,0.00013320075200074077,0.00013411756616141325,3.293422726262089e-05,0.00013252489448933565,0.00013300224318046774,0.00013414609837174803,0.00013396410319599147,0.0001339845917069026,0.6357041585637488,0.00011091751741317232
3.251858437629858e-05,0.17409227221896018,0.8246819456398856,3.251884792748796e-05,3.0466932758265814e-05,3.233475126493481e-05,3.1274921641841315e-05,3.252600653449477e-05,3.4538275723014414e-05,3.244398928867976e-05,3.247017937938299e-05,3.24428734456007e-05,3.2477532199087264e-05,3.251901118101819e-05,3.2529087832962244e-05,3.252777809903733e-05,3.2525465058844304e-05,3.24868227404716e-05,3.113265189453667e-05,3.182289114030932e-05,3.2529615325280874e-05,3.232469210899107e-05,3.252502061530018e-05,3.245829512415598e-05,3.231322697996516e-05,3.244033594171181e-05,3.201876728309926e-05,3.253060634580467e-05,3.159766748553445e-05,3.239677572147878e-05,3.251317283629403e-05,3.244982136067617e-05,3.245014212610096e-05,3.2091253784739875e-05,3.25282464953383e-05,3.2485887576974135e-05,3.24799728045583e-05,3.251317544688466e-05,3.176539423168066e-05,2.981346907345032e-05
0.00011173033611604856,0.00011151274506416034,0.00011137388149697352,0.00011156600064684873,0.0001114986710570495,9.046645538253555e-05,9.930028061485888e-05,0.00010228241687574252,9.544592567634969e-05,8.779951109212598e-05,9.496180838874482e-05,9.046297829238704e-05,8.837909643172264e-05,0.00011117907486152568,6.053154030028106e-05,0.00021068413771946866,3.7122295685034333e-05,6.734950198784671e-05,6.072711436994337e-05,9.838750741550503e-05,3.293203954434194e-05,0.32144439942971853,0.00011172541985106317,9.407620957751729e-05,0.0005278258873801356,0.00010685219200082291,0.00011172975529903974,4.407623119283292e-05,0.00011173388599198333,0.00011171782896340286,0.00011173414552638785,0.00010736680843083253,2.447020615821592e-05,0.000110223172452335,0.00011102655880738837,0.0001117294423202377,0.00011037878188918071,0.00011052245566692635,0.6744607623983953,9.195587135851488e-05
4.8813609091295726e-05,0.16421782518967684,0.8339392842920532,4.72827536337278e-05,4.880727211754479e-05,4.8818111444521904e-05,4.6718824668149106e-05,4.88187968510982e-05,4.855531219947612e-05,4.873224391959583e-05,4.875258248418463e-05,4.872022794390075e-05,4.8773968728277725e-05,4.8809721049571e-05,4.88204340614931e-05,4.8428707197687277e-05,4.88181498695707e-05,4.879121030700412e-05,4.8087554614827455e-05,4.838468424095788e-05,4.882168848481186e-05,4.867040565743871e-05,4.881978760706253e-05,4.8758430631088714e-05,4.862904197044775e-05,4.874356050626387e-05,4.863592547524642e-05,4.835194025307517e-05,4.8145476470451595e-05,4.875449420422329e-05,4.881543993394801e-05,4.8742940895665886e-05,4.8824087445174174e-05,4.862911660561823e-05,4.86521453118466e-05,4.8785876338114754e-05,4.879408486029757e-05,4.881553518985081e-05,4.834316313135512e-05,4.522321287503701e-05
0.00010018683776928647,0.00010000278362891506,9.992889578053075e-05,9.980450115826969e-05,9.595511263291172e-05,7.788015692540374e-05,8.30765207449548e-05,8.088953001920445e-05,8.279612220329026e-05,7.485156986769583e-05,7.648808546549631e-05,8.096493358733363e-05,7.556550921743716e-05,5.8937127800273546e-05,4.966187339530102e-05,0.00023633998756491587,3.459782107271991e-05,5.1187610329493084e-05,5.1958960111728375e-05,6.40624789766871e-05,2.8678577122638252e-05,0.27662055587133444,0.00010018373363269874,7.963029594498321e-05,0.0002831788655564964,0.00010015773122194146,0.00010018721578750417,3.749461090450225e-05,0.00010019045770843879,0.00010018954391320716,9.952359735342794e-05,0.00010016728273231752,1.8691530815691885e-05,9.894838504102169e-05,9.957757592584315e-05,0.00010018755533233134,0.0001000740836249851,0.00010008426993006194,0.7199793630682768,7.779932958890531e-05
3.904798338492751e-05,0.17103102513602922,0.8274984011263545,3.743617795737735e-05,3.904279459186173e-05,3.744209124393401e-05,3.69903483002094e-05,3.905319028256705e-05,3.7644171281581706e-05,3.896864533325326e-05,3.898243021773352e-05,3.895087299565915e-05,3.899796906021572e-05,3.904363005639134e-05,3.905701842223019e-05,3.905471292061072e-05,3.905348261182457e-05,3.904753649764014e-05,3.904994406160297e-05,3.86320328959978e-05,3.9057587005655566e-05,3.886005063376717e-05,3.905481683393457e-05,3.8998430760446154e-05,3.9056885872391285e-05,3.8973458822622956e-05,3.886571835550562e-05,3.905915425931844e-05,3.836231787087146e-05,3.8983599827087044e-05,3.905044342613809e-05,3.8971175538582134e-05,3.894286769404405e-05,3.884708215728801e-05,3.8877256199369676e-05,3.9018057718733105e-05,3.9029230305340345e-05,3.905063907153284e-05,3.856208069089915e-05,3.5457852457064264e-05
0.00011055983256118297,0.00011034538287515968,0.00011028368198489498,0.00011006911691650086,0.00010517081658994913,9.384098032597565e-05,9.053214682285259e-05,0.00010387217792421986,9.954776323974304e-05,8.478006707248041e-05,8.560475711262414e-05,0.000101157693407426,8.647186650688196e-05,6.585886649449751e-05,5.48992285729043e-05,0.0004545842292508123,3.582814368183464e-05,5.790854815390358e-05,5.838994929501059e-05,9.365344241925528e-05,3.55246900839537e-05,0.29436186917841334,0.00011055618473442993,8.382799413547528e-05,0.0004903737495242658,0.00010851750240578428,0.00011056063126454526,4.1119986958731305e-05,0.0001105638996387663,0.00011054909396209416,0.0001097934954889856,0.00010810079800573403,2.4459304343062197e-05,0.00010919310900364484,0.0001098614672765735,0.00011056096006671013,0.00011042512849791831,0.00011043445213241973,0.7014375753467549,9.277433610054554e-05
4.57762593171139e-06,0.19953616858668774,0.8002922580594357,4.4198516927917856e-06,4.359201056485795e-06,4.342116001743643e-06,4.296522121667015e-06,4.578489704454919e-06,4.24000951047175e-06,4.566415070249049e-06,4.568741549383084e-06,4.564369370440859e-06,4.570654330300545e-06,4.5775271442358114e-06,4.578943983005218e-06,4.456260031373209e-06,4.578322929682554e-06,4.573913715924786e-06,4.435496790822821e-06,4.507410681915033e-06,4.579053773464952e-06,4.556997257878249e-06,4.578712152984951e-06,4.569909336872289e-06,4.578871655465134e-06,4.56831555143697e-06,4.544397880885074e-06,4.579330665826415e-06,4.472509231592169e-06,4.568061232823826e-06,4.577927815990072e-06,4.567839850255922e-06,4.579428382829151e-06,4.544698405698439e-06,4.545821140150603e-06,4.573738357380326e-06,4.5744356595586645e-06,4.5780693475039915e-06,4.506220148009952e-06,4.1371444133531465e-06
6.526675542690808e-05,6.516140193213446e-05,6.510750633011949e-05,6.516686876098e-05,6.443920675207267e-05,4.180323326510984e-05,4.537184504399986e-05,5.016742144772452e-05,4.314999644641712e-05,4.846623532669802e-05,4.7805873325350365e-05,5.592851649577209e-05,4.927928844730502e-05,2.9252245367668675e-05,1.3132375882615719e-05,3.740563573642289e-05,1.6377935511551596e-05,2.856715272293915e-05,3.014020800945805e-05,1.4596197057084425e-05,1.1039193990487974e-05,0.22906707334165582,6.515593275275e-05,4.570771910904589e-05,0.0002733160786899894,6.013288602868965e-05,6.527366525182857e-05,2.025681889141138e-05,6.527532622033554e-05,6.526729175776615e-05,6.457738435941459e-05,3.221846279752954e-05,7.11670623323828e-06,6.467486344217831e-05,6.508133746261095e-05,6.527348417650188e-05,6.47721440804174e-05,6.481005457035791e-05,0.7689277760170429,2.8615392198488505e-05
1.9076592279504706e-05,0.33055880296443935,0.668719185307734,1.7535983886544554e-05,1.8828825166470218e-05,1.8692426005225135e-05,1.8799918660054715e-05,1.918204118693735e-05,1.8235537739655505e-05,1.9175406542051585e-05,1.918037563980728e-05,1.9175413239160425e-05,1.918136830968105e-05,1.8123726667944878e-05,1.917248898538911e-05,1.91820202715574e-05,1.9182004478772185e-05,1.9180356657199928e-05,1.917944206145231e-05,1.914835396398923e-05,1.918253014575443e-05,1.8181981011342894e-05,1.9182261605289945e-05,1.917757262382815e-05,1.916250816848936e-05,1.9175738473981657e-05,1.918136438382893e-05,1.9182462258889682e-05,1.9133997266324016e-05,1.9181075090066338e-05,1.9181907517772066e-05,1.9172472748455e-05,1.918071632468395e-05,1.916606664303917e-05,1.9182924530476062e-05,1.9178804161308532e-05,1.9181783226715446e-05,1.9182008333455315e-05,1.9128152501659342e-05,1.848311906973058e-05
5.2730359856501416e-06,5.2621749088321415e-06,5.257760352814042e-06,5.255898012399412e-06,5.1368347851137844e-06,3.253993542543522e-06,4.2511093470045875e-06,3.813617686989914e-06,3.351399639571796e-06,3.7141986628945265e-06,3.726517095929223e-06,4.090274247615115e-06,3.858777576835025e-06,2.322448466026743e-06,1.2176953174598284e-06,3.365288041866909e-06,2.1883280201035683e-06,2.242631727857585e-06,2.410909797002732e-06,1.2875032072523352e-06,1.3112397930158212e-06,0.17337303749631336,5.262835463286572e-06,3.2053951776819526e-06,1.3243296827375238e-05,4.7141998029214495e-06,5.2737186912711955e-06,1.7345365561752368e-06,5.272880798260231e-06,5.273003159494917e-06,5.250753394134961e-06,2.5003255858379146e-06,7.485353871468105e-07,5.217036521720406e-06,5.255523018406091e-06,5.273691236593996e-06,5.2015990590603955e-06,5.203647723237365e-06,0.8264728990106673,2.8408784019758778e-06
7.948216459441565e-06,0.15700945176184938,0.8426974768172383,6.557810926940941e-06,6.757765726760577e-06,7.908189360164713e-06,7.175670012004203e-06,7.952324492301555e-06,7.337329106708845e-06,6.655090699215214e-06,7.948964810495784e-06,7.93318765666411e-06,7.952091318352044e-06,7.304135504338834e-06,7.955713351574023e-06,7.954429652387423e-06,7.949311257514916e-06,7.949041494214267e-06,7.950747228780477e-06,7.841422261587421e-06,7.92778993583499e-06,7.132127376565413e-06,7.954453292917733e-06,7.938586114794983e-06,7.892112245882685e-06,7.933427883986364e-06,7.951142454093373e-06,7.954897538057536e-06,7.769161555904228e-06,7.920224885149206e-06,7.953197403257484e-06,7.914147888880613e-06,7.94981822775662e-06,7.857547584977187e-06,7.920832965850841e-06,7.93920954234892e-06,7.952237578046042e-06,7.95363939516467e-06,7.690210819993257e-06,6.535214903417571e-06
6.027507652853867e-05,6.0183865394563216e-05,6.014302642080038e-05,6.015934812903247e-05,5.9236816748666014e-05,4.5363391823175236e-05,5.176964578885419e-05,5.213237701071465e-05,4.72044812255267e-05,4.844667604609867e-05,5.068606462228846e-05,4.838551428214095e-05,4.753677019255121e-05,3.5469514358450975e-05,1.9271123075317586e-05,4.338891213548547e-05,2.3015888654008262e-05,2.9828453931316434e-05,2.9509079221125853e-05,2.008733894230366e-05,1.4996231418380664e-05,0.2547136116768743,6.0161364137696655e-05,4.362073139137428e-05,8.307447522800903e-05,6.026071874786251e-05,6.028012911872201e-05,2.035251391401288e-05,6.0281155085577465e-05,6.027405917290659e-05,6.014321035797496e-05,3.671305628585398e-05,9.742554123503073e-06,5.9714635494498575e-05,6.007944827790012e-05,6.0279974621468034e-05,5.965188654027592e-05,5.9702779243593567e-05,0.7434881641605183,3.6801874916824044e-05
8.87326500954589e-05,0.2976803738854195,0.6989899100718561,7.894005160886674e-05,8.77362476631417e-05,8.439862913908264e-05,8.518775472755309e-05,8.873636707098802e-05,8.249600358018836e-05,8.869471082071644e-05,8.722078103450624e-05,8.869077989525362e-05,8.767961964396512e-05,8.465388480635567e-05,8.870539193658528e-05,8.873592048466261e-05,8.873481266294614e-05,8.872909778676851e-05,8.873119836119615e-05,8.851302491617483e-05,8.873821658698472e-05,8.426423754282203e-05,8.87366370399029e-05,8.870707920249075e-05,8.859434537210038e-05,8.86965999175789e-05,8.860901344740068e-05,8.873700775019544e-05,8.834579601079403e-05,8.86940690240859e-05,8.87337420674966e-05,8.868628098425462e-05,8.872900129387265e-05,8.861497670375695e-05,8.86674432667518e-05,8.871298071919134e-05,8.8721435892451e-05,8.873381476206658e-05,8.842502880704739e-05,8.42514100987478e-05
6.489358954243179e-05,6.477299323410124e-05,6.470365629063305e-05,6.486786669516259e-05,6.427919676091622e-05,4.956487170656893e-05,5.836789540448189e-05,6.094126277240198e-05,5.125191222171814e-05,6.309665532725746e-05,6.487186933553318e-05,5.393849930146819e-05,6.386222318275395e-05,5.568743018259874e-05,2.747798734169109e-05,5.8424003385189313e-05,2.9253143057580304e-05,3.609051585870368e-05,3.419750056315728e-05,2.9195434727972002e-05,2.4119391838037976e-05,0.38221171240036345,6.47981259862564e-05,4.838434421966686e-05,6.272742010027864e-05,6.484922441092222e-05,6.489430754265176e-05,2.473334434141776e-05,6.48871739122601e-05,6.488648154217261e-05,6.48842323502178e-05,4.45374599349319e-05,1.3175107055400814e-05,6.43463549761718e-05,6.47333390953883e-05,6.489367856739408e-05,6.449902369426829e-05,6.454375412757782e-05,0.6157457362904833,5.292003856575128e-05
1.3127257372210666e-05,0.3324011056714934,0.6671014592516055,1.1913268715902173e-05,1.2876432240785834e-05,1.3080502833502428e-05,1.2958403660464978e-05,1.3202576331243507e-05,1.2941139535113246e-05,1.2968605137698518e-05,1.3201184873343196e-05,1.3199805426730642e-05,1.3201982527249958e-05,1.2483010362019769e-05,1.3196008051109515e-05,1.3202475882965089e-05,1.3202483271008238e-05,1.3201553095156317e-05,1.3201912842844289e-05,1.3183231046654808e-05,1.32027709905954e-05,1.2722210172003883e-05,1.3202576831848839e-05,1.3202712754958055e-05,1.3193541450281102e-05,1.3199271063393653e-05,1.3200227042514577e-05,1.3202696715953396e-05,1.3173498893625294e-05,1.3200071034323816e-05,1.3202346967232792e-05,1.3196643970878303e-05,1.3201549034648284e-05,1.3191220422366531e-05,1.3200618408482541e-05,1.3200189997073286e-05,1.32022016293582e-05,1.3202388214378316e-05,1.3165139929329115e-05,1.2831368171805395e-05
6.643476086491869e-05,6.633775203437877e-05,6.625822547709473e-05,6.641423138164136e-05,6.6136394116057e-05,4.37533492882718e-05,4.692869102842711e-05,4.760035458082487e-05,4.5409807596349514e-05,4.980750931608667e-05,5.042464999022909e-05,5.258949515634703e-05,5.054706439824666e-05,3.5428089432338854e-05,1.4902740765177841e-05,4.441017490009781e-05,1.709347018025592e-05,3.228893137157836e-05,3.3544659597489904e-05,1.695386558111095e-05,1.5026353675730903e-05,0.3114586644917206,6.635308059561566e-05,4.407704402395959e-05,0.00011140292276331324,6.12307286251731e-05,6.644210316064233e-05,2.8160238574619764e-05,6.64344948066308e-05,6.643391726724421e-05,6.622288740758976e-05,3.1318080373223e-05,9.770411664477265e-06,6.596680136307376e-05,6.630207255970731e-05,6.644150792186172e-05,6.589386000206124e-05,6.597334755245662e-05,0.6866328283217982,3.17931170869495e-05
1.233122939113264e-05,0.40156663166796547,0.5978831428407304,1.0432803779218162e-05,1.3592541935156867e-05,3.0787032972119855e-05,1.3095713944173182e-05,1.3683772530258826e-05,4.203523505036909e-05,1.3653287308381728e-05,1.3670118337183083e-05,1.3670645273723732e-05,1.3581124579415436e-05,1.3620252783219704e-05,1.3686948051534903e-05,1.326809124101607e-05,1.3682460304949708e-05,1.3580497338144887e-05,1.360632054203991e-05,1.3186657441669926e-05,1.3686204590262845e-05,1.1902300090916798e-05,1.3684757613322456e-05,1.3687671380342317e-05,1.3593115978919507e-05,1.3585901607865078e-05,1.3695626098036003e-05,1.368429420546599e-05,1.3696151979539558e-05,1.3675383181230317e-05,1.2543627812226348e-05,1.3533176186447331e-05,1.3547148522342307e-05,1.3494875546970343e-05,1.3693110007422733e-05,1.3617083014140494e-05,1.3680936999172553e-05,1.3657699610112955e-05,1.2560689877711889e-05,9.841004198140217e-06
0.00031639776399051885,0.0003158260855054941,0.0003155252531587814,0.00031591013986175475,0.0003157418356756166,0.0002771895671468041,0.0002766357374964617,0.0003036002384744254,0.0002893025291775548,0.00030668701762002413,0.00031586696906853526,0.0002965517685407796,0.0002949268277794741,0.00031399889042586576,0.0001837500950806611,0.00041884449347168087,0.0001767058872085865,0.00024979376253047734,0.00021295350740477693,0.00025154978254720455,0.00015966704601161601,0.19249139662276601,0.0003163850962869476,0.0002550052212723704,0.000342696866296079,0.00031638920119808167,0.0003163982354598783,0.00016451099289204604,0.00031640838569635534,0.00031636724151124423,0.000313626201937406,0.00030745284423733173,9.624530642762795e-05,0.00031264298312644724,0.0003144102467463837,0.0003163959156625674,0.0003132754651786565,0.00031366591585680676,0.7966961588743268,0.0002731431849439066
0.00016562591816478262,0.1642577079003348,0.8294864594526454,0.00016099923466247315,0.00016561593152551363,0.0001656398342950189,0.00016011448913934932,0.00016563833586788124,0.00016565141435129435,0.00016538780447955927,0.00016548570028330996,0.0001656551925197503,0.00016565216064481117,0.00016560891043308987,0.00016565038847720292,0.00016566416253723768,0.0001656332515476102,0.0001625741138551133,0.00016562534249816319,0.00016371454114312494,0.00016565193258047503,0.00015938267580458337,0.00016563635473161757,0.0001654563291620981,0.0001656459982017791,0.00016536395503055718,0.00016417852006707568,0.0001642186752096073,0.00016558513228494327,0.000165379287511987,0.00016556849205686113,0.00016545953370548217,0.0001656542049919524,0.00016474585063306024,0.00016564587018455952,0.00016554401474725428,0.0001654445009270883,0.00016553609738747117,0.00016390279784641684,0.00015589569752959178
9.849049200721552e-06,9.81914193309693e-06,9.79954734330181e-06,9.828231356684305e-06,9.819749285951851e-06,6.870364028804657e-06,7.519912021417213e-06,8.06318220117585e-06,7.102465088739839e-06,9.582513917012843e-06,9.826064708629409e-06,7.6235382736136256e-06,9.04732752089221e-06,9.72030186730447e-06,5.757862401251095e-06,8.237640878496017e-06,2.9801554385610943e-06,6.811083036017669e-06,4.957505834795396e-06,9.302935685553764e-06,2.335712964746864e-06,0.20059511527564264,9.848468505741683e-06,8.81227852783916e-06,5.526466404639886e-05,9.848688237069905e-06,9.849126271139122e-06,2.7129684020743094e-06,9.849676941746907e-06,9.847525707595375e-06,9.846949256451364e-06,9.832827521689278e-06,1.6379740008719803e-06,9.647912627821875e-06,9.736685930833901e-06,9.849056371062523e-06,9.666021661570141e-06,9.690050783327024e-06,0.7990465581177111,7.531446866313722e-06
9.583024911444618e-06,0.19279709235089157,0.8068297502054191,9.368181680261553e-06,9.963431269189656e-06,9.62000224936843e-06,9.131583480718897e-06,9.966381484932542e-06,9.794477683088656e-06,9.925215242890894e-06,9.940832311168596e-06,9.914714542262304e-06,9.96921021319395e-06,9.963319297936504e-06,9.968209275232638e-06,9.645702812410557e-06,9.966695097097478e-06,9.948519305412081e-06,9.475610277102916e-06,9.765665296596465e-06,9.968447176195287e-06,9.730307306570275e-06,9.966670106905878e-06,9.93995519223942e-06,9.9683999295442e-06,9.917777240196655e-06,9.84906559515823e-06,9.968479970260004e-06,9.675579282472146e-06,9.938926433004124e-06,9.962578723448885e-06,9.931216459164304e-06,9.944106394305887e-06,9.854695519633256e-06,9.831070578776448e-06,9.953326187719783e-06,9.946311091875926e-06,9.957302343844774e-06,9.956779168758474e-06,8.985672558954892e-06
0.0002012378012069177,0.0002007426093802633,0.0002003820873331803,0.0002009272474342764,0.00020077561020768585,0.00019745443002340305,0.00016913880448371315,0.00019509081829250586,0.0002011991686717382,0.0002008686701000954,0.00020108044821753768,0.00020021466661951273,0.00020088889880540115,0.00019850586291395134,0.00011629946841131767,0.00018994055396293806,7.113824159078707e-05,0.0001711626033024841,0.00012872517465055216,0.00020072762722437367,6.554058657114823e-05,0.2671762465681098,0.00020122612904807782,0.00020119937449842754,0.00019818326120592697,0.0002012308607571938,0.00020123778824004116,7.052387563146403e-05,0.00020124809303037315,0.00020121236716831416,0.00019887864228581865,0.00020084861786844608,5.240389866556515e-05,0.00019806413496429304,0.00019945509757334328,0.00020123599583830263,0.00019916801502756126,0.00019950749226257532,0.726015562760358,0.00017052564806273058
1.144144994763799e-05,0.20391043639625597,0.7956596505761823,1.1442060599887636e-05,1.142510633603546e-05,1.0801342865540947e-05,1.0957451455076786e-05,1.1444122935048808e-05,1.0911946714726224e-05,1.1390618186379214e-05,1.1404514409502904e-05,1.1447644923285161e-05,1.1446895989289507e-05,1.1432477736910282e-05,1.1446523391385133e-05,1.1179932438080636e-05,1.1443655593911514e-05,1.1447370696624097e-05,1.1447327079685497e-05,1.0945153989030951e-05,1.1446661129497872e-05,1.1356688449703452e-05,1.1444047290386467e-05,1.140451190946763e-05,1.1445109077873625e-05,1.1392786982756308e-05,1.1288375249422104e-05,1.1312596376000458e-05,1.107147443969301e-05,1.1388389269199091e-05,1.1441259521124078e-05,1.1408491118423092e-05,1.14474392235357e-05,1.127177878141995e-05,1.1445535694634857e-05,1.1428637551266864e-05,1.1426692233287353e-05,1.1442125758645734e-05,1.113329442827034e-05,1.0461537789233061e-05
5.95043556587018e-05,5.940846786536756e-05,5.931909046654004e-05,5.9440894995453285e-05,5.833782765284035e-05,4.5379283523174116e-05,4.9516562357939734e-05,4.888284067627135e-05,4.75399000774735e-05,4.583650387562835e-05,4.877127730259635e-05,4.6033452389368314e-05,4.545036091891925e-05,3.4080456665230085e-05,2.3951283023627255e-05,5.716365256932143e-05,2.5129684849240926e-05,2.7695054038454255e-05,2.825286411507057e-05,2.7413646642325335e-05,2.0744593201718178e-05,0.30112007033345506,5.9503051194629003e-05,4.679016968449369e-05,8.48492926022908e-05,5.9486581121872946e-05,5.9504499586027906e-05,2.0865116423000585e-05,5.950625218214902e-05,5.949879374797377e-05,5.941274852283305e-05,4.199596714586795e-05,1.1859878994996277e-05,5.890959934317557e-05,5.9228988258763665e-05,5.9504144082466124e-05,5.898815375766622e-05,5.9038636417098416e-05,0.6970609587626728,4.217697794148085e-05
0.00021340202340434735,0.13154029828324698,0.860409390800788,0.00019461618202563515,0.00021337945582050163,0.00021341149846109946,0.00020928480414967302,0.00021340920892040725,0.00021342186678104629,0.00021321291505266833,0.00021331857778545486,0.000213167502780414,0.00021336860678091698,0.00020613523693266536,0.00021342034623826823,0.00021340834281736046,0.00021340217256211966,0.00021337042910027894,0.0002126636704893066,0.0002123466892236706,0.00021342058779695537,0.00020814518043002215,0.00021341439081940157,0.00021323509554046344,0.00021302568641910462,0.00021318293099055374,0.000212932809785044,0.0002107630725678959,0.0002114245375814033,0.00021331699267632156,0.000213404762431387,0.00021326617991485034,0.00021317874812286884,0.00021303870017999442,0.00021286853748868549,0.0002133655862156354,0.0002133454542139222,0.00021339620115552814,0.00021230431030841977,0.0002005416220008771
0.00013118068771028187,0.0001308328496849968,0.00013059190343114703,0.00013094442767676488,0.00013090435452469386,0.00012019760670259855,0.00011823353347976246,0.00011790832874187924,0.00012959537423883448,0.00013105624451094535,0.00013108734500655336,0.00012346419407579026,0.0001307168103130202,0.0001297428790439018,6.944771719074614e-05,0.00011047098912654077,3.891682586366628e-05,0.00011013702914534643,7.886355196672906e-05,0.00013079501942023564,3.878155253241069e-05,0.29581096809490176,0.0001311714807393812,0.0001301460891024164,0.00017497268083307033,0.000131174933327278,0.00013117894449782812,4.569778439105087e-05,0.0001311851566854371,0.00013116252488036353,0.00012973748715024857,0.00013093574666928745,3.239030349363327e-05,0.00012918962757007453,0.00013004015164100156,0.00013117799563173722,0.00012988030754491946,0.00013007233559511372,0.6997692152385548,0.0001058338924036296
0.0002813271063934177,0.1352685682135913,0.8540016584635878,0.00027779703253536794,0.00028380519969289957,0.0002838381265993232,0.0002762411586483496,0.00028384061685068424,0.00028281334377883063,0.00028348812207268706,0.0002838574068065534,0.0002838554455624342,0.00028385226122559044,0.00028379516974184736,0.00028385029934489754,0.000283867412276998,0.0002838338888761564,0.0002837471629448511,0.00028382096318292855,0.00028100106886020797,0.00028384764726248037,0.00027357186980732335,0.00028384060479683245,0.00028362407456278006,0.00028384602048026324,0.00028350087226836133,0.0002814768558696416,0.0002831657202950441,0.00028376714013623794,0.00028349743489352236,0.0002837656667181329,0.00028363770468699994,0.00028385446646602336,0.0002827525170718735,0.00028384801478824974,0.0002837163196976745,0.0002836371049404393,0.00028373470718441184,0.0002821387696269034,0.0002659180258735835
0.00012365996541070283,0.00012343984332373927,0.00012325496992800932,0.00012339048316754948,0.00012315546516650266,0.00010573561497581633,0.00010613487910285298,0.00011987808687939274,0.00010709422285144025,0.00012305380490053904,0.00012325722462907182,0.00010232540012007997,0.00011535905129690988,0.00012223952193724677,3.1964285083898993e-05,8.245584242672145e-05,4.923105096588488e-05,6.816837914562127e-05,5.940112590322832e-05,3.12525489102581e-05,3.3998587992564315e-05,0.22765420710672077,0.00012090177884532366,8.577680748729604e-05,0.00014405887038236733,0.0001236630904529752,0.00012366746030739771,4.456367643095674e-05,0.00012367151417048774,0.00012238746339791813,0.00012153333196177861,0.00012188282624438031,1.5679396979502243e-05,0.00012357286411936448,0.0001211631344109342,0.0001236677352405993,0.00012353275584431559,0.0001217708681120219,0.7684929632654287,9.288569934501814e-05
1.1885672192896653e-05,0.3535680544811759,0.6459229714027892,1.3856198107799367e-05,1.3768864568920202e-05,1.3870561163887491e-05,1.065239344127385e-05,1.3867648422463834e-05,1.3153699614613208e-05,1.3643938965636029e-05,1.3880623665048801e-05,1.3602271169646768e-05,1.3877268213540134e-05,1.3833549959233689e-05,1.3872763009946522e-05,1.38707475986724e-05,1.3867994045475168e-05,1.3766037493684481e-05,1.3826842186154502e-05,1.3225503432134379e-05,1.3874983444739994e-05,1.3198983330683703e-05,1.3302212170562546e-05,1.3876468775152521e-05,1.3512617083156346e-05,1.360483629254584e-05,1.2849723156989935e-05,1.3829580854099666e-05,1.374888163302295e-05,1.3825357583929271e-05,1.3863544553845588e-05,1.3731118150649952e-05,1.3803460396506648e-05,1.3765518449075906e-05,1.330147520220371e-05,1.3830788581526257e-05,1.3829187815950537e-05,1.3862036627984217e-05,1.3143032630051594e-05,7.89773205118118e-06
0.0001814856674350517,0.00018122497171688546,0.00018110324637950003,0.000181045547062497,0.00017832595208559196,0.00013571188361130896,0.00015630559159170344,0.0001572390010224397,0.00014010878009757083,0.00014508119756113016,0.00014652480433998438,0.00015139200734882687,0.00014619943391055016,0.00010156453308250942,5.695762654403947e-05,0.00015303141085831867,0.0001155039430081785,9.70707206131734e-05,0.00010413480443040338,5.896445779674987e-05,6.61270167157619e-05,0.1855357570322774,0.00018116374636013128,0.0001308901280984131,0.00022911301844531537,0.00017596482612547437,0.00018150082871334374,7.540202889853082e-05,0.00018150394317781055,0.00018148411360393858,0.00018073956636656635,0.00010661449442494258,3.4595635719365404e-05,0.00017991044616641352,0.00018092590528540544,0.0001815005011802708,0.00017915690962218658,0.00017932537852426272,0.8089557127609572,0.00011363613884074688
6.752008654215568e-06,0.31286060927706755,0.6868504695183727,6.893967853852086e-06,8.180542754137931e-06,4.241197803828405e-06,5.577990194859081e-06,8.232715418872894e-06,3.885239608227289e-06,8.178367780895123e-06,8.127279528278554e-06,8.118873964120675e-06,8.129107886847957e-06,8.228720010675847e-06,8.243222246701706e-06,7.91840483978465e-06,8.240262394388509e-06,8.201578433813048e-06,6.995596794408315e-06,7.783991429007167e-06,8.243763438498461e-06,7.471024494074627e-06,8.240813733728555e-06,8.244697506556945e-06,8.072728263904936e-06,8.1318444238597e-06,8.25234756587881e-06,8.243066320633983e-06,7.592055448593735e-06,8.222827081779e-06,8.23566362433832e-06,8.132831023618203e-06,8.23073491107768e-06,8.118853320868104e-06,8.008792610548572e-06,8.20219699213522e-06,8.235826080607532e-06,8.237932382194448e-06,7.66651805680468e-06,3.207619683289922e-06
0.00022247038544959764,0.00022215406972890054,0.00022198542397043453,0.0002222532729622124,0.00021790899063639778,0.0001946021704738054,0.0001981216607634956,0.0002174830604292465,0.00019927700493887638,0.00019806173794323272,0.00020287357575939197,0.00018905965529108208,0.00019222323533784366,0.00017205138983521494,8.264081828131672e-05,0.00020674429444038795,0.00014343397685378725,0.00012881115752221622,0.00012626449074355182,8.630298215886575e-05,9.179310561602697e-05,0.17252878743232217,0.0002219976882876827,0.0001918153434356864,0.00032524363956612984,0.0002224825978301121,0.00022248882834443074,9.595696038737693e-05,0.00022247077963355222,0.0002224711980749606,0.00022249413178173985,0.00016300923511671737,4.850387526342732e-05,0.00022036123246054737,0.0002216951788159178,0.00022248799303189074,0.00022095086114810885,0.00022107616093586962,0.8203011349400031,0.00016805546442447974
4.118024908306101e-05,0.32202536912756563,0.6764245334404992,3.716819502907155e-05,4.117631499837862e-05,3.9478674524393206e-05,4.0582892912506546e-05,4.1182412823648604e-05,3.762039362478532e-05,4.115834137946444e-05,4.116222209184276e-05,4.115420839058084e-05,4.1167372888682084e-05,4.054683595173022e-05,4.116646712802649e-05,4.102395864873126e-05,4.1181182096775624e-05,4.117967626680435e-05,4.118059570566564e-05,4.1068379252426224e-05,4.1183085848642236e-05,4.0167064124079795e-05,4.118228400675069e-05,4.11668374165947e-05,4.111216646833982e-05,4.1170763439795886e-05,4.111948654276447e-05,4.1183202881376014e-05,4.0964001138973684e-05,4.1161057505166774e-05,4.118018195459313e-05,4.115742136460162e-05,4.117895592955962e-05,4.112241337017357e-05,4.113331901400691e-05,4.117055568990942e-05,4.117316453190178e-05,4.118073707577719e-05,4.104981126963344e-05,3.896254956592836e-05
6.538699327874071e-05,6.526644049750453e-05,6.519383019410217e-05,6.528868997685823e-05,6.310206138503045e-05,4.362748756627681e-05,5.4198821544229136e-05,5.331830207722666e-05,4.55407316188419e-05,4.8528533826144056e-05,4.999896001705225e-05,4.9431644683016845e-05,4.744265662349453e-05,3.4678644552346306e-05,1.4732910793353959e-05,6.496869216189436e-05,2.5179573508243145e-05,3.0111724735204856e-05,3.0060664595624258e-05,1.65505820125349e-05,1.2687709569689539e-05,0.23469443716702482,6.538537492277217e-05,4.346965503822659e-05,0.00014438525373438644,6.537301160284076e-05,6.538711333504684e-05,1.952995880594583e-05,6.538877122838904e-05,6.537995960317534e-05,6.50270494456892e-05,3.437505079469861e-05,7.66660001674176e-06,6.468312967162647e-05,6.511876944220015e-05,6.538694427567298e-05,6.43098176949757e-05,6.444244867529648e-05,0.7633619856098001,3.297265966990422e-05
6.051534282641731e-06,0.3148657943796021,0.6848818818243293,2.8047004481391116e-06,7.440291152580986e-06,6.1276471415376815e-06,4.694200902055141e-06,7.456090611939962e-06,5.899888829143112e-06,7.382091559861832e-06,7.4178903258802825e-06,7.367329589395145e-06,5.941409243637639e-06,5.757790971139343e-06,7.412288182635119e-06,7.457801258868877e-06,7.455134738966163e-06,7.449536139428297e-06,7.452492626858854e-06,7.040033601241133e-06,7.461974330921117e-06,1.1721666611272138e-06,7.458040917049195e-06,7.4018457983051135e-06,7.460747294483821e-06,7.369417776169069e-06,5.890198343237142e-06,7.4607405973591345e-06,6.811752293878151e-06,7.428639325042706e-06,7.454530762944083e-06,7.360793940806128e-06,7.41850716599158e-06,7.234471459417241e-06,7.428765532617343e-06,7.426535715092351e-06,7.4516047158767835e-06,7.45504599637249e-06,6.911049960900352e-06,1.6588158749730646e-06
6.720419609748298e-05,6.708780558705097e-05,6.70409223456411e-05,6.706287828144235e-05,6.601124368274735e-05,4.7901341447977546e-05,5.655430484098493e-05,5.6843938670739814e-05,4.9755172471172544e-05,5.2560608828836445e-05,5.5218917311351924e-05,5.3014489131702424e-05,5.160142043774153e-05,3.7762522882668264e-05,2.0382546580020718e-05,5.034042264333568e-05,2.609483556462112e-05,3.1053246297490225e-05,3.0635298111785766e-05,2.0405993671985842e-05,1.891474220640946e-05,0.22141854824734927,6.705751571130236e-05,4.6511956140960944e-05,9.09018877495679e-05,6.709348230832384e-05,6.721059982741096e-05,2.0780175431514067e-05,6.721176951972414e-05,6.720351057399591e-05,6.719944980722366e-05,4.161127709972918e-05,9.353731287065081e-06,6.65101349438037e-05,6.695961947528545e-05,6.721025301782963e-05,6.660030160068631e-05,6.66368801924931e-05,0.7766022187867866,3.9733574084059046e-05
6.759774969177244e-06,0.3116407887619565,0.6880766628206649,2.702563261638883e-06,6.473930859032436e-06,5.830336766427574e-06,5.5823245509699444e-06,8.139387931953313e-06,9.379293248806949e-06,8.075254547425245e-06,6.380764840727764e-06,8.06361521628499e-06,8.134530734537682e-06,6.307068032154751e-06,8.067178247075207e-06,7.8378708103265e-06,8.137857467918523e-06,8.131590636382427e-06,8.134419104105147e-06,7.714820391659589e-06,8.143494666701052e-06,5.201091564955931e-06,8.139436811625751e-06,8.084393362808383e-06,7.944325534266902e-06,8.069154070043978e-06,8.150775428760976e-06,8.141334077145041e-06,7.509430602930437e-06,8.079383811674464e-06,8.135830614629918e-06,8.03419825951759e-06,8.128871512621677e-06,7.88849715546415e-06,8.042609432311447e-06,8.099176124387889e-06,8.129926816321612e-06,8.136423798646248e-06,7.440648074853197e-06,3.1968340423470214e-06
4.3990581089226356e-05,4.39545755276668e-05,4.387796459264176e-05,4.3799563862159355e-05,3.689627846678836e-05,2.868923125759633e-05,2.979295274666555e-05,3.2894467927483884e-05,2.9770392032178833e-05,3.232052752453105e-05,3.233725387601499e-05,3.74958794116524e-05,3.4708252300414434e-05,1.9239373749458157e-05,1.865710383384523e-05,0.00011460726541485957,1.355786307195731e-05,1.9054207053305823e-05,2.1662638353453576e-05,4.315179833673914e-05,1.5857756069143735e-05,0.4936948142566097,4.393010926277222e-05,3.2420927238879195e-05,0.00020656843828518708,3.952265370311179e-05,4.39862181626293e-05,1.4149799903367782e-05,4.3911853667994746e-05,4.334508973948797e-05,4.366920627148648e-05,4.0874597773977455e-05,9.155621997743942e-06,4.363085627435037e-05,4.387254481106934e-05,4.39910817652637e-05,4.3935597879065e-05,4.393726658335483e-05,0.5047677232376044,2.0244715968275106e-05
3.6706102837564824e-06,0.2105569872008492,0.7893062413268569,2.926002807812972e-06,3.5400280957201994e-06,3.444155082451473e-06,3.512128517560254e-06,3.6712774160869472e-06,3.385015337124135e-06,3.6697858216950677e-06,3.6681000009435003e-06,3.6667270349831706e-06,3.6687887752726057e-06,3.1753210716054725e-06,3.6713636924677025e-06,3.665627233931012e-06,3.6711513829286998e-06,3.670737144187228e-06,3.670899487244362e-06,3.6473991167491343e-06,3.671408021394424e-06,3.4650334416734458e-06,3.6668917860167154e-06,3.6679070346543067e-06,3.659490822978774e-06,3.6685763138020253e-06,3.6717859708958236e-06,3.671416926726564e-06,3.6707567985852623e-06,3.670779923322615e-06,3.6244485472080957e-06,3.6618154847112486e-06,3.6714775318643355e-06,3.632900236107943e-06,3.671067411361783e-06,3.6609554340998377e-06,3.6711718198910334e-06,3.6705475425738662e-06,3.671318500257252e-06,3.3566044433974557e-06
0.00013961604036680065,0.00013923439870261526,0.00013899176546559446,0.00013935330952867092,0.00013932447994271564,0.00013482240560729956,0.00011767888265608369,0.00013618160349963362,0.00013849631683300983,0.00013426108015233588,0.00013951371932162954,0.00012729747129185237,0.00013603427149111807,0.00013876296447626186,9.156027264581125e-05,0.00022114300912202207,4.6602656854643836e-05,8.645030152344953e-05,7.785416616973832e-05,0.00013371308402405303,3.3443741480815324e-05,0.29646435301943647,0.0001396106041019767,0.00013884798174592131,0.00014512637283153749,0.0001396110489519971,0.00013961557435035373,4.4339579181877314e-05,0.0001396219915075446,0.00013960073049498425,0.0001395948599594199,0.00013350103205422313,2.7778638797952307e-05,0.00013741037299245422,0.00013868168679022157,0.0001396147561590784,0.00013823057710173815,0.00013838496755821527,0.6988101200202252,0.00011562024460255648
5.8328752429272515e-06,0.2255535245100134,0.7742268199001582,5.317420335256586e-06,5.8324185209172085e-06,5.8332539931546225e-06,5.608090305756296e-06,5.833927464689021e-06,5.833778111610639e-06,5.823070067345537e-06,5.826882494993363e-06,5.820027039782799e-06,5.833766234700266e-06,5.607675114438217e-06,5.833751029039894e-06,5.832051662701892e-06,5.833101953476886e-06,5.832482822835173e-06,5.8328427259875e-06,5.784249632256422e-06,5.8336782950276364e-06,5.546093688693606e-06,5.8333963823270705e-06,5.826246727071328e-06,5.833520144096162e-06,5.821521573884784e-06,5.79385992167591e-06,5.733504385049748e-06,5.831720138037815e-06,5.82603479933885e-06,5.832921699009802e-06,5.825775318300091e-06,5.833828354909572e-06,5.8070063608609334e-06,5.833580017586783e-06,5.8306288991424214e-06,5.830505627674731e-06,5.832223171749595e-06,5.831749148801958e-06,5.366130423386764e-06
2.768468862130667e-05,2.7598094551291942e-05,2.7466562677338832e-05,2.7677388984991908e-05,2.5189512393965587e-05,7.054019037832558e-06,6.374145702165317e-06,6.497753485564765e-06,7.2653467035730265e-06,8.76512991134757e-06,9.881678031870125e-06,9.238754833063266e-06,9.610041361140634e-06,4.9281855327047315e-06,2.2571189813924525e-06,2.687367135146718e-06,2.9044704382393563e-06,4.273204571564105e-06,4.188087651007033e-06,3.103482960633119e-06,2.1061303964343633e-06,0.8541625214685162,2.7380358836897396e-05,1.2029036034553077e-05,2.1295945120339923e-05,2.034058492495054e-05,2.7689058678985406e-05,3.662068916423036e-06,2.7682238716133134e-05,2.6855677932553156e-05,2.7688705849225565e-05,4.174084640504988e-06,1.6457105973059963e-06,2.6608300843527323e-05,2.7664704964619725e-05,2.7687602581719563e-05,2.768952854596533e-05,2.768928106392507e-05,0.14526893504594363,4.0094333299391946e-06
3.2271048391666993e-06,0.17653238103334692,0.8233435398853772,2.17099278503803e-06,3.366850066960185e-06,3.1049704210142446e-06,3.118816242371376e-06,3.3701281933985195e-06,3.070806182281788e-06,3.361279656327668e-06,3.3607751261087203e-06,3.355100308474778e-06,3.3642687790468727e-06,3.1630532856230454e-06,3.371368917997433e-06,3.3474011976882896e-06,3.3708093702762906e-06,3.369756725012929e-06,3.3700979804211185e-06,3.348219422727512e-06,3.371313041219853e-06,2.829790424524451e-06,3.3703732586849563e-06,3.3712699484215154e-06,3.344554938146978e-06,3.356991623465106e-06,3.3301073415025577e-06,3.3709767304974765e-06,3.2760075828571675e-06,3.352508323326117e-06,3.368893674164606e-06,3.345230287703597e-06,3.3689505077062014e-06,3.2902537066377676e-06,3.371422226651672e-06,3.361020101037049e-06,3.3656305925613127e-06,3.369941270865581e-06,3.255280842492086e-06,2.79676535334924e-06
7.56815902801404e-06,7.563321098091881e-06,7.559693359306744e-06,7.558139659566955e-06,7.528201704447882e-06,6.635382171073062e-06,7.505231827084677e-06,7.0419747690974096e-06,6.659273839939631e-06,7.387684160753577e-06,6.9139768940230304e-06,7.987482228418347e-06,7.151403151728034e-06,7.403552747073613e-06,5.928811859286074e-06,7.333885040629555e-05,6.428283593285221e-06,5.993912620045462e-06,5.996682032089037e-06,7.49301793288852e-06,1.0580752926018144e-05,0.3505427737636134,7.567925402395435e-06,7.564549761051018e-06,0.05558988586950982,7.664341152786845e-06,7.568200535138318e-06,6.349634485618478e-06,7.568361926942378e-06,7.538915137709944e-06,7.548050692677931e-06,7.555546182884223e-06,5.281922872005961e-06,7.56729622061513e-06,7.505156824356417e-06,7.568192464971432e-06,7.562915326327879e-06,7.564124033516924e-06,0.5935329996710379,6.1417748113422305e-06
0.00012503264776868612,0.41269747115918654,0.5826405314805065,0.0001043239239487343,0.00011687184108395387,0.0001251173406863271,0.00011727357129041476,0.000125089044572568,0.00012414715451552935,0.0001251527239625949,0.00012488768451512905,0.00012514316852139186,0.0001250807961304215,0.00011037263236850295,0.0001250953074327636,0.00012516651035162632,0.00012488718676874843,0.00012504701087124722,0.00012504107368924272,0.00011887623613544969,0.00012513371210362998,0.00011408231111380797,0.0001250768562266726,0.00012494762763211662,0.00012408441371878736,0.0001244667953625634,0.00012457611159898615,0.00012515056511664885,0.0001249816545197647,0.00012446441267712746,0.00012445472660564924,0.00012455191877637565,0.00012512875477894584,0.00011969761124277957,0.00012388362635605473,0.00012469221714009288,0.00012394033003874203,0.0001240808959617704,0.00012498565719423708,0.00011701130752890197
0.00017754873196484293,0.0001771121524394731,0.00017669759938668484,0.0001771593293626747,0.0001771879533445524,0.00015997536980275916,0.00014955782798459308,0.00016661935758628994,0.00017580747154693398,0.0001695711235952209,0.0001738130439250188,0.00014250007787547166,0.00015990459549645395,0.0001764869749054449,0.00012178629577168659,0.00024386604772175566,5.7929336533969515e-05,0.0001102361580112384,9.946349042256403e-05,0.00017049557323358988,3.9617764732522665e-05,0.30544573995805696,0.0001775444784544081,0.0001775134641401994,0.00018829172720816244,0.00017754289902728333,0.00017754949412077432,5.345707916249851e-05,0.00017755790849729203,0.00017752859286067108,0.00017755879724211686,0.0001727016889052828,3.543867900860007e-05,0.00017479131200810762,0.0001765478686008323,0.00017754927158783216,0.00017579374873925545,0.0001759695660800516,0.6886267419225058,0.00015084526814997535
0.0002914195327287257,0.12661345435717988,0.8625285474212364,0.00021783823958361202,0.0002761091382601208,0.00028928419669747786,0.0002838734461811153,0.0002914361712453219,0.00029144756588034846,0.0002912029052099885,0.0002913425852091481,0.00029109802069678245,0.0002914056625461464,0.00023223090013830484,0.0002914448921141885,0.0002914329629674198,0.00029142591052662203,0.0002844979329412684,0.00027290503799387583,0.0002900985240865583,0.00029144589985035074,0.00027990062192147344,0.00029143867478635183,0.0002912710635625184,0.00029143803466136746,0.00029118516699135684,0.0002911498085926067,0.00029144733861896806,0.00029139201409467846,0.00029127127671648535,0.0002914270968571096,0.000291235817544292,0.0002914436455580509,0.00029077480383257444,0.00029099301679961386,0.00029135574795567627,0.00029138323807846876,0.00029142593888426026,0.0002914128154454583,0.00027411257582497426
5.096207343550812e-05,5.087889554073007e-05,5.083437325189304e-05,5.084681000217762e-05,5.08393237939353e-05,4.3746561988936505e-05,4.086247556015469e-05,4.792485312276905e-05,4.6651591394278646e-05,3.980400567819716e-05,4.068501441426522e-05,3.9230093318538696e-05,3.791956268958799e-05,3.074985853327126e-05,1.9305801337112052e-05,0.00012841224974249587,1.7580896295418223e-05,2.3666081126464047e-05,2.353169433706097e-05,1.9960480213720238e-05,1.5165925240851303e-05,0.23130161177929556,5.096433584578734e-05,4.4141560559664824e-05,4.990379417264899e-05,5.096501358576791e-05,5.096634562556585e-05,1.3926938000415439e-05,5.0961410827255985e-05,5.096768384292492e-05,5.075949024551684e-05,4.55640201031531e-05,7.077457754838965e-06,5.035223178781608e-05,5.0617347003836154e-05,5.096624304987226e-05,5.008053404932082e-05,5.0222997395363337e-05,0.7670804862776316,2.990591820570152e-05
1.4676514748064902e-06,0.19218397677318733,0.8077607349993716,1.2732749335879797e-06,1.4672529323097138e-06,1.4676561462762082e-06,1.4345692820465285e-06,1.4676793433035204e-06,1.4677146793384332e-06,1.4664073850707483e-06,1.4666352691991385e-06,1.4661726053264716e-06,1.467025805877857e-06,1.4477447492898042e-06,1.4676821524375956e-06,1.4634149229005044e-06,1.4676581104457647e-06,1.4675474156803844e-06,1.4675792010012513e-06,1.4639100390251482e-06,1.4677015385569744e-06,1.4207757071454905e-06,1.467707380232667e-06,1.4668753706412112e-06,1.4677016925148185e-06,1.4663672322704496e-06,1.4649336344875814e-06,1.4674663694281326e-06,1.4588642107795857e-06,1.4672517417507552e-06,1.4676103382060837e-06,1.4669339808580854e-06,1.449360454241422e-06,1.4660116564978775e-06,1.4653843471327526e-06,1.4674375745113358e-06,1.4673577785849062e-06,1.467577078788303e-06,1.4626112032727824e-06,1.3347217030223275e-06
0.0002818261840255086,0.00028141704492218956,0.0002809194124062109,0.0002812586973520933,0.0002723727070136592,0.00022504915762987728,0.0002406784107048303,0.0002489996435899863,0.0002360268099485863,0.00022998559451937472,0.0002335532379766107,0.00023504884699304383,0.00022553143122958585,0.0002088433380068526,8.583679848750891e-05,0.00022043359189248053,9.267132830150635e-05,0.0001520640781157536,0.00014751959525998844,8.74820281892354e-05,9.921940307534754e-05,0.12501427617839586,0.00028184301465010995,0.0002150661445420335,0.0006326270373916866,0.0002771249962406578,0.0002818474299799293,0.00011551946493946966,0.0002818574034018777,0.000281828929070155,0.00027987153425880024,0.00024748577276351234,5.663955003328202e-05,0.00027902604014031916,0.0002806122915137354,0.0002818448447755043,0.00028005425253899006,0.00028021081091149456,0.8660700773150132,0.00019544964979929057
4.821990688146893e-05,0.1771838409360023,0.8209976592085394,4.4090413701511395e-05,4.821314059031381e-05,4.752479531803185e-05,4.7018220031393546e-05,4.822770297481807e-05,4.822542657627395e-05,4.814337162084575e-05,4.816571166327204e-05,4.812461209382122e-05,4.822588625055874e-05,4.82090921094568e-05,4.822555595072672e-05,4.8223629819149595e-05,4.822054023928074e-05,4.737303531856858e-05,4.821878170003404e-05,4.799482134568603e-05,4.822591248963846e-05,4.685033750669935e-05,4.822424587868524e-05,4.816786090224191e-05,4.8223485748925535e-05,4.8133051593788617e-05,4.7918947523478824e-05,4.8158324627809547e-05,4.7665310669143994e-05,4.819085680097064e-05,4.8208032341568134e-05,4.817184411826848e-05,4.816354155856111e-05,4.811993200660198e-05,4.8016234451631804e-05,4.8207162399519885e-05,4.8186112124601645e-05,4.82016074788291e-05,4.793103854495908e-05,4.4891372506975204e-05
5.371104052468213e-05,5.363776078696467e-05,5.359103097942199e-05,5.360565455530148e-05,5.183539222668688e-05,4.1855879529456906e-05,4.5581089199670304e-05,4.979927356373198e-05,4.374576421404678e-05,4.069051177207944e-05,4.168407390385366e-05,4.527100733159868e-05,4.091673508869818e-05,2.965855596484762e-05,1.5105285492600833e-05,4.939024662681208e-05,2.6501633832128367e-05,2.6812181220943813e-05,2.828135483876337e-05,1.6499194501041327e-05,1.5121615322402788e-05,0.3082752839198366,5.358314967004076e-05,3.8461667818321655e-05,6.400991953793872e-05,5.3714404519898163e-05,5.371528094350275e-05,1.9271090013105675e-05,5.371662325929557e-05,5.3716071123060714e-05,5.3420986540327756e-05,2.9463265398833467e-05,8.852062541091737e-06,5.318401902604294e-05,5.349270469209062e-05,5.371534784443159e-05,5.3664685657103204e-05,5.3669554716141955e-05,0.6901217064535833,3.0063511803148053e-05
1.0674175996691775e-05,0.2552020534722901,0.7444201176209975,8.369485861315377e-06,1.0663759653554077e-05,1.0683363338474717e-05,6.671100994090903e-06,1.0680740568905693e-05,1.0690414866849378e-05,1.0522654197296927e-05,1.0558094695364236e-05,1.0476779762467596e-05,1.069030324840762e-05,1.0669211798785627e-05,1.0686869669516047e-05,1.0234296062300209e-05,1.0681908076055705e-05,8.577337811379558e-06,1.0678485673282466e-05,1.009073800669488e-05,1.06890466619214e-05,8.151575353605264e-06,1.0683737085591304e-05,1.0688661122049086e-05,1.03166985582931e-05,1.0523258179599714e-05,1.005046664145497e-05,8.766730324545433e-06,9.066976208465497e-06,1.060208137915612e-05,1.0676398377077138e-05,1.0558433336378898e-05,8.764361570621843e-06,1.0411903117266373e-05,1.0150715242039836e-05,1.064100117767462e-05,1.0632397351273533e-05,1.0670686230658916e-05,9.683947271296151e-06,3.8001112419942704e-06
4.6698541487427406e-05,4.6633614155154256e-05,4.659040990989019e-05,4.665891010377503e-05,4.560049747029562e-05,3.542005523348142e-05,3.9670171502498073e-05,4.123397645627135e-05,3.677046862351162e-05,3.691665804256283e-05,3.863941505414133e-05,3.705515480361288e-05,3.624543267407822e-05,2.9931185346149634e-05,1.1044882449538074e-05,2.1219735774815425e-05,1.285410133561597e-05,2.2870367904419274e-05,2.203085905766149e-05,1.1790681227383806e-05,8.875147318933544e-06,0.22455857289875483,4.658954799657187e-05,3.374158420923793e-05,7.26005436007597e-05,4.669505443860414e-05,4.6702264143296694e-05,1.677183961248467e-05,4.669856652331923e-05,4.6702988319652464e-05,4.670353519311997e-05,2.6681933591549186e-05,6.242681397605743e-06,4.623637030769715e-05,4.651522056258155e-05,4.670229247057921e-05,4.634754298573864e-05,4.637411559943298e-05,0.7740691590244619,2.9211729899809456e-05
3.257922824771895e-05,0.1797271406116345,0.819044182479906,3.0804272103640955e-05,3.2572480527279364e-05,3.258099307252469e-05,3.160520194194103e-05,3.258519241416808e-05,3.258408227151646e-05,3.252182930743029e-05,3.253417576018791e-05,3.250739368622222e-05,3.258386135027177e-05,3.257463557769865e-05,3.2583298780907916e-05,3.242927956966021e-05,3.258134066175938e-05,3.186326259423549e-05,3.257913391885957e-05,3.239731888491051e-05,3.258381187573002e-05,3.15850041397201e-05,3.2582411207214954e-05,3.2531370249797825e-05,3.258226798530695e-05,3.251219041213189e-05,3.246862083943813e-05,3.205379212801758e-05,3.207677505623651e-05,3.2560413296488355e-05,3.258035946249409e-05,3.254178772303324e-05,3.2544942826431055e-05,3.2498166972697014e-05,3.243209472497424e-05,3.2570738604830395e-05,3.257096737692161e-05,3.2580071412287965e-05,3.234519233096335e-05,3.0008949163930143e-05
0.00027079648126507446,0.0002703282355448134,0.00026996841319492417,0.00026999510987627955,0.00026934592463386393,0.00026841040689959763,0.00024371974386931534,0.00026424069683064115,0.00027076823274626405,0.00026572335858782143,0.0002683118237052927,0.00024061492171726493,0.0002515940145206758,0.00026569276440952395,0.0001346330938515448,0.0005418689994644345,0.00015742470258822496,0.00018221244433516248,0.00016855071202858502,0.0001366731663148877,0.0001286570796944029,0.18593655541433218,0.00026997359768035964,0.00027073438674150597,0.0004459120892901148,0.0002707853100988748,0.00027079069015248787,0.00011951200568095843,0.00027079561918332907,0.0002708015147702339,0.00027080229837027017,0.00027075271406346084,6.766879052035466e-05,0.00026779966593784874,0.00026990282648238354,0.00027078750229340043,0.0002694877740426784,0.00027033874114100616,0.8045370401978147,0.00024002853532540178
6.060146103464871e-05,0.3164077068515185,0.681155674469925,6.528305825764165e-05,6.496114866277778e-05,5.931672344859493e-05,6.186706379188243e-05,6.534066013710138e-05,6.307269513969375e-05,6.533992777648734e-05,6.533966212274874e-05,6.533632769921699e-05,6.533422633470454e-05,6.505671186899078e-05,6.533299774039936e-05,6.535575667092618e-05,6.530567773830211e-05,6.49589527992165e-05,5.942733319753209e-05,6.342382620357903e-05,6.533029897442574e-05,6.154583014873614e-05,6.530806178535891e-05,6.46538934736549e-05,6.533912003170503e-05,6.458224465136995e-05,6.316302188353882e-05,6.534548396199267e-05,6.517579549713318e-05,6.520869388256026e-05,6.52861406925847e-05,6.500300039752572e-05,6.534247659287629e-05,6.497322401483835e-05,6.402202201312933e-05,6.522129431676659e-05,6.516594751445754e-05,6.523994570081353e-05,6.35664438798411e-05,5.649152851867963e-05
