1.2290988572333024e-09,6.9988017255216875e-09,1.1628326960697136e-09,1.1807816221938783e-09,2.4858687832597155e-09,1.1974961833205705e-10,1.4994654945574343e-09,1.1114311937946483e-09,1.2416246622585964e-09,5.024804234124066e-10,1.0134995427872304e-09,1.5478321959598498e-09,9.869191523625294e-10,5.5042866773447015e-08,1.6373758843488384e-09,2.8418056537617396e-10,8.20056977370757e-11,5.377538209506196e-08,0.007804583060394456,1.605864950444142e-09,1.974246925324897e-10,1.5210202597464767e-09,9.609112271831323e-11,0.3876612393370647,6.364465952660662e-10,1.4289894224510227e-09,5.041969723607369e-10,5.1039565667782924e-09,1.9261218024537195e-10,2.4595128092249146e-09,8.637709763178609e-10,5.750068549994038e-10,1.9557050239821536e-09,2.514975234176475e-09,2.611548890491236e-09,1.8074555076029147e-09,1.7659309389214804e-08,1.3006319703907611e-09,0.6045340013404553,1.3253691890550864e-09
9.464770742001884e-10,1.400170021028988e-08,1.7655783707977394e-10,1.48195538727642e-09,2.137367635431016e-09,7.257825602480539e-10,1.4520221974931047e-09,8.895422775892884e-10,1.587936149971501e-09,6.20984432277972e-11,9.294398024588311e-10,1.106948937107995e-09,4.90144979566746e-10,5.8106576529746134e-08,2.5766670011790684e-09,3.0938188708348965e-10,6.103452630007475e-10,6.98052841350404e-08,0.019027332298023582,1.3307721242485968e-09,1.566252322886772e-10,1.301332298444416e-09,5.251910092252306e-11,0.37379880176083646,1.6382325118141995e-09,1.2119859974022482e-09,1.9195834775075583e-10,7.951034012149821e-09,4.2976507033256793e-10,1.0337636756453204e-08,4.6547125518407075e-10,2.0618153857779946e-10,2.6005927025462014e-09,3.6438485230698505e-09,1.3617449355419984e-08,2.2032384951249344e-09,7.0522650519124144e-09,1.8246592584952704e-09,0.6071736501431835,2.1861603477556914e-09
2.5162111560958764e-09,2.0871212935716897e-08,3.0839539845662986e-09,2.2287838348744324e-09,2.133783381131626e-09,4.249338246820623e-09,2.1639306444239294e-09,2.5001383017593113e-09,4.143066122887662e-09,3.0962033863856952e-09,2.3660338814387763e-09,3.1336017177831235e-09,3.3448284832512774e-09,7.43255717112475e-08,5.336453060624943e-09,2.9552699193822387e-09,3.3807152100663062e-09,2.3580697344074783e-08,0.024210328963047135,2.320746163210834e-09,2.9903073911706727e-09,2.3235051552558838e-09,3.4521059590472668e-09,0.350281420259528,4.968803596495353e-09,2.5252547661342976e-09,2.6669806317567115e-09,1.5393389668424906e-08,5.064686692742481e-09,1.4616725628939853e-08,3.1607149660033134e-09,2.9423477164471617e-09,5.277566828987494e-09,7.103283203785253e-09,3.8125340200851485e-08,1.948156903366225e-09,1.3859846873915727e-08,5.881135781975026e-09,0.6255079458954076,4.85132574981996e-09
3.246720584066567e-10,1.328727929986974e-08,3.8637032592513155e-10,3.816964259063641e-10,9.875554520793148e-10,5.1612095857268e-10,5.887862029816957e-10,2.9979206356514e-10,1.132247604031184e-09,4.295008925565374e-11,2.729147601208776e-10,4.93573509030267e-10,3.0365368593203186e-10,1.1598423968149212e-07,9.641406146705558e-10,1.2023429576482964e-10,3.364083777014262e-10,1.4150729548097016e-08,0.021794855557238507,5.984987112710169e-10,1.2314130227042774e-10,5.578294205508582e-10,6.08239979875928e-10,0.3705753160852211,6.828972217116891e-10,5.227813573874313e-10,2.758755021506706e-11,3.5208995294285707e-09,1.2442098748589243e-09,4.6222254102906875e-09,1.8434916491155226e-10,8.578864229044497e-11,1.3663926673939608e-09,2.8347601297715156e-09,7.406818461756382e-09,5.130589125317352e-10,8.660005619495834e-09,1.700270241677677e-09,0.6076296415037327,1.0206883232273708e-09
2.779811877830107e-09,4.2321918854797196e-08,3.4315777045223746e-09,2.448052951854878e-09,2.228641366649511e-09,4.370069329251262e-09,2.3030073862509325e-09,2.709459226244848e-09,4.269114954899672e-09,3.1523310886140276e-09,2.3921607986817144e-09,3.4372016210912322e-09,3.7061982392841433e-09,4.6909815102835714e-08,5.677059434246879e-09,3.524227100679978e-09,3.4205138519945787e-09,2.602816761274183e-08,0.02131443886945585,2.457496137359522e-09,3.00482101482235e-09,2.390145328091495e-09,4.009973000197954e-09,0.3460488908228515,4.389273507499861e-09,2.869765436726529e-09,2.8515507819798873e-09,1.414687739580072e-08,5.764131743671305e-09,2.2065130565172948e-08,3.4909068181313487e-09,3.1522746458759316e-09,5.43064460087506e-09,9.491748455611085e-09,3.54935355991125e-08,2.0520279541966204e-09,2.7072189624234582e-08,7.379610732141025e-09,0.6326363424990981,5.187162858343556e-09
1.121614188480026e-09,2.718599355617297e-09,9.064119300212334e-10,1.1322372706670122e-09,1.5751473203538384e-09,1.1776905607916713e-09,1.3843313414376996e-09,1.0373473732614702e-09,3.035448649096567e-10,5.504055408385943e-10,8.635549750068042e-10,1.334381017600166e-09,1.4086891849091836e-09,5.174120142201948e-10,5.266733959719086e-10,1.2829207231768273e-09,1.3366236521318752e-09,2.6753002395784503e-10,3.655860549585371e-10,1.4272684619566167e-09,1.2414084311169112e-09,1.425905286524314e-09,7.656894113288687e-10,0.33436872328640077,1.534817777381874e-09,5.679286903917609e-10,5.686683378544719e-10,9.703136499773721e-10,6.871731047410285e-10,1.2264594626174602e-09,5.228572897994141e-10,1.248159164682489e-09,4.0779227796983415e-10,1.0042028419551027e-10,7.754859181841272e-10,1.5670439198471094e-09,2.131546520168149e-12,3.982081964327269e-10,0.6656312405568565,9.083108277488328e-10
1.1027485032857079e-09,8.951078830080091e-09,1.070658453339086e-09,5.889793364776128e-10,1.9532609814344426e-09,4.323526880998794e-10,1.4273180701952619e-09,1.1221421870585073e-09,5.350532513704012e-10,6.120805605014164e-10,1.1044247974906606e-09,1.3165556813633314e-09,1.218669585201097e-09,0.005420570564182392,1.5258473847178029e-09,1.5929143456174848e-09,3.5011318966182275e-10,2.8550164985421476e-09,0.0661555657568314,1.4101931651799213e-09,2.132720543434651e-10,1.2631900530956176e-09,2.2640180756138738e-10,0.3139404613319715,5.793038596014806e-10,5.670985566051369e-10,6.159039425109992e-10,5.537753287540575e-09,1.4401369455152135e-09,2.4554194575005103e-09,8.062667219201171e-10,1.4344449025569439e-09,9.47453162876588e-11,1.2385029453656887e-09,2.9690568862394294e-09,1.9025200458830164e-09,3.1074271711169605e-09,1.2782114008482505e-09,0.6144833469523903,4.955615307496052e-10
2.5942482994798933e-09,3.182534040724624e-10,2.5321511051459064e-09,2.6873073912014443e-09,2.640599944798704e-09,1.9106588367321166e-09,2.379737763954754e-09,3.149076645748404e-09,2.5692344236103428e-09,1.8289285312641066e-09,2.7045031500199633e-09,2.288512704670903e-09,2.4450372306704385e-09,1.120539472778655e-09,1.251269715678377e-09,2.571898988058005e-09,1.9876818838979795e-09,2.072440433819251e-09,7.353124158562239e-10,2.332517701074755e-09,2.6721717956367534e-09,3.0037459766893068e-09,3.2734836853968973e-09,0.46606204581051264,1.871821374332751e-09,2.5076107728221443e-09,2.634745462454102e-09,2.3865251081408065e-09,1.6479235497201486e-09,3.904067677240195e-09,2.5950652724757797e-09,2.639786774708897e-09,1.6599774789392087e-09,3.652171051496881e-09,4.311303615958038e-09,2.3522710438263802e-09,1.9829032736472325e-10,1.1030367069265012e-09,0.5339378671068592,2.5487207181590522e-09
9.553641183082517e-09,1.3555148799064708e-07,1.1405402125712591e-08,8.176508542727437e-09,5.925557250299648e-09,1.4098201224535998e-08,7.000958007770573e-09,8.65644934339684e-09,1.6168059270511852e-08,1.2044052279427479e-08,1.0247707295233677e-08,9.667858732549452e-09,1.5346496301733875e-08,1.0728309111108188e-07,2.1493746006734672e-08,1.127664700492833e-08,1.6825086130227376e-08,1.0125388081151823e-07,0.028474356478498834,9.45935102536079e-09,1.5808658314855788e-08,1.2666452377235241e-08,2.7041123227409708e-08,0.2942583500907169,1.5420615440743518e-08,8.738192663048574e-09,1.1388647552649917e-08,2.4897386940437555e-08,1.9691091861196824e-08,8.22399013856365e-07,1.4948568721200964e-08,9.64961480577647e-09,2.028067491188574e-08,7.540754410633847e-08,0.011930948423307212,7.133437711192982e-09,5.245265650915823e-07,2.9664005349500546e-08,0.6653341592181604,1.4693542007065261e-08
6.938099892024999e-09,8.1902846210521e-08,8.116812633050366e-09,5.965320981705262e-09,5.636158134177031e-09,1.0883377022878272e-08,5.484101440025286e-09,6.526012480172667e-09,1.060477398423387e-08,8.21008467941427e-09,6.095498448776805e-09,8.299037006065307e-09,9.151717451098e-09,1.3413576364680893e-07,1.3309613467816853e-08,7.439724230554107e-09,7.950163570364603e-09,1.1868026297436843e-07,0.003958105541436831,5.767300199718517e-09,6.908463031481713e-09,5.540235134231694e-09,1.0137430695302749e-08,0.3451673346042451,1.0839534852325459e-08,6.725645771977154e-09,7.723615304006049e-09,4.08812762512789e-08,1.9827953350385947e-08,4.9730862197668737e-08,9.587509743755833e-09,7.884230017335297e-09,1.1833755668466266e-08,2.278055326856009e-08,1.3371072276762869e-07,5.283084870451747e-09,1.04421374078081e-07,2.3900010824992097e-08,0.6508736087242704,1.2317121248505445e-08
2.3220136511988837e-10,1.4526464500800689e-08,2.5201520869934755e-10,1.7354742097843343e-10,8.419381291085338e-10,5.995863898631499e-10,3.6439833128931676e-10,1.1546569265997065e-10,1.1649482434879702e-09,2.3544174528483146e-10,1.4602072947163662e-10,2.6712407234632085e-10,6.235102251734473e-11,3.3643574580331756e-08,1.6742422474206878e-09,3.6625023360980207e-10,6.262414743605086e-10,4.105861786895522e-08,0.017721921464463358,3.835424374569795e-10,3.8363741254591e-10,3.3772840357328944e-10,5.813375434714932e-10,0.3694370699655091,8.0421215341558e-10,3.473321417637432e-10,2.404155213932671e-10,4.0410956667117445e-09,9.912419260554529e-10,6.307112366224561e-09,1.711899321846943e-10,2.3010055467809018e-10,1.6249213246628122e-09,2.84402387217849e-09,7.952905017930714e-09,4.3103567898134427e-10,8.677736618430974e-09,1.7381346727030583e-09,0.6128408728099533,1.3219417879901316e-09
1.4875711904712342e-08,1.3451087642900077e-08,1.423232158012843e-08,1.4700598664974714e-08,1.7248681365317047e-08,1.066560203379263e-08,1.6044676300899155e-08,1.1913677628919311e-08,8.67502883584969e-09,1.4182152690757059e-08,1.8052708471447718e-08,8.098807956545974e-09,1.2817543341723119e-08,6.4060640551966565e-09,1.694351726275122e-08,1.5644040310570358e-08,1.1456379335539867e-08,4.0803975109280776e-09,1.2433534551050761e-08,1.6216836795436944e-08,1.1771823879344438e-08,1.650987068228811e-08,1.3266528691675902e-08,0.3742599547736322,6.9080730327561585e-09,1.4781375055251758e-08,1.4922637015828634e-08,4.223993706809425e-09,1.3533868212206555e-08,1.7289253078327504e-08,1.5504393190002173e-08,1.2701353546503427e-08,7.181235637341468e-09,1.0683637718449377e-08,1.9653523485994787e-08,2.0684390121357375e-08,1.3580933670202954e-08,1.1100064341561165e-08,0.6257395555128921,7.2771523238043854e-09
5.165328134982951e-09,5.243928287619858e-08,6.218076719657842e-09,4.935980755309277e-09,4.316546205857467e-09,8.193984288259164e-09,4.242531070582606e-09,4.9645637124319464e-09,8.097480733378298e-09,6.24760115310806e-09,4.5601783767106585e-09,6.361892455113689e-09,6.764398500328738e-09,7.513934796643464e-08,1.1017691985995674e-08,6.022764845939256e-09,6.599633324527635e-09,5.3708991660663234e-08,0.01891213335503305,4.525203923669248e-09,5.7402982234946165e-09,4.47211544242714e-09,7.599971077915268e-09,0.34612210835982316,9.094134441289311e-09,4.881785423688381e-09,5.306562833374575e-09,2.8767188059981827e-08,1.5104245803816307e-08,3.3785549718990385e-08,7.138462531780222e-09,6.124488273406123e-09,9.747356893553231e-09,1.521299236843653e-08,1.145653825968187e-07,3.867025996086332e-09,5.869104058060618e-08,1.7298430597434118e-08,0.6349651217433209,9.623313276700868e-09
5.907157555378965e-10,1.5004540481193783e-08,8.118695313622281e-10,4.193598901694477e-10,1.3533545952074382e-10,1.458237903378846e-09,2.737744291319615e-10,5.60488833091093e-10,1.9033993449513313e-09,9.529573546105823e-10,5.622865033148757e-10,6.804204711354019e-10,8.569928309862872e-10,1.4394377355145002e-08,1.8269892831718685e-09,7.829995524744158e-10,9.76768323096435e-10,1.10422324158e-08,0.05244590632067112,2.978626763358136e-10,8.442662680424789e-10,3.204660816337363e-10,1.8418335365594168e-09,0.3343062439759775,1.6603167491162701e-09,5.196839662278709e-10,7.721787984702408e-10,6.440495271215296e-09,2.7635262624344183e-09,9.937216271173296e-09,1.0779261607528978e-09,7.722270044278715e-10,2.3446688641913633e-09,5.09225788659511e-09,1.0927071045651215e-08,1.459451220219969e-10,1.5620979320576342e-08,3.762949158417284e-09,0.6132477295091717,1.818563362511365e-09
1.3830094739025516e-09,9.593736323453935e-09,1.9021674868166397e-09,1.4552657760027364e-09,1.3253436031656403e-09,2.5130221154518893e-09,1.308229076403994e-09,1.5220999145924666e-09,2.418422932337746e-09,2.3082759610890486e-09,1.478213466932634e-09,1.7746802886045996e-09,2.2514835757234713e-09,3.062154489479721e-08,3.0184621539014484e-09,1.7998088482923827e-09,1.8344471859783778e-09,8.791359980604188e-09,0.0032958534745843875,1.3617565023202646e-09,1.6003521714697683e-09,1.243611055622158e-09,1.6147310031364211e-09,0.3479663414328729,2.259594540697133e-09,1.4243436647282436e-09,1.5501968921250875e-09,8.032009820255359e-09,7.629335575457274e-09,8.714158947556032e-09,2.7048163515280626e-09,1.6561801216653225e-09,2.555462735863778e-09,2.56951705696941e-09,2.981363292324406e-08,1.1859736945223535e-09,0.01834046641273849,7.291217681867394e-09,0.6303971755856259,2.5877146246992125e-09
2.2966073038476896e-10,1.085651069813287e-09,2.583860938547787e-10,2.0308865994279826e-10,3.0967611531966986e-10,9.878429977614508e-11,2.530533284046106e-10,2.0637242590934498e-10,3.9959085675227875e-11,1.607371072833111e-10,1.8835317831406896e-10,2.348032571799598e-10,2.568560454525124e-10,9.250636251596433e-11,1.561677709497067e-10,2.1769244595879092e-10,1.3400194110379259e-10,6.712782499646874e-10,1.2705059648027988e-09,2.764089049776233e-10,1.424204640633323e-10,2.34383105742164e-10,1.5751971490064748e-10,0.33604075703376657,8.852659891085853e-11,2.369635842140264e-10,1.5423523114063396e-10,1.694397941506631e-10,1.9951560053472816e-10,1.8147357080122655e-10,1.5698541168744394e-10,2.545069741776715e-10,1.3726634877574775e-11,1.6246416613798312e-10,1.7295723137333944e-10,2.957077934333285e-10,3.8335989746522145e-11,5.0999353797700884e-11,0.6639592338125536,9.957555561296408e-11
7.492245535530576e-09,4.2390181868489e-08,0.023261910063709812,1.080526294661471e-08,6.836365523725196e-09,1.425684287149296e-08,7.642952778031402e-09,1.1533738963417935e-08,1.5091512165588715e-08,7.866151703710753e-09,8.108750990811737e-09,9.307229873132347e-09,1.0165618092033684e-08,5.7499534703537925e-08,1.759358463705539e-08,1.2090690945572218e-08,1.3526809095798822e-08,2.4984624266452432e-08,3.5175318161572266e-07,7.561905321334007e-09,1.148543497373605e-08,8.530883964387052e-09,8.996898910195023e-09,0.377084170609834,9.899329015184868e-09,8.8240896817797e-09,9.413464268304004e-09,4.038276689264514e-08,1.5708302715969263e-07,9.869871119141451e-09,1.10925551013589e-08,1.1021523143626107e-08,1.8046829884080416e-08,9.647257969111545e-09,1.2320659039872159e-08,6.924831275779559e-09,1.859150673787814e-08,2.5460909846862495e-08,0.5996528876672939,1.756013937469989e-08
2.1949804435577284e-10,7.049605806793358e-11,1.7020371353389363e-10,2.1191696904033822e-10,3.0562037013559333e-10,1.7384312665311943e-10,2.5168197727077334e-10,2.225305629828636e-10,1.2487318766817542e-10,1.8566094806624402e-10,2.0263902911877736e-10,2.2630597273904224e-10,2.422299548561938e-10,5.816876099313541e-10,2.44121906095031e-10,2.091489187745419e-10,2.0984335391701714e-10,1.9869460341202602e-10,0.037854976236040366,2.5072256534459723e-10,2.001310125736589e-10,2.5069946094009883e-10,2.285262860874357e-10,0.355057431729292,1.4851433128927053e-10,2.221886224277525e-10,3.0787232932839565e-10,1.6485937787034135e-11,1.6348984024680583e-10,8.044105385589306e-11,2.1031929903837014e-10,2.2134684701985178e-10,1.2359411838555681e-10,1.852163614000217e-10,8.075196858886235e-11,2.838781462670564e-10,2.093291445622473e-10,5.940920962976028e-11,0.6070875845876871,1.5306773413796343e-10
3.823575871039067e-09,4.861020721594247e-08,4.9738596522560155e-09,4.5091997510713586e-09,8.231910770279161e-09,4.195063679810162e-11,6.242291857105825e-09,5.075457537063679e-09,4.731022305166753e-09,2.295603914640798e-09,3.90086429616664e-09,3.4585958063766195e-09,4.264292225541828e-09,0.07957056881521639,1.1447226782536757e-08,1.8859329758217932e-09,1.4726943323493524e-09,0.004239255707026086,0.0002463488858740383,8.266671017970112e-09,4.629042105906924e-09,8.06089520387321e-09,2.254603179946109e-09,0.3093703064318873,3.7504539404196475e-09,6.243914703286074e-09,6.6312713042285436e-09,1.967162012555228e-09,3.616344914810078e-09,1.4082134028627341e-08,1.489327470819864e-09,4.144470738813845e-09,2.040655594821036e-09,9.0502213662812e-09,1.2607816280728527e-08,4.131542878103587e-09,2.077030891686858e-08,6.4994315261027e-10,0.6065732901701484,6.383829504133668e-10
5.94016316161826e-10,6.343688724084179e-10,7.992691574826852e-10,7.945107182456889e-10,1.0785437492481487e-09,4.6150179743284824e-10,8.063046819419912e-10,7.181093928040227e-10,5.873532556779952e-11,8.223731579040507e-10,8.019414708429373e-10,9.592081850673806e-10,7.396991973033239e-10,3.709747295496225e-10,1.1048601051337797e-10,2.319641819131235e-10,5.426361002767708e-10,4.323573275792895e-10,4.124735634407976e-11,8.699811930232031e-10,5.894724611402823e-10,8.125065896546713e-10,2.477279857089238e-10,0.37187059945209944,9.556820723065456e-10,8.138790032678128e-10,4.28771470146177e-10,5.972399691254902e-11,6.208366494554313e-10,1.2745137844072638e-08,5.286646812162238e-10,6.365829426273097e-10,1.6890702572511658e-10,2.452058630421311e-09,0.04266703518112436,9.269362075428651e-10,3.775195424202526e-10,2.9243277518676926e-10,0.5854623304354929,4.06214419182944e-10
1.1507519981542985e-09,3.5804949106532064e-09,3.5373935390017376e-10,7.362186029453533e-10,1.7765166755854556e-09,4.676131340801543e-10,1.1211608778171257e-09,1.1551054875257418e-09,1.3642365795683338e-10,6.680232021283321e-10,7.768725783647261e-10,1.5694435336577274e-09,3.7643876425234776e-10,1.4370205056420517e-09,1.1579661521883711e-09,1.4772394989420077e-09,4.2408213189991984e-10,1.619320135154548e-10,6.514413694959476e-09,1.4342932632390017e-09,5.88040472382774e-10,1.3556073165278822e-09,7.871121669673784e-10,0.36760422978931695,1.385928037945665e-09,5.878765917177477e-10,4.957683254610039e-10,4.2425360144424987e-10,1.452904990878003e-08,1.8130911314881416e-09,1.4084777602707362e-09,9.120898709960293e-10,1.4524681358377623e-10,1.2593274446200553e-10,3.6117863662138208e-09,1.9033354606558543e-09,0.0133874462545652,2.4987062424444534e-08,0.6190082421373598,2.823490197015515e-10
1.6584657496179175e-09,1.6693902594823367e-08,2.1050183243000167e-09,1.7017782537118402e-09,1.1111860975407798e-09,2.8152856926633166e-09,1.1869292681035433e-09,1.4374119556768877e-09,3.415740639193945e-09,2.2019724853298637e-09,1.6274202743913562e-09,1.7629276836555178e-09,1.771020409671563e-09,9.442915726461405e-09,4.089048333065284e-09,2.294937940167208e-09,2.349298003256429e-09,1.477622673586477e-08,2.3600452799733537e-08,1.0867224571780582e-09,1.9908719488970617e-09,1.2668210232081739e-09,7.271907141406707e-09,0.3665190841923361,3.211236467379658e-09,1.5291379809818856e-09,2.0666247318872045e-09,7.512012110773742e-09,1.2474526635468066e-08,1.0421969908981961e-07,2.9201414218601215e-09,2.05966807721723e-09,3.771890912240918e-09,2.7270199448867908e-08,0.0016172686120761357,1.17771428481774e-09,1.8321489586186993e-08,8.432143823920384e-09,0.631863340889443,3.681398602479503e-09
3.698475559679188e-10,0.004160693207589643,1.0528760278274983e-09,2.472213472096836e-10,2.178209672326334e-10,1.1699860303192912e-09,2.2768506179672719e-10,4.633518824796028e-10,1.7104878685865932e-09,5.261278705897258e-10,7.447924755521778e-10,2.3679735958697923e-10,1.4098168562412788e-09,6.206049312616526e-09,5.020387897650921e-09,4.999052994591752e-10,1.225351099238812e-09,0.09929719293443945,1.5405715339877074e-06,2.2251925030724804e-10,8.840658025808036e-10,2.861602530008629e-10,2.0211217357985793e-09,0.1685909877171584,1.1234763464436606e-09,3.672847810889085e-10,1.3097603237783402e-09,0.02327076000454131,1.2171508198610508e-09,3.758540469243758e-08,1.8061673453190064e-09,8.552238832127951e-10,2.0946313512153862e-09,6.4510545949934995e-09,0.0792851747601017,5.043013326226042e-11,9.326890773168224e-09,2.826847855368067e-09,0.6253935591964421,1.8514984820169797e-09
9.395667404251985e-11,2.572883635417205e-08,6.380099955451098e-10,2.705928741748388e-10,2.2166853442835214e-09,3.825738027359661e-09,1.03630772762564e-09,1.3621414117590026e-10,4.869283956653218e-09,1.903820688482821e-09,7.305027073016738e-11,1.0876788886652972e-10,1.262192389330092e-09,7.873871159520255e-08,5.413718215935451e-09,1.3317664828187181e-09,2.210059992766594e-09,6.270964090054378e-08,0.006723478487690825,1.0196104805904194e-09,1.4887653343638752e-09,9.481896638078955e-10,9.26721723722946e-10,0.34598015951586014,4.090903441172014e-09,2.380766800417366e-10,7.084496026479906e-10,1.382840126062879e-08,3.2640714267888773e-09,1.4825037686760029e-08,1.6236620662192164e-09,6.862010641025868e-10,6.837805836318599e-09,4.949674437594095e-09,7.047881047477646e-08,8.883870668924652e-10,1.1507193074449101e-08,5.854095822898518e-09,0.6472960206703086,4.5947298308157814e-09
2.021412764968088e-09,6.1930513796891205e-09,1.311632810846896e-09,1.7195842231397774e-09,2.542311824626587e-09,2.0959788697893305e-11,1.92349235300338e-09,9.282363075396242e-10,4.6378659122236053e-10,1.5333562339463593e-09,1.3831208735872441e-09,1.7932406952993174e-09,1.4332524009909135e-09,1.715972834947463e-09,2.2743222674578792e-09,1.2164284257906252e-09,2.1507361306380212e-10,9.266361701075106e-09,1.4588730691186827e-08,1.4611060834289565e-09,1.5136686732951365e-10,1.4433227740204101e-09,1.6728758779467255e-09,0.4522016979752449,5.894632444718406e-10,1.6710664979473391e-09,6.165549190635717e-10,6.067168230474548e-09,1.4589056778661473e-09,2.513957590645959e-10,1.3860336798038505e-09,6.272437037984564e-10,2.4069131573852125e-09,7.208294813058351e-10,3.570846588477588e-08,1.8372674221882741e-09,8.089265767070656e-10,3.4513915222011213e-10,0.5477981895440625,7.123196831174789e-10
7.136400461683068e-10,1.1890802782196832e-09,4.077773984719928e-10,6.275807869658823e-10,1.0125194986876176e-09,6.885454639067032e-10,7.980332241918237e-10,7.808748845109805e-10,3.541731254882812e-11,1.0678670926378873e-10,4.75508804150419e-10,3.403985411712673e-10,4.2489608716599454e-10,1.679710036075552e-08,4.281644113076213e-09,4.1364310857415376e-10,1.082161563107027e-09,3.0626625131597325e-08,6.946823564126384e-06,1.155264072416527e-09,1.2709334212757119e-09,1.2515267131654365e-09,4.188703004776938e-10,0.35897233238564386,5.765841244411713e-10,6.746961524666654e-10,2.1272060414541507e-10,2.9220835771815116e-09,3.25333866263386e-11,9.584606492186317e-11,1.0158418351049911e-10,6.022892659228775e-10,5.752422660677736e-10,1.7528856321999672e-10,4.301339504533165e-09,6.442023677274975e-10,1.0327468107609573e-08,1.0708335227983252e-09,0.6410206335214762,5.777628562519997e-11
8.46286285688127e-10,5.926222772571874e-10,9.905137792782568e-10,8.252575070929847e-10,8.001174349171353e-10,4.857342173523725e-10,9.893713050481347e-10,7.886693359003197e-10,2.889274769368878e-10,7.01088938652493e-10,8.931069414314963e-10,1.1408577076098255e-09,9.672550313722904e-10,3.3667754449572055e-10,4.806439201391389e-10,6.753241550444115e-10,6.643166717308992e-10,7.673551285008209e-10,3.294539403065487e-09,9.672384459859402e-10,7.117225967204323e-10,9.744260764117687e-10,8.957826292913812e-10,0.383413568158902,3.480840922033938e-10,9.669640291274995e-10,8.233550745404977e-10,2.822135971457254e-10,3.6236302158062085e-10,3.973851207859115e-10,7.760131652085006e-10,7.934338030848753e-10,2.8332044748025043e-10,7.325706337756028e-10,1.652309336748299e-10,1.1816399606691946e-09,7.13588309017644e-10,2.8752927880607143e-10,0.6165864032335846,4.15987248177661e-10
2.5537036831703824e-10,9.618729074907054e-09,1.4962949458522337e-10,2.445713663196133e-10,8.881350689483571e-10,3.814439502395827e-10,5.901844737710211e-10,3.756331372943504e-10,9.56248469379309e-10,2.3642727238853367e-10,2.7137343397286984e-10,4.786356556940543e-10,3.069652929592769e-10,1.4120085961481123e-07,1.2951105502211075e-09,9.363598324470699e-11,3.8311805112750256e-10,2.233883920480311e-08,0.025567574795597073,5.12590448512378e-10,1.7276507460565717e-10,4.760062006612635e-10,3.774003967124881e-10,0.36712532937390935,5.861988510419006e-10,4.956148263921959e-10,8.140624572517009e-11,2.822270656723353e-09,7.284761399533602e-10,3.983889846051484e-09,1.384451081041742e-11,1.0424582813923353e-11,1.1657999940625735e-09,2.000776560111791e-09,4.647814072813925e-09,7.455928524512886e-10,7.790784393318881e-09,1.3210353889801256e-09,0.6073068868277958,1.0050962914911163e-09
3.1533457114148947e-09,1.3337708654756926e-08,3.402801816234123e-09,3.006350840250492e-09,2.1525464773460324e-09,4.3356687766055284e-09,2.530152837987463e-09,2.9873681654467687e-09,4.482244191734237e-09,3.725256001990935e-09,2.9125001164992212e-09,3.2570218673858725e-09,3.8209753971252665e-09,1.3927581706977746e-08,4.810891191808536e-09,2.7318775345214803e-09,3.4305355268610834e-09,1.2119282596016687e-08,0.06487124287425057,2.3688502418772864e-09,3.1147541487559658e-09,2.440442604339248e-09,4.222229639067222e-09,0.350775312806459,4.799279744344152e-09,2.948126922309647e-09,3.607883034603892e-09,1.355272918189395e-08,6.358764479151405e-09,6.86506981871619e-09,4.4392486138841115e-09,3.2666962033475664e-09,4.5303748509720715e-09,6.189430681258078e-09,1.255896423783424e-08,2.467442684154358e-09,4.58226291239243e-08,8.645831251420021e-09,0.5843532110334639,4.962969766198028e-09
2.219049511184055e-09,2.4072344091723352e-09,1.754413687103674e-09,2.31590763151505e-09,3.129753740901836e-09,1.683987052272079e-09,2.5350268976256433e-09,2.2278384649213592e-09,5.123567565166658e-10,1.6487566793706914e-09,1.9294483510290827e-09,2.696012310795857e-09,2.6295925586982403e-09,1.0723319453373426e-08,2.1989463551641678e-09,1.832375296263138e-09,1.9792631133009098e-09,4.008893658778412e-09,0.06466178751004042,2.5615533273779622e-09,1.8807833665674e-09,2.542671127833748e-09,1.6228958788171494e-09,0.322575701705666,1.163300949043616e-09,2.3942115276665265e-09,1.4902017739712216e-09,1.8616081122536925e-09,1.4500470670218032e-09,8.160290642493669e-10,1.674314209923716e-09,1.8193636139468486e-09,1.4953276174046964e-09,1.102960131150237e-09,3.006148628532363e-10,2.1888480316871573e-09,3.152453548945822e-09,9.199295705587096e-10,0.6127624307227162,1.1922876547457293e-09
4.221178737179568e-09,6.762267492661489e-08,7.964734999542852e-09,3.6832922885784554e-09,6.987389183489765e-10,4.622574627262362e-09,2.206437421905226e-09,6.037385776308215e-09,1.2743311525650471e-08,8.251042476981581e-09,3.989977463554298e-09,5.641712801795978e-09,5.362191846890122e-09,0.10866830887845154,2.6437621679629746e-08,1.3281902133755484e-08,9.254129875517148e-09,4.3555304137446157e-08,3.743114171144578e-08,8.429689813926326e-09,7.910963604489972e-09,6.061962699760852e-09,2.157632074341713e-09,0.33695686228969496,7.745044894373634e-09,3.738779588430162e-09,4.737388113396922e-09,1.387051202907172e-07,1.5250119262108184e-08,4.909058036513792e-08,8.427392855178943e-09,6.608703822611828e-09,1.0972864665297432e-08,1.1054722550244957e-08,1.5657291985407667e-07,3.2379704083522216e-09,9.507198631474602e-08,2.5950193466232077e-08,0.5543739891740885,1.4928377096610345e-08
2.9375811340645464e-08,7.297746577589793e-08,1.3517805708225813e-08,9.714064778603123e-09,1.024374023020521e-08,3.152698973742701e-08,1.0105540159212856e-08,1.3585341682623033e-08,3.9507330307920885e-08,3.56576204025446e-08,1.8579228223131322e-08,1.7671373357957612e-08,2.0220071104827985e-08,2.784503207001714e-07,3.178599258449875e-08,1.4672944572056415e-08,1.8608915108049204e-08,0.02667094824336976,0.03421041170879379,8.20053931934938e-09,1.584366511233743e-08,9.762065070394942e-09,5.627812079791859e-08,0.20663755092029834,2.6313022177327836e-08,1.5090714232893122e-08,4.5180003866998304e-08,6.581885760358833e-08,1.1180147128972488e-08,8.706457956226186e-07,1.3527272966741316e-08,1.5480458506455075e-08,3.73542238671164e-08,1.9560086852315664e-07,0.01819822661817918,1.103552928523425e-08,6.818346160604819e-07,2.745379012501986e-08,0.7142800465718289,4.313728399611319e-08
1.4050906749250825e-10,1.5674455482113036e-11,1.4010925651437945e-10,1.3004405147717365e-10,2.495056030209325e-10,3.160570587214678e-12,1.6639250019815657e-10,1.1759824537241923e-10,1.1051482138421724e-10,6.363206155128822e-11,1.2068845404769616e-10,1.8259252900395965e-10,1.28588435300085e-10,1.2659464726265236e-07,5.545919829770379e-10,1.099525605960364e-10,6.190356302030824e-11,1.5732087991334167e-09,0.026703836472191045,1.7254352748380319e-10,9.468312894381313e-11,1.8490914037220047e-10,1.1247595072605306e-10,0.3700950141504168,6.9712757386504125e-12,1.556017812065667e-10,1.3934844955190653e-10,4.1502282244680845e-10,8.609587668122537e-11,1.6839003173102877e-10,5.623708796714908e-11,1.4783456971260288e-10,3.5808312961110037e-10,8.608414814877406e-11,8.660268560218629e-11,1.82844136286681e-10,1.1460744446752508e-09,2.1891435212191828e-10,0.6032010150501155,4.524586607488188e-11
6.041043410134595e-10,5.189520364483582e-10,4.3353562014360927e-10,2.234201790523276e-10,3.721406517371906e-10,4.880987229034565e-10,1.3065072144327286e-09,9.664238556699162e-10,3.0358049372949275e-10,9.232448320423547e-10,1.649547514474921e-09,8.031171241865566e-10,8.366139958044524e-10,5.371239285751013e-09,9.059286819567243e-10,1.3342151138797497e-09,7.981001192848593e-10,3.4501626585872806e-10,0.12975148481900042,7.197868618708865e-11,1.0257883307807088e-09,1.439121691486233e-09,9.006680213158907e-10,1.0355841141219315e-09,2.686381982504019e-11,1.5319545573108146e-09,9.53153809230015e-10,1.5547496792310015e-10,0.039400756533984074,4.3699351395721766e-10,6.052053837023442e-11,1.320457309924279e-09,6.949607061760783e-10,3.046433046813988e-10,7.957964559268551e-10,0.1694677099813487,1.5076291991981305e-09,2.887650178198048e-09,0.6613800150901602,2.424811705960493e-10
1.9368317284452956e-10,6.127410195908216e-11,2.501689371011683e-10,2.0959900108545305e-10,2.5282790216121744e-10,1.7154534180970392e-10,2.515122068500155e-10,2.0667020404270988e-10,1.2699257542550728e-10,1.3230862930298239e-10,1.8329980928826083e-10,1.7531402106990602e-10,2.3097395600098175e-10,5.7655129366768675e-11,2.399767709383637e-10,1.9445091941593782e-10,2.2011666823786008e-10,3.3171164183059986e-10,2.618298474972031e-10,2.3500327155789434e-10,2.0989580034266913e-10,2.325932901049313e-10,1.375046563408061e-10,0.4354777936651275,1.6891400916273269e-10,1.665554261736647e-10,1.7444874588579525e-10,2.0598217875772735e-10,1.7447732620598818e-10,1.529234286155523e-10,1.89896700058508e-10,1.969310781122502e-10,1.2697794136062974e-10,7.036002080689347e-11,2.390542143871543e-10,1.7225707996357578e-10,1.220183310630313e-10,1.197717017344405e-10,0.5645221993835426,1.0385392927438952e-10
2.7752711841046906e-09,3.4155288603563534e-08,4.308580465050785e-09,2.960755908129217e-09,2.9047543248731598e-09,8.910621727874292e-09,3.075784674818428e-09,4.097687420080492e-09,9.506682329475895e-09,4.298489391437213e-09,2.847024771465756e-09,4.882427837435968e-09,4.87237864433726e-09,1.7526672730484585e-08,6.680551475979872e-09,4.332215135494324e-09,4.174183838348154e-09,1.633933854927792e-08,2.432122130610908e-07,3.1652868273102168e-09,3.745313001930552e-09,3.179645553903888e-09,4.548046864638972e-09,0.31326456284065296,6.320236524530741e-09,3.3747955011362184e-09,4.896980204257572e-09,1.6976480324274606e-08,5.288230274503056e-09,3.630323676650439e-08,3.870807945688491e-09,4.6068483947403505e-09,5.608523072681586e-09,1.3343332798205694e-08,4.497826265617136e-08,2.5342255804445815e-09,3.699984612035713e-08,8.779187895036422e-09,0.6867348401651399,6.613998739718307e-09
2.201433571340007e-09,3.1411115737147975e-08,2.402093753970251e-09,2.31302571850524e-09,4.162424299509064e-09,6.71885607511816e-11,2.9540169507643434e-09,2.377991061187397e-09,1.8949053940971537e-09,1.2842175320096776e-09,1.986520811035639e-09,2.948479420308963e-09,2.425371266050594e-09,7.456140678613674e-08,4.781656006801631e-10,1.49477846400681e-09,1.0993376539666155e-09,3.690037509166235e-08,0.006099813730146774,3.0160222361822283e-09,1.0794780158698832e-09,2.976234751925634e-09,8.050390657695089e-10,0.366759615663332,3.910299632582027e-10,2.768797813596634e-09,1.6158446760555361e-09,5.769123573593707e-09,1.7173493322622618e-10,4.925738901758738e-09,1.622848538516473e-09,1.8686989700431645e-09,2.041957105654212e-09,2.3072710751944015e-09,4.239694447106175e-09,2.614139536015898e-09,2.1930807054221614e-08,1.2620514356014477e-09,0.6271403358707036,3.664577725576867e-10
2.97346089658306e-10,2.7229139383751553e-09,4.0413490665314895e-10,2.6659012698810937e-10,8.669509444875719e-11,5.722958841864412e-10,1.6925932668927397e-10,2.6502842048272235e-10,6.798107076810846e-10,4.2219786178029956e-10,2.880945121472561e-10,2.9215297909635927e-10,3.687596945985127e-10,3.364430689780845e-09,6.441403623140509e-10,3.003354587414671e-10,4.1082040508498824e-10,2.0983429696391406e-09,1.4653969323613969e-08,1.6900053933280805e-10,3.510790804278103e-10,1.826289989813541e-10,6.262456289552984e-10,0.3861809788145871,6.329887812089161e-10,2.4940121605665967e-10,3.662038616954553e-10,1.4803543504425612e-09,8.033444435807045e-10,1.3792568065815892e-09,5.01719969489512e-10,3.141260992519104e-10,7.054528962356923e-10,1.0646606806197374e-09,2.3345248993860573e-09,1.8640103548564733e-10,1.8377837594706394e-09,1.0796626453024245e-09,0.613818977963275,6.499836773167329e-10
1.077369503855232e-10,2.9975683998843755e-08,4.4735402706866224e-10,2.0825338845111217e-11,7.884732625171945e-10,1.5952274550176399e-09,3.3795897246236836e-10,7.638360492939616e-11,2.1911911305466378e-09,8.126574935665523e-10,1.315337300288737e-10,2.0268561056668253e-10,5.749605218348425e-10,5.323609901461402e-08,2.582135947583338e-09,7.771754281897395e-10,1.0603211590602905e-09,2.7106239451099117e-08,0.013258768177005179,2.3019355529204824e-10,7.724214992408018e-10,2.502308188208001e-10,1.1133251567368706e-09,0.3637625975592487,1.850882204169223e-09,2.354851758458099e-11,4.722129122705644e-10,8.553276885411399e-09,1.8571003027914637e-09,1.2080785659562437e-08,7.032782021538842e-10,5.119245133959003e-10,2.9754623605482588e-09,4.859274284627912e-09,1.9002087657948547e-08,2.679328583441809e-10,9.726819183788837e-09,2.9579139744768717e-09,0.6229784416150337,2.4153988515772293e-09
1.1264256015125203e-09,1.2995680222689991e-08,1.2695440599888999e-09,7.249103956252552e-10,2.553250132684794e-10,2.1142498561247684e-09,4.909855224478192e-10,7.958036132133517e-10,2.7125997257542095e-09,1.337606079760749e-09,7.854136135407519e-10,1.0167263681542644e-09,1.2782173683496351e-09,5.601330937927205e-08,3.12834014701792e-09,1.3841541034076149e-09,1.6399887541278007e-09,2.36587781355001e-08,0.026651310009649008,5.663634241128924e-10,1.3273100665787358e-09,6.266111100756839e-10,2.248607277148049e-09,0.36430141080069717,2.2894964678167728e-09,7.710903942996827e-10,1.1434980904693144e-09,8.378822045268941e-09,2.979426151918009e-09,1.1772616205931193e-08,1.4563501900060277e-09,1.3217003974863423e-09,3.0240726781191615e-09,6.017547390354449e-09,1.531680185028013e-08,4.686144015204656e-10,2.016866415359418e-08,4.354447540285228e-09,0.6090470794288748,2.8006811886040165e-09
