0.05616355264592693,0.06934137651639063,0.008736870962880583,0.005654455620272915,0.005769921214689208,0.0215882575485903,0.007122221736288109,0.010904764171146912,0.0235897595104565,0.006355287925050146,0.005267825358398381,0.006902984278773021,0.004958873239754549,0.0013790171564798523,0.015432036050205392,0.0023309360027159074,0.0071083737778241856,0.0037946854114027655,0.0016728142953730564,0.018419690792360117,0.005994527277726054,0.003591195673140025,1.9408511944669824e-05,0.031062810049724433,0.00992011909194907,0.014937019569782894,0.0332275499210544,0.014438406916009006,0.0007440587089988282,2.484644105755909e-05,1.2200306286508007e-07,0.007600127185218358,0.01685325789868432,2.43788852501582e-05,7.274523864059139e-05,0.012752525273382088,5.279853764886912e-07,3.878372535666727e-06,0.029264284107354863,0.05480810546886174,0.03763607851201419,0.02415105205173859,0.011776876600057318,0.007743336203608232,0.041169441339065284,8.944119162563115e-08,0.008080670460960709,0.043487559635426956,0.01135491513576992,0.013793997578272283,0.018700405647664408,0.00862620928038348,0.006274353462821658,0.02191170387917111,9.913680118054788e-08,0.0016723395663623913,0.012362680609039268,0.008425821502802076,0.026886502138588786,0.0030234286460559356,3.9622326023271924e-07,0.008966511163300703,5.243274403876727e-09,0.0014669914766523324,0.01063061437851417,0.019405480520966172,0.0028632163144588878,1.1010368114997569e-07,0.01356804343708641,0.005849093789562704,0.011050314503145954,0.03248543550074535,0.010229641160182368,0.011058708934357906,0.016684987417822716,0.0075211421006718925,0.0038946883388919534,0.01941304698051901,4.1279037686887096e-07
0.061125816812810346,0.07077131857880585,0.006816684455731715,0.004374709346763695,0.005089843420116375,0.021807470616473732,0.00705008160986682,0.01091975686350847,0.023807151462874862,0.0059235473119559874,0.004514309610693763,0.006313733541620045,0.004312881282661326,0.0016301385106562089,0.015357320366553823,0.002320776861863537,0.007507039840171337,0.003995328754694639,0.0018984879778251094,0.018515432198364816,0.006080354722711952,0.0033752045531401866,0.0007333074027003351,0.03176076600757526,0.009103726002408724,0.01490812223026006,0.03317280975466689,0.016920170561866447,0.0006479611862660364,0.001330265434480765,3.336265167411102e-07,0.007723432518936454,0.017246202870233596,0.0008727016300262172,0.0008825604057365624,0.01265209817264798,2.2401844402393936e-06,2.1971274181462246e-05,0.030217116661686104,0.05162680501121312,0.0370348633101153,0.02384949394088878,0.011946153035804041,0.007907300438241642,0.04113368613292442,1.3221569145320693e-07,0.00789917686876935,0.043460020693315546,0.011416629050213926,0.013990974475546694,0.018642264008269224,0.008965575818535059,0.006472248638851668,0.021466348984678495,1.7431668545948698e-07,0.0012024581920354375,0.0121359625436351,0.008230783649299033,0.026657973395195007,0.002570580910573676,2.9042905481757997e-07,0.008814279080845694,8.883535122788862e-09,0.0014802960051703553,0.010388887921571173,0.018864632214451574,0.0021024510413535547,4.6313661980045833e-07,0.013207201306661464,0.005973392911023765,0.011041955062345803,0.03206926402086672,0.009851700276002273,0.010669960718296597,0.01649012524021996,0.00765649702033016,0.004057082003778257,0.019018422437384053,3.100355122178998e-07
0.05675348819337778,0.06742555814032385,0.007554276160783305,0.003990977917334488,0.004150175607131252,0.02189146141566944,0.006576907734998268,0.010714040923691472,0.02404214172840077,0.005555736201221813,0.004026098666272735,0.006225903665997684,0.003448418900489863,0.002483551332942323,0.01614552686034957,0.0029278458484375373,0.00785225978245682,0.005558043461360188,0.0031226165936535195,0.01889580482823237,0.006500198759170894,0.004286802859170784,0.0016185780324369512,0.030580846205170972,0.008378532581369905,0.014386243118320466,0.032792388399732156,0.016679686256203734,1.1681028095543048e-08,0.002415227530296468,1.1134560334764562e-09,0.009857677581707967,0.017590729849094995,0.002015375944505716,0.0024231982136813618,0.010702830301232032,2.008207610680036e-09,2.7844106196074178e-09,0.02969264581007843,0.053682861903647905,0.03540082594906077,0.02233143036059825,0.00947077052083772,0.006921280706239828,0.04059713853473028,2.972627807322652e-09,0.006556199913499222,0.04352837988956168,0.010903033566017413,0.013030107325762612,0.018336151603670213,0.008074751111388659,0.006028562525776144,0.023297703939048467,1.1238140848310975e-09,0.0034098652652679706,0.012417902757329386,0.008146031208959991,0.030394877938349333,0.004720985609025231,2.3340538845634973e-10,0.008610814764497236,8.325367794862386e-10,0.001585702456114798,0.010455733460044804,0.018820606579764997,0.001779641786336044,2.14688693606307e-09,0.01338900552330906,0.005397831112388529,0.011761462364859183,0.03428334442074881,0.009691101752290099,0.010713171665675335,0.015879468346399892,0.006929272400806707,0.0033494629071364993,0.020842697753257845,1.7759279020683724e-09
0.05888584212285805,0.07017798977062713,0.008453621434837957,0.004816071562529971,0.004672787086658866,0.02203579870741787,0.006634274959928711,0.010531963898536218,0.024243315459500005,0.005700983798402507,0.004213993514557803,0.006440224194188079,0.003743091717014692,0.002448509420281167,0.01618987350877443,0.0028096890504635506,0.0077592408755140126,0.005340592218372829,0.0029572640039263404,0.01878610225857913,0.006416592246842147,0.0042469256696575225,0.0014095905916774456,0.03016147071827006,0.008705767955293525,0.014400404961906657,0.032265577176776784,0.017120626541255228,3.4650934276847246e-06,0.002210992826548907,1.1156669208139005e-08,0.010264424594783546,0.017481571418872886,0.0018109851534440018,0.0022240320133549312,0.010689994660014194,3.226920697230486e-08,6.630756792333511e-08,0.029259981247590813,0.05553461939011642,0.036927315043614864,0.022727529914368744,0.010414750227479,0.007101018733534527,0.04038237891963472,7.558341072903231e-09,0.007335352566870991,0.043002789042608014,0.010849145630453163,0.013209778418472684,0.018160769984981284,0.008145419233612377,0.006129395356258554,0.0217192006686797,6.757033148001014e-09,0.0025803781910903327,0.011884015719429689,0.007796142375075815,0.027359631344032243,0.003813644401958406,2.531644913657434e-07,0.00792549109940423,1.4211714430750302e-09,0.0009799013947946016,0.010340656427572755,0.018957539137110586,0.002835956580467173,8.075053638268277e-09,0.012652921031553402,0.005161206092999684,0.011644772702069033,0.033211301326910206,0.008795353932636748,0.010059342120695588,0.015835558685941574,0.006731683452401313,0.003228676857388042,0.02105211666818586,2.2818537746662343e-07
0.059585775183330886,0.07083262017155202,0.008092451767606224,0.004566766021704385,0.005117041333761625,0.02229931952171321,0.0069049809016766,0.01112198419247499,0.024379562999814745,0.006158429562251081,0.004628538742007386,0.0065360848335767815,0.00413069676252011,0.002498043948959738,0.01612631642966879,0.002476503648138854,0.007703511431549901,0.005164068277621741,0.002738654280983977,0.018888277888892583,0.006366788816954188,0.0041833209298853605,0.0020251843227127027,0.03244691890192193,0.00891045275836985,0.014757121269229264,0.03323778181927036,0.016904849341599415,0.00027607966184957806,0.0028966403138296643,2.6694306693779854e-08,0.009409543107158464,0.017678857938937687,0.002256399559661549,0.0025022403297883236,0.010295819700998245,1.3108818111271148e-07,3.8732968042972636e-07,0.029444895835505247,0.055479832407746586,0.03647336282536885,0.02175991425232552,0.010062796684669213,0.006918576169180259,0.03843166757628018,1.2602583121715235e-08,0.0072908565527995475,0.04057331095788547,0.008774868746575836,0.011703759393262701,0.014293485059823498,0.007687960405928032,0.006144129837829246,0.023034085380145054,5.030076094972115e-09,0.0033599977148103507,0.012224817816007191,0.008333842884353451,0.028234355631212377,0.004674505470932586,3.507296831008912e-07,0.007779808187626854,1.5079283944563975e-09,0.0008227638197488504,0.00916085017936862,0.019357451961670855,0.0037350948626619796,1.1398689978845083e-08,0.012387980660932326,0.005246688073276302,0.012237529763919818,0.033988318657696116,0.008914997594693792,0.01005366126115358,0.015762377360326475,0.00690215550368462,0.003636931471850488,0.021013604301198648,2.1168444815923215e-07
0.06100557522478719,0.0692427610416836,0.006857051148272007,0.0034023732209909657,0.004594046326512206,0.022361678705032865,0.006629712073407265,0.011120550118348312,0.024234523647642205,0.005743156134630323,0.004245274798095935,0.006127563425950425,0.003668504727967284,0.0018670548051284571,0.017106490232512983,0.0024629950678601935,0.007192847638288855,0.005262106724731076,0.00262179983020994,0.019752398947834243,0.0060588627421258555,0.003060419130901586,0.000447756772995992,0.030996324999876305,0.007206670195243064,0.013346288990588413,0.031234971849252686,0.016452174512710364,0.0008617136461899642,0.0006156135235344721,4.809434133078821e-07,0.010551330052223555,0.017273038157191757,0.0001797679956653837,0.00031172922273039626,0.012823337034470963,0.00016669531012252623,0.00042000383841677054,0.02791609121672802,0.05744342609370283,0.034325812011376584,0.01955478541145013,0.01007948529471456,0.005849954091162139,0.041610438272734,1.569755812322835e-08,0.008077518711771033,0.043920573455317545,0.00977818908280926,0.012760841297928259,0.018168990728035996,0.0074260592411947894,0.005452029454131591,0.02524421670182212,1.1824153046652961e-08,0.003378148528144906,0.012909356978398671,0.00797592058309957,0.03235123551158819,0.0045563734735597225,6.09983398168227e-07,0.008401326701712512,2.426459201473381e-09,0.0006540106610243373,0.010417908273918714,0.019677991260546257,0.002907967934605563,2.1023361321098906e-08,0.01345486073951689,0.006002619466681843,0.01266215919691696,0.03230109284918699,0.009436956360131197,0.010700009341116744,0.01715914156968716,0.00771633983979511,0.003958399693760492,0.018263226225857347,2.4003340243253226e-07
0.05834789611581825,0.07076833967068678,0.008084033314430942,0.00466989899189721,0.004956809185295243,0.02145288876840896,0.00536649544172963,0.009262894166809648,0.023876897502444254,0.00585526368642791,0.004479387109649558,0.006602781089958798,0.0039278913800935,0.0013567317270349007,0.015592218303936797,0.001018245743840476,0.006312885789418953,0.004222146090197145,0.0015463214616054746,0.018293351696406553,0.005212889954061279,0.0024751035809745885,0.001973328865541615,0.03145246389680183,0.007657356362817596,0.014332469826587844,0.03309200836462326,0.015159004155315606,9.009492051942283e-05,0.002856995026513076,3.979619840544262e-08,0.009095694028898552,0.016496894121131575,0.002398213288114106,0.0028337312646877265,0.011871730189603346,1.8851620822278981e-07,5.366984670659958e-07,0.02934190292911116,0.05516534704133625,0.03448238204576441,0.0238143585248372,0.011310002304287817,0.00698374598896658,0.04066068327341668,1.0257125364313852e-08,0.00759079088722898,0.04289175528617948,0.010854178124900962,0.013584088354424477,0.018327162063837974,0.008371179737371653,0.006520348289896142,0.024870925884280814,1.281205458483805e-08,0.0030405731231310865,0.012772082990560095,0.008433467359620438,0.032452019124680945,0.004088689600774486,3.940954646717243e-07,0.008399185329208827,1.3326724828721096e-09,0.0003706945055013515,0.010179945122224011,0.018568506667604134,0.002290846289745115,1.2001680146363706e-08,0.013203843152953676,0.005566732180739672,0.012198635266408879,0.033519965112163326,0.00948130550429978,0.010508675348013844,0.01643185766382283,0.007321025300306567,0.003574288503415836,0.019836123607984698,1.369188464041647e-07
0.02199020322783721,0.023921933804068415,0.010502828694069394,0.010274160396028787,0.01081303712262875,0.013923101739185447,0.01199170561744748,0.012434848947430056,0.014213507472545007,0.010750594495116611,0.010512795823981335,0.010720570312147728,0.01072499033907826,0.010073967503894471,0.013437689856338335,0.010461785500654689,0.01172501433308346,0.010482900677163967,0.010065519393357081,0.013884145965521188,0.0115913894632697,0.01124693107750599,0.010006906358886333,0.016543703937346856,0.01240848900045569,0.01289436217559859,0.017524871898794946,0.0136624722620719,0.009821369706638819,0.010136790147204108,0.009235819298243894,0.012236086863254803,0.013681270250053222,0.010044969249427077,0.010089565131546284,0.012458390603275861,0.009330947184789249,0.009455667828755294,0.015062021216459094,0.0197996449771092,0.015626685005513532,0.014648445724062794,0.012942051022434281,0.01229699219967236,0.017693648050704464,0.010748429555756275,0.01206711993205206,0.018098399231227646,0.012808792055490636,0.013175662175871556,0.014144184751085637,0.01242738878509778,0.012395587263828889,0.015599091487212766,0.010899929052438837,0.011900453361207184,0.01352516687425375,0.012744696451964192,0.017131308298249857,0.012065621145064402,0.010019029838132954,0.012655217148797242,0.010155260603328388,0.011177626079053468,0.012725106514893794,0.014378625932898901,0.01159834333912851,0.011169147792538588,0.0131592416083075,0.01230798068742861,0.013380572514774185,0.01732435804221734,0.012794196517596262,0.012869624898895616,0.013856250115597876,0.012540116309794062,0.01192265303200869,0.012885794846153365,4.231903001168435e-06
0.02212387282639174,0.024064426980973278,0.010654233464387668,0.010347564889733101,0.01090660471107876,0.013894708670679275,0.011932325713421406,0.012347560901087963,0.014097035484107144,0.010891284747189546,0.010575378386888988,0.010707043074399685,0.010792713353421517,0.010094811247755199,0.013405033245987352,0.010450302120602419,0.011721538015942263,0.010500985289330446,0.010057783234315436,0.013800655152590534,0.011645246418186993,0.011253747026577374,0.009998616860424086,0.016757288732970384,0.012559966751257855,0.01282656402905858,0.017674386304571875,0.013777516400960215,0.009945539097432928,0.010124587779173131,0.009259847671163435,0.01226341447977412,0.013639372777620852,0.010035692939073386,0.010079624538134168,0.012517639862652804,0.009380000026277544,0.00951165532114147,0.015161032444436248,0.019636955201628403,0.015548848718957436,0.014616697164961216,0.01298111958085743,0.012283056738480019,0.01755144782536999,0.010682597382050239,0.011975800362840988,0.01796453796645122,0.01274248731197629,0.01311908808224869,0.014053628512718621,0.012380366001352902,0.01241131401468668,0.015523243895480094,0.010906131063959167,0.011876995159010644,0.013512287129307113,0.012742314933368215,0.017066254711098124,0.01203903016908834,0.010017079532650087,0.012663681968542204,0.010107482473118073,0.011089256732746751,0.012637924956573843,0.014376609643132643,0.011519940612781516,0.01119080205982076,0.013149091608651974,0.012306927647337143,0.013334315629013571,0.017256749297636112,0.012797877566050213,0.012869513426326052,0.013860968818960843,0.012542640586019326,0.011931110362255588,0.012952345845485908,3.87833583445697e-06
0.06073687999682999,0.06656843228677296,0.007515378527961401,0.0051895080013851,0.004845137696374785,0.018701570098775048,0.005810938735008356,0.00936155218595629,0.020474145642811435,0.004893512570151058,0.00387355311268524,0.0051668034125303694,0.0038251622750732164,0.002715084964404867,0.016984067406419136,0.002762849224087614,0.007642072579422938,0.005525584116926086,0.0031280103155064596,0.01963114501267476,0.006598311707761491,0.003840486254988558,0.002057859758009955,0.030217941071112867,0.0074426584260804856,0.013715982993351968,0.032445547541843194,0.01666358068004245,0.0014428917829730275,0.002919087192512251,7.50553162035216e-07,0.010595113010281525,0.0175248531217325,0.0022859329603704096,0.0025293124070509695,0.012833084925615761,0.000185675358169595,0.00047699100287830574,0.02859104626167278,0.05592462748875059,0.03113799015055201,0.023569676602788144,0.011383769066374115,0.007373374489684337,0.03645905500701366,9.498350588344757e-09,0.0063360606522949265,0.03854036746377195,0.010619791323465216,0.01349613258162558,0.017995425303355343,0.00849225939458629,0.006851140730207392,0.024435927273652635,1.5436998953483608e-08,0.0035554073016960844,0.01290613740117005,0.008723983959246598,0.030997484310333164,0.0047540816950962595,4.447317474895832e-07,0.008869816815765721,2.9584639871194617e-09,0.0007796559746232533,0.010359977678906885,0.019612964732128,0.0028313574469593346,1.8861285023843283e-08,0.013483543882307528,0.005788767108910345,0.012284751163662483,0.034719399989628835,0.010082023417907947,0.010962649903567602,0.016934580904236204,0.007500203755887041,0.0038117800761839015,0.020706539874090595,3.0842135650528506e-07
0.06037835264319916,0.06577910615493181,0.007291381785662621,0.004524318181178436,0.004875616227923905,0.02225941798793203,0.006542954709784987,0.010819390299126097,0.024186217871757825,0.006149779279103671,0.004507728414749343,0.006294201466139431,0.004332342758324663,0.0019075573853147636,0.01641400954685429,0.0020692151072530087,0.0071698159619780835,0.0041440319641387864,0.0020063308053011957,0.019477214705314178,0.005810819066671267,0.0028720555854176385,0.0008323023775860676,0.030014100731614927,0.008066064011660011,0.01551904988172701,0.03280069621473235,0.01718595148323208,0.00022100279862951537,0.0009595223129445701,5.596006268936836e-08,0.008629261755006732,0.017303409305359015,0.0008899321578809987,0.0011092367755577057,0.011487535492406624,2.0695560139483882e-07,2.3899334879297027e-06,0.030139533329495594,0.05770168386170577,0.036202422500661975,0.024048853061118185,0.01155198623807848,0.006987200196919393,0.041329249849956055,4.638717196999104e-09,0.006722411989956437,0.04365387341108343,0.010317956116224363,0.01358025142863662,0.019286481553611724,0.008138274921786287,0.006798437167898886,0.025937660601145173,1.6368663193631974e-08,0.0038615000647336277,0.013240941975655347,0.0088190905643293,0.03250273299134182,0.005020544822811788,4.995467989300588e-07,0.00476193973182675,7.090541866655742e-09,0.0011953612714781527,0.01122505380459396,0.019084587176296124,0.002525403248759354,6.175668224925367e-09,0.010558333501608152,0.0047466700681173405,0.012298898563457016,0.03515811559971394,0.005993441500450097,0.007225836104334454,0.01566795168565639,0.007097021460237812,0.0033486963175867962,0.018438265971404078,2.2747139291908697e-07
0.05908864715621401,0.06861932875910333,0.005947499871865647,0.0032465571746389302,0.004088113306085876,0.021320976559531885,0.004382496921286138,0.008527151617904238,0.02390303589307402,0.005947816161531644,0.004603056767063978,0.006248075094928242,0.004381468717864922,0.0016926322792196827,0.017397638235688254,0.00020075124961919886,0.007351677212817229,0.003253267220761827,0.001228532010522236,0.020434554703283737,0.006083827421959135,0.0030094689805102277,9.575443027139473e-05,0.029612319510467732,0.0075141184512588005,0.015053547231945638,0.03158603294241703,0.017933523874754834,0.0003693449245709388,0.0008780091265734565,9.547321927274893e-07,0.009629633489878936,0.018518428129214563,0.00022350396931058642,0.000429302715503658,0.01108504717437404,8.208874714609015e-06,3.135322220845072e-05,0.029137092343975043,0.05486017800901738,0.03552318927320984,0.023839799522282143,0.011423486183072085,0.00692574574940111,0.04271278488341862,6.788342230620833e-08,0.006831238193033859,0.04541879147528495,0.010780590465180446,0.014019569338285536,0.019609248777245698,0.008292345555614516,0.006486754672596563,0.025777233729406508,4.2725575252098024e-07,0.003369268627387158,0.013155351483981809,0.00862148758014385,0.034031450166291936,0.004512085509290205,3.1624263350140534e-07,0.007499474635590952,6.380108682950808e-08,0.0010157209694825436,0.011065697098838319,0.01925253802877517,0.002148414781369057,7.54234454216923e-08,0.012395825644378232,0.004918308064026113,0.012118012844864698,0.036615621607655705,0.008447182818492723,0.009426193163955343,0.016677993358178864,0.0073761297426844325,0.003421428317526344,0.018366880626497713,2.8003809241843345e-07
0.060136879351519165,0.0650247509943594,0.006937042205599965,0.0046219370388414765,0.004875388071515655,0.021027088241867758,0.004351674707185954,0.008471108851539712,0.023550583583261276,0.005330135375616647,0.004081595603367732,0.006153799394154106,0.0036149365081240338,0.0022014486205116537,0.01730788339614385,0.0024143459563960488,0.007553893231964047,0.005038970419741521,0.0024635801479908183,0.01978933653824302,0.006078778133840356,0.003495777995084068,0.00167178510328221,0.03138683898264714,0.006088443040408682,0.014487841325243726,0.031554849487142496,0.015560927546533975,0.0004955453418628057,0.0024984857016919445,1.399085989382135e-07,0.010739990363903102,0.017533883351978044,0.0020800935823075094,0.002499342323413351,0.011302995905335327,3.036455063735176e-06,3.178092545240921e-05,0.027679631762985886,0.05704521891745519,0.03535063684238207,0.022889658345608396,0.011358111378812218,0.006143623744159602,0.03931047541649315,1.910365317115597e-08,0.005767204520248055,0.042029841027113386,0.010305457764330768,0.013008836426655394,0.01910620063317235,0.007615697921364667,0.006493818380909291,0.02551474355555038,2.2909410971919027e-08,0.0037138990054645907,0.013533152585894024,0.008969090221836484,0.033399666383033814,0.004868332626240093,8.343510996691157e-09,0.00828401638985881,7.074160272941776e-09,2.279630098100729e-06,0.01042037948125248,0.01947186045594752,0.0009210411994148238,2.4524980420267162e-08,0.013218066922840542,0.00524211238932253,0.012549204700043878,0.03562207273375882,0.00929759709180737,0.010230747264447792,0.016629343382300137,0.007512351810875229,0.0037352372041323887,0.020303392283462573,3.933277723037424e-09
0.06190468373129382,0.0659989055486157,0.007806482056750167,0.0043445825219246125,0.0041135088759217285,0.020541370653019975,0.0044166409405592,0.008549634788908715,0.02280071755716005,0.004944857594326137,0.0035499052730192638,0.005774192131430062,0.0030344433954929938,0.0008332560302714714,0.017223769758913664,0.001748716462780072,0.007320047522236243,0.004122951281989545,0.0014581197036760505,0.02015092056070559,0.00609454705541662,0.003002771132061994,0.0010449688404443706,0.03174050551970906,0.006199051585032023,0.014833063551305349,0.032916815797566085,0.0147087501572459,2.0988036687183686e-08,0.0018998057477168104,4.730182352952384e-09,0.010504319585061622,0.018077372913586142,0.0014648983494095916,0.0018961655280242975,0.010840423260349447,6.533223949906572e-09,8.296786931175342e-09,0.028525708315491175,0.05765219292539847,0.03498466170614624,0.02320320756188743,0.011392356090229715,0.006849122423131513,0.0402661465678383,4.804154721345282e-09,0.006257246055794529,0.04291486273546896,0.010149847408221993,0.013430343121349074,0.01924729668109754,0.00796743412430653,0.006700653014963791,0.02569370944166088,4.417420284813833e-09,0.0037011304637743292,0.013197202658533297,0.008766326710149656,0.033687950750544184,0.004850038064644708,1.62818958317641e-09,0.008446035530167009,1.7547619839942595e-09,1.6065508392817946e-05,0.010776904901508764,0.01959339414622303,0.0014859366754453806,5.604840055785092e-09,0.01347688947834629,0.00541512396319261,0.0121775387556795,0.03646525659835352,0.009483284054734836,0.010435798031350271,0.016786207674643554,0.007279590747999458,0.003070300450577935,0.01979301146988652,1.0233452049271583e-09
0.06112801614500568,0.07183532618025924,0.007969029730990338,0.005041869977947285,0.003906733744722573,0.02120607156802188,0.004393622154618894,0.008538716929812906,0.023679172928583767,0.0047609376728673745,0.003261471162437267,0.005724033989412565,0.0027260746509490527,6.445861386088011e-05,0.01745955281041257,0.0018039123943437653,0.00736879260963726,0.003801085044904593,0.0009728845393042536,0.020211810497719317,0.006218491147046221,0.003169685816978846,0.0015091952865664278,0.031063872904206417,0.0056355200478093535,0.015175001571811042,0.033820678861119544,0.016655930639459745,3.857126284077233e-08,0.002383969454197568,1.605167286140596e-08,0.010881904658531845,0.017871360660202493,0.001929288489935851,0.00235959218275047,0.011623473796908576,2.017851488415128e-08,2.3656511474860316e-08,0.027888231653062822,0.05467708857574055,0.035454586122726534,0.023169097334487927,0.011047198389509785,0.006521191937975653,0.041035802375415785,1.2735288765623944e-08,0.005955142080275635,0.043654307194592956,0.01021364772567585,0.01349953932143782,0.01909912145158442,0.00784852874571074,0.006193562491917601,0.025221875833847048,1.4730760456430813e-08,0.0028109605161219507,0.013337433108454075,0.008678141847298405,0.03306689980037628,0.00404629955508436,6.289287711007299e-09,0.007772126788612605,5.616981932951519e-09,4.644860856888003e-05,0.010878936455611698,0.01955967568369548,0.0008249084646426331,1.8535384375116895e-08,0.013057471211377847,0.005241106515379647,0.012125111932314504,0.03478951237180823,0.00880250898482799,0.009984765527261909,0.01704351791360018,0.007604056912421336,0.003567265409155914,0.01913223271367729,3.216746750237617e-09
0.060605192301159704,0.07126553182627422,0.008495937044389017,0.005365894900709291,0.004721832173452085,0.022168259771199683,0.005170967835717844,0.009633616479148153,0.024707085094449115,0.0057202953417754806,0.004298921087389082,0.00655253661092004,0.003711912876664317,0.0014109285256487033,0.016410762679804482,0.0013595369330523155,0.00661411854958399,0.0042431564512423,0.0016877144033839494,0.018980295845857222,0.00557244043271575,0.0028818953835412567,0.0009556358688472853,0.03175783388529481,0.006132948745175046,0.014240836462385765,0.03272003523085604,0.015483498537992994,0.00025288638803200856,0.0020383776232326192,9.020809174818043e-08,0.009624845656585437,0.017665776328248305,0.0012375533945001432,0.0015338862158944305,0.011963290992098875,5.617256182561287e-07,4.11525059827572e-06,0.029134989198820856,0.05599412932044287,0.03560095206485001,0.022409016784506033,0.010526450281965348,0.006549307352670037,0.04204408343057316,1.4292035826999703e-08,0.00725206932708911,0.04438624024447611,0.010463571413347902,0.013246982806862817,0.019479779659962462,0.007556554112283318,0.005588331082160593,0.02375489255032396,4.462216548883299e-08,0.00241240779333375,0.012256186105739588,0.007850147300014512,0.03117934613518374,0.0037298060527889703,2.1213231123964375e-07,0.007961225897394057,8.573939890648333e-09,0.0006423851122364541,0.011219433621802366,0.019323227824551585,0.002142768694450011,1.5601302887093118e-08,0.012953181856423468,0.004920457445043822,0.012550860484481754,0.03269756260634215,0.008930954773721899,0.009930822133012688,0.016585580142251703,0.0072628799428947075,0.0034658825387551386,0.020806100204337496,1.3342162017055563e-07
0.02235800150308262,0.023439147409560233,0.01050358055639001,0.01021809145144075,0.010837715570689748,0.014090981595886542,0.01184366104796222,0.01220510289323419,0.014544614076636753,0.010892696280683884,0.010564094445057053,0.010922272577954382,0.010747302907828044,0.010049085226111395,0.01316178187547114,0.01037233972756288,0.011722780842672932,0.010404868988332117,0.009986508881620738,0.013589892460120809,0.0116226923565265,0.011315870038224318,0.009856828475067322,0.016761368628036944,0.011977729775281219,0.01281102107131115,0.017723144554568356,0.013774010257789123,0.009566067924950135,0.009981594569075877,0.009076679125971354,0.012088867160594187,0.013488700688020043,0.009893700972582301,0.009937153327390048,0.012257501088342832,0.009166260633260941,0.00932348340246747,0.015358061667763413,0.019883600002910565,0.015954138678789427,0.014445080453913772,0.012910452397057157,0.012170496028128584,0.01855440257378602,0.010653975397762628,0.012247732947974498,0.019119968068863173,0.012716884968995147,0.013127123767825212,0.014483136940392766,0.012210809805504616,0.012194182871592667,0.015585940953470679,0.010761465187667433,0.01177500950778135,0.013482713759785686,0.012668884546475866,0.017046585869137786,0.011989068857510622,0.009875825705606071,0.012691993718395522,0.009895861985201121,0.01137137292580082,0.012971697382282274,0.014471345283024314,0.011505494911030686,0.011015166553893622,0.013288892720683704,0.01234231869147626,0.013529079849169868,0.016850674167668816,0.012766459042594984,0.012870878723735936,0.014041122990619824,0.012771548591748736,0.012091897016412433,0.01322593653157759,5.523588229997745e-06
0.06031531848009493,0.06738300912035775,0.008142685646468813,0.005039359951831384,0.00524699787207265,0.02065163130339447,0.005793799308882209,0.009510582343269769,0.02292295591744707,0.006306348171115639,0.004947598435124789,0.006871439970361205,0.004448573489917446,0.002141261831432001,0.015774643314570232,0.002230585484390045,0.006890117624918739,0.00491633685885989,0.0024615766158553004,0.01873980048374236,0.005373087377104247,0.0023904124710309913,0.001166570305970769,0.03094680081817488,0.006851084659446009,0.015347223147926536,0.031866775972952545,0.01651522760012938,5.0521224205144514e-05,0.0021391428587196402,1.1518993528883241e-08,0.009180351528518394,0.017461184276247987,0.0014216753333755158,0.0016892758916904574,0.010942536191833588,5.298574749712542e-08,2.067569433055785e-07,0.029424498488555936,0.05507351479219207,0.03511461999491877,0.022850665525009327,0.01004092574802303,0.006254255347937617,0.042167025581757896,8.278585987573522e-09,0.007386817762138243,0.044732330001409665,0.010800147489443763,0.01358960493885352,0.020015134069579305,0.007761261303381946,0.005304860445732197,0.024500735231060975,2.8311684215714672e-09,0.003051460317533947,0.01292643103221287,0.008109115132304936,0.03162034324998253,0.004050024003511383,1.1706890532875788e-09,0.00795228474610317,1.5594033683693732e-09,0.0007154120610057617,0.01135115169704937,0.018597453762883426,0.0014325816547177597,2.8914921654594334e-09,0.013123617774628634,0.004935117989332817,0.012691350388684616,0.033037603519243175,0.009034089895810577,0.01001602774461961,0.01644765877564379,0.007246662465746304,0.0032317224351095402,0.021336713645376367,1.1140491000712079e-09
0.05946658343308759,0.0675143947334955,0.008255422249025755,0.005440027976264546,0.005459088685924511,0.020638906073760007,0.005781522938614497,0.00948058629831938,0.022779950836173492,0.0062764649956336994,0.005200125895722643,0.006545929475650346,0.0044370964459462215,0.0023096438226909463,0.01592824439191039,0.0022266567378621885,0.007026495702387843,0.0046177625288948395,0.002374179952369085,0.018906568321879782,0.005280687510273334,0.0025376751408111697,0.0009992293749539667,0.030868479468241568,0.006800928223115293,0.015469941383089316,0.03182106948688392,0.016638873272966398,0.0003090680157559305,0.0018286624566983371,1.4229961349051602e-08,0.009562163234684678,0.017581899666423838,0.0013649718256547414,0.0015221899286312099,0.010962444962492235,1.391872893104874e-07,1.926096662569762e-06,0.028009195742149093,0.055146057983618775,0.035478236174517085,0.02295028748559248,0.010084190139162027,0.006232983907221388,0.04198000240367115,7.954768071766636e-09,0.007332308412102474,0.044557676335777896,0.011150111310619852,0.013519257019091237,0.019843156051757842,0.007866915166790125,0.005407974421970067,0.02423688625694787,2.5980904332680923e-09,0.002794071224843521,0.012957934097786457,0.008216138708487612,0.031499330504600846,0.004135873294249304,6.477012026176074e-10,0.0077524485518573475,1.404169166201654e-09,0.0009962682822145298,0.011338746531094509,0.018868707791076772,0.0020476316088910867,2.114775314072942e-09,0.013141338923977607,0.004894202080288612,0.012577582681008337,0.03323631992167328,0.00888179275643164,0.010058578583556207,0.016569955947179856,0.007272057745023212,0.0034072782920853343,0.02134247229258253,1.690395482482607e-09
0.06053154118872281,0.07238085390006085,0.007950589371465195,0.005357480802215704,0.005048302617761102,0.022274812592798208,0.004757220003126792,0.009267279270851579,0.02479283916312563,0.006022655095443898,0.004566413247853074,0.006859706470086514,0.003986277821984892,0.0017736721312727709,0.01652451270333068,0.0015563303995046365,0.006922911993814091,0.004530298680934284,0.002012392420077594,0.019220547560663787,0.006099796056987435,0.003228099951395151,0.001331324716447153,0.03174772155637149,0.006052671344973792,0.015075213369431226,0.032580498455215906,0.01528541424420198,0.00011208373522327755,0.002252434343027509,6.550392611365591e-08,0.00993552252246424,0.0174171183852612,0.0017672497235874662,0.002214256292113512,0.011496571745439553,2.941267749065841e-07,1.135551392566115e-06,0.029875362614437906,0.05739839761104725,0.03757799937024319,0.021418261038368965,0.01042616789575097,0.005839812682165863,0.04213168109991452,1.307196464378198e-08,0.007064457935937314,0.04447910347732822,0.009685822800942262,0.01249677987355397,0.01830924302725976,0.007006446183567693,0.005314029817539421,0.022854071102351377,5.15692291352459e-08,0.0015336672478346142,0.011842369890245666,0.007421218572292271,0.030235644019085066,0.002559665581324172,1.5454432127605596e-07,0.008104342783003506,4.719293659302175e-09,9.376498184814656e-06,0.010852968602316883,0.01950542495498572,0.0015682502682081883,2.6834050392631922e-08,0.01324799756127832,0.005131215860967913,0.012487427730833797,0.03305596720538707,0.009116926538682693,0.010148394309201215,0.01684297171207391,0.007525158885973592,0.0036567231418369837,0.020342207794430887,8.451325630857721e-08
0.023353759188050764,0.02448155392400387,0.01039486845227775,0.010131293660383695,0.010714587956322366,0.014310497140044549,0.011812717455335617,0.012341438182288202,0.014670824667054052,0.010783632224711886,0.010467441138774295,0.010658453929282358,0.010632163033891672,0.010183145128884265,0.013605305822283302,0.01052114432988275,0.011968824475018677,0.010448574965807544,0.010116674950681455,0.014186117285830845,0.011699427795297205,0.011494784903330897,0.010117518573893208,0.017367247034506865,0.01197666357749734,0.012734092240728778,0.01814915913223724,0.01426778214117038,0.009631843697229407,0.010274355577415472,0.009261968802127662,0.012209592766832226,0.013991089176920135,0.010162021119012982,0.010213134260751938,0.01191987899371947,0.009345966173534118,0.009442293026878176,0.015525743002588053,0.01972194260580848,0.016363370862564914,0.014607154135774472,0.012917756597025608,0.012130298782776357,0.01762719962627655,0.010275223032974935,0.011681028521935049,0.01818091497476407,0.012584308938268375,0.013040445631945008,0.014264765366439546,0.012157764142827338,0.01219575389197277,0.015549286330017242,0.010634777739185218,0.011666794350179083,0.013545180032985878,0.012678916059322231,0.01719046170353881,0.0118872958684205,0.00971271771092948,0.012271123450810785,0.009437366151169847,0.010904109366620274,0.01280244435199417,0.014431233910127548,0.011197206230710337,0.010890995325436671,0.012955178578724831,0.012224536792710683,0.013347594204711823,0.017487889805475606,0.012356792665295682,0.01249665263867853,0.013829643601690514,0.01264649669228115,0.011970253515401362,0.012565592651100866,3.953254645859842e-06
0.023136426304870703,0.024263682568371105,0.010624774152415745,0.01039132598770877,0.010920622585324656,0.01425063031948868,0.0120321451252369,0.012444784905285668,0.014672864191187535,0.011000762951145744,0.010631011835716297,0.010837133242457652,0.01083658351205981,0.01029207568238379,0.013637690841634041,0.010551340803744418,0.012047892847766998,0.010568073697705852,0.010157056361232352,0.014098900492885631,0.01180790611089432,0.011560773224964573,0.0098812873037611,0.01686539274101228,0.012373967998141498,0.012735509467202715,0.0180259987748086,0.013947186976030078,0.009758766874144249,0.009988154775636969,0.009256423854915723,0.012399700115606054,0.013875506036948983,0.009977967363585258,0.01007914535614014,0.01208362678397666,0.009356617443764453,0.009497298868249746,0.015358588606415362,0.019937743930474257,0.016466413236107386,0.014691528712891574,0.01296596034013162,0.012175620300098397,0.01804945366181057,0.010390459133094518,0.011916211734777478,0.018594029030033942,0.01277489060225614,0.013090895664869928,0.014338991340821871,0.012149344765962702,0.012290220289874292,0.015839031246061286,0.010879304928929067,0.011957659420902838,0.01375433496120382,0.0127448179997528,0.01713632489006014,0.012127599198087903,0.010001567775961347,0.011626381828918054,0.009961022766422713,0.011273805638044337,0.012804023902100897,0.013395028050055127,0.011553234616832404,0.01102715997601061,0.012133244321278323,0.011978080735718741,0.013349113738371658,0.017297654267121074,0.011676292422780897,0.011863707623676044,0.012813158212109597,0.012352967436899478,0.011827109783070642,0.012565941772376736,4.0726592276391105e-06
0.05966541940626718,0.06577674155455837,0.007274086536439789,0.004633895881743327,0.004799459486873673,0.021801983842164415,0.00471419924434913,0.008835185860210175,0.024154525502558945,0.005823925623806199,0.004522995131396173,0.006462673626830628,0.003962297685085174,0.002041047383418366,0.016914287855134786,0.0022201541297987835,0.007564169495550017,0.004944403830983304,0.002328395432702192,0.020018922375343504,0.006049182935995257,0.003425638597675742,0.0019853214970038144,0.03135738675646331,0.006651716869979059,0.013900109487754638,0.032407489790935676,0.01594840854381521,0.0003906112732145855,0.0028727434614900555,1.6262006479539024e-09,0.010379239184342361,0.017937479798062286,0.002221087310257611,0.0024707268587411484,0.012427893216852696,6.4326725199344045e-09,7.371348168983984e-08,0.02849127289234938,0.055769651943021886,0.034314603971812366,0.023802235189639493,0.011179776981498782,0.006562421282156907,0.038511951715572604,3.5083222599298354e-10,0.0050676404999988635,0.04123999682938929,0.010781534730782097,0.013449084339161676,0.019942302018996116,0.00785579715407767,0.006502480035662355,0.024635287343253095,5.319271267992969e-10,0.0029925945101609,0.01359491668105235,0.00901676766758663,0.03273227986213965,0.0042814332206544264,2.068703154201908e-10,0.00782889812577705,1.7340035871839504e-10,1.5565134787986077e-06,0.01076746660866637,0.019488817919066266,0.0006580634668106941,6.461683678674795e-10,0.012772560075559866,0.005355392901542437,0.012488730733950794,0.034885582217421864,0.00877628513782841,0.009767742958086007,0.016976954159220414,0.007686620538573498,0.003735397072125375,0.019202013452941917,1.0063290270692763e-10
0.02263139891979794,0.024918114515007313,0.010655117419091977,0.010344032441846989,0.010978149167821933,0.013837647920297002,0.01201433568877411,0.012406802252836751,0.014244425646166726,0.011009018630566149,0.010687313602176672,0.010825975754017596,0.01105523127665499,0.010316703556049571,0.013394410856118092,0.010430281784583585,0.011798841421341914,0.010523891012832536,0.010131833278520875,0.013844469301216737,0.011719478994372699,0.011438329899787212,0.009915753593906196,0.017125680330806234,0.01251421984706697,0.013027715742937,0.017962964952422417,0.013474887662076315,0.010036948672300488,0.009946616605554886,0.00949271184630328,0.012070002032027892,0.013757236571458683,0.009934478487932259,0.00988560865565155,0.012746892737383816,0.009579806484136314,0.009714701315206405,0.015273273359826419,0.019942267196131055,0.01604283012232584,0.014515318348875959,0.012911440643012022,0.012254432057931955,0.017614298581081624,0.01022785607624842,0.011695189177581123,0.018139616255804698,0.012650688367731807,0.013086293500956197,0.014256667791603464,0.012181857932357678,0.01219606117441048,0.015264421970988803,0.010721329211609296,0.011601658163164077,0.013575605465800495,0.012699213543124433,0.016767599266929785,0.01179714868473515,0.009755232357895235,0.012299335330736802,0.009712362923144941,0.010623385758528002,0.012817359977516145,0.01455248040115443,0.011080257858301834,0.011217643107801519,0.012881243573038374,0.01242778716013805,0.013305916726055701,0.016834123388622793,0.012369438774474373,0.012518767798006088,0.014010604110754105,0.01280520914961762,0.012151945773563095,0.012826540691516992,3.2693698531164584e-06
0.05812115027062897,0.06852347480154508,0.007254322095038654,0.00437586571510137,0.004965527923675911,0.02147117364305528,0.0048622476434260105,0.008950365512968692,0.02398519738033034,0.005782358295086646,0.004639403538999938,0.006399728170476197,0.0040953859536382985,0.001846608331591955,0.017486696494184717,0.002192161031751061,0.007480927156153451,0.004560528466891959,0.0021047528841756026,0.020190620279894732,0.0059616285291871,0.0032662953672511425,0.0019930226339106303,0.03094325566572048,0.006504016736404776,0.013956870019849878,0.033036774918052,0.014562054429938874,0.0002717249388495028,0.002936544094513232,1.921963460744619e-08,0.010502394656870053,0.01778480374586013,0.002241542394745794,0.00250368292076687,0.012268703947667527,1.1585349879552452e-07,8.823444080401995e-07,0.028219938404020407,0.057512425523283436,0.03561051242859778,0.021832903330651136,0.010276146241957017,0.0059835970472006325,0.040218955346040475,3.7036915193603456e-09,0.006023065478738333,0.042887522298286206,0.010236842454526348,0.012999259687685326,0.01936471126816776,0.007285269097454657,0.005690851299929928,0.025835711990352703,3.337749953130724e-09,0.003765659548458025,0.013155354604648074,0.008472458949683721,0.033803666199549894,0.005004415426844122,1.386847782300521e-09,0.007855239014506833,1.529052676057125e-09,5.261999536043826e-06,0.010284432602893094,0.01841854982813874,0.001391523545524129,3.249624800436692e-09,0.012867753813339121,0.0048395997241389935,0.012993691276998558,0.03594872292613842,0.008831935234545818,0.009835879246553816,0.016042113132520793,0.007191594879539626,0.0033456527018433982,0.01794594136027508,8.747204965443934e-10
0.023535811985462746,0.0249156416097006,0.011250475763255547,0.010677719158675655,0.011283369070365567,0.013836689692604395,0.012202466587506015,0.012519703297075125,0.014170577703921619,0.011115648223270212,0.010888334803766348,0.01099562582243614,0.011212861458594231,0.01053169846754031,0.013156295514107599,0.010648242853994088,0.011882540701527817,0.010658159323843685,0.01049956499853762,0.013582677720681039,0.011677942985892746,0.011375163660506237,0.00978855635759298,0.016750538353646555,0.013138669254705148,0.013478273287375905,0.01839109247890581,0.013963927509377215,0.010386414877924667,0.009980394538988363,0.009602852749411651,0.011991031787825356,0.013549003995892176,0.009807491620627641,0.00992704773085523,0.012954833477190527,0.009521193392440053,0.009992985915157416,0.01503550509713666,0.02029855508581215,0.01656716262054264,0.014663693702248128,0.012622266679271197,0.012135875724999906,0.01767957561677166,0.010455703484798087,0.011842432630520235,0.01825622228360605,0.012477935973551237,0.012831004192592725,0.0137934593501418,0.012086108790718874,0.01203747376227344,0.015209168980796597,0.01097592543858745,0.01165318643089258,0.01328904659115578,0.012449653776910128,0.016348977905289643,0.011802063210335495,0.009877626317718692,0.012335951019763355,0.009750534607886146,0.010902348845128028,0.012328941303794753,0.013841920338122775,0.011011292579790954,0.010928110673422822,0.012633460605541309,0.011858866785890213,0.013016248963884808,0.01695736853559808,0.01233670202575888,0.012388302606887046,0.013310217108574487,0.012082317512112471,0.011503443534365975,0.012580146357971826,3.6842176528512384e-06
0.022672810233767934,0.02324731939009118,0.010471964757063976,0.010065810592173952,0.010865558663833482,0.0141687108312107,0.0123299035135279,0.012657081219122304,0.014436125825508371,0.011154508093359636,0.010776301720037629,0.011186498385509062,0.010898425121025677,0.010145358204073203,0.013356165539797177,0.01060267460686132,0.011992937451571446,0.010507932007236938,0.010099248135962498,0.013786262367476872,0.011936761372484703,0.011677330646728165,0.009810236150384214,0.016549066801416067,0.012236847035407838,0.013099249931790412,0.017571394100019958,0.014220676251279847,0.009435612104471625,0.009936097155882437,0.009012839139911327,0.012232466318522282,0.013738828921116372,0.009847298491570632,0.009890918364373533,0.012124455420420854,0.009106185822526357,0.00921373883331477,0.015770721364130817,0.02039127006186752,0.016877511617088732,0.01517554538618815,0.013216207047060129,0.012291637993873722,0.018160602750525945,0.01043455361346523,0.011994380722355608,0.018700763280362957,0.012559102196734723,0.012953584754619012,0.013815958185879993,0.01225347580348811,0.012495022976098042,0.015267772874511903,0.010878183912966247,0.011664145007673071,0.013586570797832766,0.012815083669836247,0.016752295195617998,0.011804233358792762,0.009873306337427409,0.012403860192072302,0.009648832487889636,0.011102998713311689,0.01267107769858287,0.014111199234962207,0.011316336412690624,0.011125971915750274,0.012949340960986093,0.012149633289585621,0.013375032874035476,0.01671420030293313,0.012464841411657324,0.01260641100648023,0.013584963756831844,0.01250154240344979,0.011923716910060575,0.012549986670939133,6.525328551596187e-06
0.05988354658199831,0.06728379905949786,0.008707398552529087,0.0054981489855494585,0.005680649320685773,0.02023764049585402,0.004233312255441123,0.008875464780055109,0.022344557963467754,0.006182907487350087,0.004892086500113398,0.0061510113724754486,0.004661828282609158,0.0021379670013007127,0.01558306652555398,0.001955115428218526,0.007092071835920784,0.004603682715795854,0.002462182046167326,0.01930154194866291,0.0055826320864382235,0.002969695643945162,0.0007564463724960791,0.031465852612907894,0.006913688815619728,0.015895077682058167,0.03198640331424992,0.016410906202735585,0.0007808461445405502,0.001476143951199531,2.753653904488044e-08,0.007944000698369211,0.017559295904209255,0.000618722185130892,0.0009730617388082123,0.012028434528424569,6.344623349038286e-07,6.031145277089586e-05,0.029230194402910102,0.055999315028855086,0.03645506332277066,0.02335226739280717,0.010387383991489708,0.006455878093845646,0.04292902124246025,1.2324740136264784e-08,0.007610423410577391,0.04554574805147512,0.010646286418735119,0.013244421040960654,0.019523889164920677,0.007683400366806382,0.005433829078369555,0.024771015904462096,2.4155869350188453e-09,0.002996696634158015,0.012765348145056317,0.008161041866420653,0.03173573387425726,0.004312210547364076,7.773338062683754e-10,0.007785869696758125,1.9297105762208885e-09,0.0008425332513047339,0.011292692451877735,0.01904312775994776,0.0018232030634878227,2.4308851227169813e-09,0.012592660774155474,0.004885619036134084,0.012242397941284337,0.03294732855398574,0.009048152280941928,0.009919035440811056,0.01626300409628243,0.0067359709936149715,0.0032886551719775656,0.020860398966965267,2.1914880500779763e-09
0.06171409410331529,0.06764140160236506,0.006421697788649339,0.0036522598861488806,0.003616281552567036,0.021671449285620092,0.004331960749558183,0.00875186139767029,0.024184939700889585,0.004980705440633701,0.0034479961419382013,0.005658985695909008,0.0027893248864752592,0.0010309587026854654,0.016512692464238116,0.0011951923662615156,0.006920353200119226,0.004442242208093947,0.0015831509518162256,0.0190479491692322,0.005734570354766886,0.003391633224252579,0.0017262934080794774,0.031038606547622857,0.006364631384770647,0.014215868972625632,0.033431792015450455,0.015188408172295652,5.8955891559955e-07,0.0026016058431969024,3.423507650272026e-08,0.010045058805539284,0.017268193745567303,0.0019181468112555457,0.002176637799152557,0.011898375082215754,9.51118245275611e-08,1.3894590198651078e-07,0.030130028511942242,0.0584063073980826,0.037633180513620426,0.024071979671687484,0.01050517619366564,0.0062210477847399,0.042601834542600865,1.534193354820637e-08,0.007470159360672258,0.04520651690210546,0.010482178441694124,0.013227562051545358,0.019759658627196672,0.007532241265617044,0.00539667912141276,0.024586996279433067,4.077966221868797e-08,0.0030157037833721807,0.012196108601234639,0.007823361460965222,0.03226938079706781,0.0040071332791809895,1.2969038146937092e-07,0.007966177899490584,1.927738248341339e-08,0.0010523933852193057,0.011335258719049128,0.018973322827695868,0.002619867457204937,1.641101266298343e-08,0.012934634415782645,0.004911851015414609,0.012615198568333388,0.03361835502141872,0.008943266210536588,0.009937906858418812,0.016474438236215534,0.007234881676937241,0.0033946776956526492,0.01884801774790679,1.1886381721518398e-07
0.06058112234099619,0.06671470494369318,0.0075310686479014245,0.004803920435995024,0.005203287554137441,0.02106735871799086,0.005894891802976509,0.00965771359738161,0.022867310905733088,0.006259669992496013,0.004916295485196705,0.006915029935920105,0.0042906434103619695,0.002222648909496159,0.015726313995897724,0.0024297619233014,0.006988984668012156,0.0049854644387768675,0.0025420672114289953,0.01868107089875263,0.005265613714238873,0.0026166224610056576,0.0012912324768740429,0.031043480469296388,0.006627725672385877,0.014937532159284542,0.03155384825764904,0.0166978411398837,0.00031843817609214373,0.0022067420541465052,1.952455786520187e-08,0.008885522399951766,0.017444206335903024,0.0017508762480734268,0.0018832495363810876,0.010953352934662779,5.058928920463022e-07,9.498419882157417e-06,0.029616891781364514,0.05581831831458809,0.035876240769420066,0.02397111335150705,0.010107616304975005,0.005893030288831342,0.04277540068999025,6.079473358932319e-09,0.007499636069843179,0.045354525672921864,0.01030249680071006,0.013070704513051295,0.01961164150379145,0.007396726825338705,0.005223632229244339,0.024022669690933775,1.3972006690232171e-09,0.0027695544732134524,0.01208897663166749,0.0077192189518682204,0.0310694355738443,0.004067562078666083,4.876009344742656e-10,0.0076652498006107555,1.1507762626486937e-09,0.0008146387570826501,0.011197455820750879,0.018878353039074966,0.002159549256421398,1.4359184267936302e-09,0.013098434936090803,0.004832949303666204,0.012495571421633898,0.032960582865103255,0.008944625601445247,0.009985703329370953,0.01656580814832538,0.0072246742449330985,0.0033464683838019833,0.021808893259082775,1.0762587678614305e-09
0.06537684228139937,0.06606815447337447,0.00847934280265441,0.00669732477155304,0.00648529215838323,0.019941133427481397,0.00693342601018484,0.010254347942808287,0.021967640941541727,0.006557026002905205,0.004966714321391078,0.0065158877382529255,0.00541207687750146,0.0011983045757026078,0.01614254906762146,2.508944320072942e-07,0.005867719997472058,0.0019208231617602938,4.304397817384255e-05,0.019237972547133685,0.004790473225184646,0.0017255342546956469,0.0027105248709178996,0.03439551828437461,0.010170614903826645,0.01550520561725068,0.03485793267386885,0.012101659410940662,0.0025072607156765166,0.002806747567779165,0.00011086761857030592,0.007989540008166571,0.017044927907963966,0.002920548860500904,0.002662828510651283,0.012777994612062842,0.0005701500458103351,0.00116003235118186,0.028494984388769004,0.0533436423840703,0.034857737887785865,0.021065057617782386,0.009451212304508993,0.005834151813250689,0.04144298175919664,4.6212205066735204e-07,0.0086138211856151,0.04337276630206466,0.008675764026685821,0.011388451119425004,0.016185518131832707,0.006149850122086344,0.005219977656592265,0.022845284602322897,8.503607204077012e-08,0.0017525541204114147,0.011841765393128499,0.00732704037917923,0.02861978483186201,0.0028462884498108563,3.0034762704913853e-07,0.009478895453112106,3.7865962171081495e-09,0.00014307588196112593,0.00893268401532831,0.01968334715945464,0.0020407583501686776,2.2886105791660482e-08,0.014662120580231633,0.006184529819230358,0.014074250416743936,0.030647436067212052,0.010490572505397887,0.011551919671692945,0.01961823049393929,0.008281203664773387,0.005010300868351417,0.02299680927588959,1.2171052935207248e-07
0.021745070214552915,0.024696846292255117,0.011308100266235448,0.011132565596982374,0.011004000913276288,0.013773680751988683,0.011258487489373666,0.011694212127589091,0.014274446103540693,0.010622678409226616,0.010559247685828216,0.010512995199243659,0.010743106834562883,0.010528688593296157,0.014045288298344985,0.010738004037446012,0.01220080384806506,0.010872631259265197,0.010422447887805894,0.014581875622711758,0.011914967506832241,0.01153661087315705,0.01069740580548451,0.016412603463324297,0.011137216505176172,0.012077328167720527,0.01765911278275595,0.01346034339067268,0.010521360614667323,0.010717252979503163,0.00995528837955852,0.012729767278982018,0.01418937219521336,0.010589337887424744,0.010646811364776222,0.013486462450543874,0.010058163005472503,0.010172644849896982,0.015084285549697145,0.020832025569467803,0.01637787182554555,0.01450737379070196,0.01282320408984684,0.012174055198429163,0.017698552622094042,0.010599970247918674,0.01190401659949565,0.018074547182249726,0.012615826366200504,0.01295613882118388,0.013655946512396317,0.012196808928885642,0.01212253927374893,0.014739964889374959,0.010610064249312094,0.01134080915774576,0.013273961887272916,0.012474663568321791,0.016090026685151276,0.011472861643427574,0.009692302105272008,0.012791104038963694,0.009768619548190664,0.010854003645704073,0.012530127702880315,0.014061246827393521,0.01105380596022751,0.011351254737723495,0.013100567688907695,0.011611314981636334,0.012604689607711729,0.016277739435516376,0.012880374713865802,0.012966017954431133,0.012902299764395225,0.011787365674791904,0.011651281338488438,0.013808009238441686,5.133444237539928e-06
0.0630443793934308,0.06430899025741801,0.008334196304152783,0.006390720138740376,0.005899242014019327,0.020960124851608412,0.007011143980780587,0.010748435826283471,0.022734595502451122,0.006070764418998788,0.004682211977312708,0.006810042738431456,0.004511074339985838,0.0017633542699487781,0.012757889424055239,0.0029682503805226125,0.005201314848332865,0.005056546839771425,0.0034438424502836605,0.0157401201827666,0.004355030225412605,0.002273609875947903,0.001537095592798453,0.02459211907221105,0.011055392643024227,0.0179294765064423,0.036549460197446024,0.01800240768722566,0.0026752841268005366,0.0022429753271619,0.00022278754643750514,0.007143334300935909,0.014765695682671671,0.001708360342463355,0.0018435610927236043,0.014458865827292479,0.0004730298002788911,0.0017570193788685377,0.02364558352200863,0.060284171377775704,0.036369050171660665,0.019113126629959565,0.007909569388189635,0.0044195297379530174,0.042346839110855905,7.529111773766124e-09,0.007965358382721593,0.044689890981914594,0.007991751691406488,0.01039521369186511,0.016414286503179158,0.006564462154874881,0.003466947487411498,0.02561363330630962,1.513154676981707e-09,0.005228981507110818,0.010188179972514514,0.00635228515601583,0.03107562688536386,0.006130909513474612,1.0011266264704182e-09,0.009738889681051662,1.6356174564695814e-09,0.0002242072893712396,0.009491837055619033,0.014846665597993657,0.0019465388377948782,1.6573798660859662e-09,0.014570841101453263,0.005664383994997938,0.014551033117247114,0.034938000131135336,0.010721325973070649,0.01190593891740668,0.018916486854389028,0.0077711969901137126,0.00481016752905629,0.021714328645573853,2.4093320474013284e-09
0.02301173619621439,0.02481856415825583,0.010288620150879509,0.009621602708651124,0.010741179054174871,0.013913221397738365,0.012512203096957322,0.012698582582897322,0.014266790262700406,0.011287358091375883,0.01079390593672686,0.011378668188591037,0.010935658253843475,0.009767625189250555,0.013780953466416591,0.010351711244333968,0.011847413561378094,0.010436058068266415,0.009834964502377374,0.01427451308102581,0.011665448140499728,0.01118558638053709,0.009504123759303538,0.016530350627690746,0.013688139618774573,0.014294155171814715,0.018288638883248123,0.01387710609482122,0.008873937501633455,0.009620906894688846,0.008568660578072871,0.012496433549193268,0.01387015353528588,0.009602950045342193,0.00970613076048971,0.01186093063583616,0.00866522774385546,0.008655665411576285,0.015160235375021057,0.019422454398466397,0.016499481830120726,0.014462316061670545,0.013214997591435292,0.012556608093335439,0.01784127054802542,0.010831471407090482,0.012137950307724445,0.01826576407823473,0.012832088885687603,0.013230980912211011,0.01381435459273535,0.012458826665151336,0.012461597981116805,0.015211882292910301,0.010905358978938797,0.01160733412141739,0.013580709124288834,0.012770679096124844,0.016636299515504667,0.01175357545099891,0.009863883433539035,0.0119639135658165,0.010446643480576836,0.011422003714713556,0.01241661921517904,0.014522098697377384,0.01183933311431354,0.011615068919967641,0.012347313808763204,0.012453119291326762,0.013257045802285927,0.01668456273252546,0.01202487934193579,0.012102580354105401,0.013563200892427048,0.012694663478196122,0.01223361077189884,0.013372502735522943,4.844816599349847e-06
0.05850483795811324,0.06724848917656129,0.009318092506134735,0.006694692396610702,0.004942665236126692,0.023219353889176616,0.003086334091215445,0.008443465666848424,0.025911698512541992,0.0057953318541446724,0.004743254124044278,0.007011646147175023,0.0038636222170888913,0.002376147200470155,0.018633756649600684,0.002110678372571092,0.00790806209595368,0.005464429901552995,0.002677941258611749,0.021866194912565952,0.0061475747969710155,0.0027738174335907267,0.0036784354163900274,0.029145807598890492,0.0033150325424486644,0.013013137989791571,0.03426578845141323,0.014771172596470707,0.0016851983947324242,0.004223477029874153,0.00030953325435379515,0.01144318298523773,0.01939526831475651,0.003475865570008384,0.0037110969941237994,0.015844682193730742,0.001114153565506797,0.0012373578704252951,0.027749623381925038,0.05449700012490829,0.03651661387911973,0.02148942296714222,0.012198120651754222,0.007917039480276335,0.03937073602227919,1.3678069174120466e-08,0.006060932811582526,0.04165750313545464,0.010822997309171613,0.013446422203812411,0.017263140038246697,0.008389356932301575,0.007053301934805904,0.022495640139129955,1.6273709650342743e-07,0.0019277886345729193,0.012756082822646895,0.00865616232303811,0.02951708271732813,0.00302300972956481,1.3493518806378323e-07,0.009226683925628558,4.850347130701138e-09,1.6108679495875872e-05,0.009452294381162548,0.016066572072224946,0.0007372838579079948,3.277982143793272e-08,0.013230404605643068,0.002889922493381645,0.010561231463643288,0.03066315529790687,0.010059617515179182,0.011017159833454443,0.014638033935277092,0.004649575345079823,0.0010995822422312496,0.023512689435682885,8.153069273262268e-08
0.05882169372244769,0.07656922571611066,0.007396156062254222,0.0032700077645958395,0.00396705366159248,0.022895522833606113,0.003868523416655497,0.00882844180807804,0.025588516507396644,0.0056776024310618515,0.004312330934216956,0.0068454354409106695,0.0032755346594731884,0.0009769348532161519,0.01700842132524021,0.001048218156541658,0.007815037524824656,0.004385331881905366,0.0016093292906714323,0.019719341865896106,0.006913665721668999,0.004236420009485593,3.121692616967944e-05,0.029679988632584964,0.0046835774288968455,0.013601279604124977,0.031153701345533177,0.014886270333147688,1.1635154529936243e-07,0.0008766351221036691,3.1904592025679983e-08,0.00982789155136136,0.01824109544244025,0.00028620299149535044,0.0007553058176228025,0.010822303157388278,6.530147907644975e-08,6.666533176823706e-08,0.03194498342414125,0.056477337748529366,0.037823978717850815,0.026054249206977735,0.011146442278669247,0.007408578762278572,0.04008588605279775,7.056201362045471e-07,0.007786996725608445,0.04278894278968063,0.010627565159301782,0.0131148285555158,0.01771630740207064,0.008066650847867797,0.006246267946995734,0.024685768505046717,3.401460639961955e-08,0.004057654433081803,0.012422699980372726,0.008355195545555227,0.03149404756540691,0.00518319677298246,9.60007143325914e-09,0.007192470517992179,6.041241225788966e-08,0.00026242305866658224,0.00964828294417408,0.017609879210200203,0.001667837010884719,3.993238517135619e-08,0.011506431381592866,0.005070994716251805,0.011443618638330962,0.03745387592440498,0.008135713032929039,0.009045956010453854,0.01602399235481929,0.006872437401243005,0.0034546224337421755,0.021248387150249824,1.560500541923583e-07
0.021058611365559393,0.022048926961883153,0.010958034493998223,0.010784756213599735,0.01128596082768004,0.014095558763123345,0.01232648191209956,0.012593148320318798,0.014393291407735063,0.011078733193091475,0.010919002773560402,0.011150561231068848,0.01101815183168227,0.010148426244662936,0.013664323630701327,0.010863303022962085,0.012336050658196557,0.010773776060446025,0.010539800608769708,0.014065657552682059,0.012183557361325701,0.011957732598747309,0.009954803566979711,0.0168815104900716,0.013522153359048524,0.013700768058620734,0.01853628933932602,0.014399809767529465,0.010719599624442,0.01008397944716918,0.009673360677426765,0.01251292988091881,0.013477823169073958,0.009958741685881518,0.010026354341124918,0.012927435595285506,0.009613061541756493,0.010059467594562927,0.015142246588963416,0.020135584532335153,0.015824231411944813,0.014641285011960745,0.012730674071318816,0.012177777585655653,0.017487669839698135,0.010336661872748924,0.011585193241772512,0.01786609641974344,0.012495502093270454,0.012937107387370755,0.0139368515771976,0.012129528614023256,0.012254548002059888,0.015629856350118824,0.010808100315032097,0.012042382760164234,0.01361836212814389,0.012887542171892455,0.016858460311661442,0.012153799618703385,0.0102166034330043,0.011693456039268009,0.01013633581757758,0.0114288033275047,0.012442023167866858,0.013208306801939915,0.011431588877989623,0.010674827894189828,0.012118735933678855,0.011838558585998527,0.01292944891420475,0.017926479500066844,0.011756138868482051,0.011857309102530054,0.012891516073698359,0.011966361585858353,0.011536443248875197,0.011963313566026906,1.235218234731975e-05
0.023633033101348132,0.023058964065212465,0.01046310847452435,0.009751838589550133,0.010436481174929874,0.014275940581003337,0.011826761628817063,0.012252562502259687,0.014762416122104598,0.010811509861565217,0.010446741084101659,0.010909731319305659,0.010473986417907451,0.00995535224515538,0.013472630139023715,0.010532365556897174,0.012204616187952837,0.010432778284003779,0.009966952363096034,0.014005548409093764,0.012150975276327688,0.011959956562138193,0.010374765012744269,0.016873799971781376,0.011441287353889027,0.01228249995249672,0.0175939549074462,0.014441963054279921,0.00918249627334007,0.01037630804715878,0.009031404069061949,0.012242097299913534,0.01396200941835912,0.01038846047181798,0.010330777778001787,0.011952446882142835,0.009013097366138461,0.009021084108689414,0.015732085892271475,0.02002680955988584,0.01713601137866137,0.015435175437384265,0.012834115279138233,0.012446234300156015,0.017965789624515255,0.010801310228103048,0.01210229833953762,0.0185177270831612,0.012809076899023593,0.01318786388699457,0.01393010682851641,0.012501372015387457,0.012345525399239861,0.01537394839486051,0.011052119219481755,0.011830173848262333,0.013631252224372056,0.012741258239372331,0.016575735426253953,0.012034336110177969,0.010188368121145916,0.012181253892604412,0.00998067633043824,0.011213290365937302,0.012653761498351138,0.01394036297180267,0.011397225603165584,0.01112538620281188,0.012610249661902023,0.011994633111069365,0.013058232934601094,0.017302278738174297,0.012242683874725185,0.012345513848937487,0.013413527988403926,0.012192520188720312,0.011660604971345452,0.01318915430570415,7.24786182285183e-06
0.02142100515913424,0.02246125142027546,0.011345085710184924,0.01125021626829147,0.011474222027353386,0.013822047916229277,0.012428206197529271,0.01254403924437272,0.01411264717983461,0.011295589905920373,0.011001567018417565,0.011035839089803653,0.011425586019649062,0.010608510985198103,0.013285744052251225,0.010757269372345916,0.01208296387268174,0.01066211077505568,0.010501208146710616,0.013856474362734333,0.011907847897812929,0.011841534435609742,0.010232775446096206,0.017860293092813638,0.013414155210159382,0.013867922830751417,0.018631796958416172,0.014606556111506293,0.010749568457388904,0.010241783356664378,0.009810476207700071,0.011835382121336864,0.013576816592594564,0.010246865189518692,0.010192060371569151,0.01349716136848315,0.009891902192345136,0.010133742498491631,0.015361608583112253,0.01894315576780265,0.016145771820645194,0.014668892073681572,0.012516170656547077,0.011999522807406068,0.01740043399174567,0.010377968679355979,0.011661335142606621,0.017841058033076836,0.012367984003683507,0.012735289178524303,0.013672772801184391,0.011947297039226677,0.011932106358714778,0.015200813545243145,0.010565434618927774,0.011664365810586374,0.013082435902016373,0.012364772803479555,0.016520237329476616,0.011745050312298633,0.009887326290609212,0.012110213996149448,0.010234448399089453,0.01134887898769672,0.012254374476760692,0.013618192678421022,0.011959511259393112,0.010816226135286103,0.012533294331282646,0.011618611032700264,0.01269343717984104,0.017471401801781583,0.01215708210856528,0.012239000200599497,0.013207525565707992,0.011827183918984569,0.01125018375248175,0.012138260125799024,1.0145436276571207e-05
0.02127171513668105,0.022327855713160094,0.010965271827017542,0.010709328191577645,0.01123473786328181,0.01410549183766606,0.012445824485179604,0.012660165826749047,0.014428598547269975,0.011033333756853383,0.010829718678736732,0.011085657197528572,0.010972125759794716,0.010109289683169306,0.013582601136346123,0.010792988068197501,0.012372982300298192,0.010646393733381618,0.010442827211944573,0.014129061181735325,0.012059576277712895,0.011858507710256313,0.010385251653109388,0.016883803988918405,0.013459539873573973,0.01350668100605241,0.01974735914058109,0.01440935748606418,0.010561170304777134,0.010326760784278096,0.009873494866341053,0.012016400367733817,0.013585583000109418,0.010434863069020502,0.010324371958669839,0.013411439921309568,0.009837871862964627,0.010174680931797455,0.015463603343020835,0.01873190233537033,0.01605301276573077,0.015062165391442877,0.01278297541557292,0.012182977364286609,0.01748489033297459,0.010396166917522183,0.011565414314492432,0.017914006812384174,0.01247498848348348,0.012940920728280111,0.013907809970022616,0.012178551615770979,0.012089993951450913,0.015259729941512213,0.01067323164552318,0.01168735263310161,0.013309556784647235,0.012571739543069069,0.016604778809451888,0.011806418992027008,0.010006926467281956,0.01196799680879139,0.010138066383840053,0.011237505231549809,0.012596303509797289,0.013472379187349852,0.011447913584696575,0.010656368061908573,0.012387088396423286,0.011624121954164379,0.012641342399161641,0.017575109922038704,0.011968476348469828,0.01201298717325634,0.012904034175880753,0.011771193682581515,0.01131456877075311,0.01212202558236291,1.0721928715004307e-05
