0.1253121769237216,0.19362884246272616,0.08468287366451761,4.556418467014419e-09,3.947149631107448e-10,1.2718347767096626e-09,2.124053486273431e-09,9.32098821872871e-10,0.005056339945007587,2.37094344096806e-10,2.413763292898268e-10,2.471198321486248e-10,2.851496959902814e-10,4.602334465610373e-10,4.769264069857579e-09,2.3826705995714834e-09,1.3955620505913762e-09,8.677669205594273e-10,6.474364120588881e-10,7.424461205605706e-09,1.4485427996151006e-09,0.030664503844242193,0.08012147600680569,4.781298255286528e-10,0.12346953101234,9.235674575262293e-10,0.19761291518424762,0.049557370428825055,4.18433290664745e-08,1.780846738906338e-09,6.316330251672226e-10,8.725945480370468e-10,1.3805895611417717e-09,7.83610482714769e-09,6.585500807526333e-09,8.609645528126191e-10,6.27733451921381e-10,7.854836228110614e-10,0.10989387612566955,1.0962122376962931e-10
0.2212459274744308,0.10189709301828319,0.11215347672319183,0.07341668746216408,5.400158003527134e-12,2.565036775867924e-11,1.9893197748367447e-11,5.142495229172816e-13,0.06386224419561519,4.032959271606589e-12,3.1426694067888874e-12,3.5491437633562787e-12,1.3330878889655273e-12,1.249459602161628e-13,8.474321844009373e-13,2.579960219527869e-12,3.097299541097939e-12,1.5954886484024304e-12,1.6848128837590561e-12,5.23237484686387e-12,3.1450191464247745e-12,4.12284653139443e-12,0.07375144855546324,0.07683460421859047,1.3679156773060913e-12,1.3906963706374646e-12,0.0496865017718886,1.7349324880452227e-12,3.9600554402473306e-13,3.574842260461864e-12,1.5206743014261124e-12,2.628137777978154e-12,0.06931458126534003,2.4145832693447066e-11,1.0833341895240648e-11,4.181107540954255e-12,1.4481662419506276e-12,1.7554168216230808e-12,0.1578374351724152,1.6942054643527833e-12
0.14126656282892613,0.18885148157955228,0.09187421517929793,2.3727882511198234e-09,9.143565790859795e-11,1.1990346669445521e-08,1.2097631495713183e-09,4.0599002692529216e-10,0.0005097594109055183,5.2443736331899804e-11,5.36581805732825e-11,5.447434411850913e-11,6.389722852605795e-11,9.924100469252866e-11,3.914699221768336e-09,9.296733550225142e-10,4.1288632511329073e-10,2.2106705624857904e-10,1.5135150696180036e-10,1.4061435167654934e-08,3.504803107866354e-10,0.031292126278959186,0.07913528838539062,7.808955103111551e-11,0.13037655897047548,3.5315358425773693e-10,0.1821820176691709,0.04121119795051581,0.003536272417959076,1.016266660114677e-09,1.3115587153145472e-10,2.3042672724741213e-10,5.389207745798534e-10,7.99679835996763e-09,1.300208625611152e-09,1.677417029345106e-09,1.3487153510790706e-10,1.7217154296914255e-10,0.10976446923845606,2.5279555441769116e-11
0.22008235089890904,0.0960695827257587,0.10872636855910965,0.06496636290829615,4.532714646501301e-12,2.3730097365085966e-11,1.1296701404736417e-11,3.80116187290703e-13,0.06549027299157975,4.142477179986122e-12,3.1970239610380276e-12,6.242937955129307e-12,1.434248088093697e-12,5.971505006798536e-13,3.9813632668689724e-13,3.0052901776149466e-12,3.620723278755267e-12,1.2979118882837823e-12,1.4552880210867243e-12,2.4956803566911524e-12,3.6192631226690154e-12,4.2372668920944325e-12,0.061860482175429686,0.07802252700341986,9.629369627435825e-13,1.7890109310622888e-12,0.057156201911230047,1.1973386321918978e-12,3.811643650410523e-12,1.6065354983855977e-12,1.675901704259119e-12,1.53687357497432e-12,0.07966616730638697,1.7026421044761457e-11,7.539983486740281e-12,3.808245577036391e-12,1.7036242347362815e-12,1.9153722172151623e-12,0.16795968339844383,1.1795178668187762e-12
0.12060239910388267,0.18961512817868129,0.08002301974911992,2.0040193343725004e-06,3.8947172300945004e-07,2.6003845102178065e-06,1.2750548253189443e-06,7.689966528349653e-07,0.0147603009296641,2.39696072910484e-07,2.4864373792134424e-07,2.4859088169268644e-07,2.8728739620262807e-07,4.3138243756705774e-07,7.181305814631083e-06,2.1590887516040494e-06,1.3426953454615949e-06,9.88092818579084e-07,6.808666854711288e-07,1.9517978110578483e-05,1.2996678622250134e-06,0.02737263133074248,5.475412411531697e-06,5.004323522191977e-07,0.10334532886406933,1.8720971787333257e-06,0.2238768270077775,0.05585750525247646,6.281107897796919e-07,3.226286956931601e-06,3.8421357423306585e-07,1.0535433624367193e-06,1.8005479676481145e-06,4.417167963432659e-06,0.07111756820112895,1.2201854949108299e-06,3.9574369208714923e-07,4.584592809508161e-07,0.11336609793223809,9.802623359796123e-08
0.21851029378539888,0.10140505763286375,0.1135089569276211,0.06334193206332789,4.022207277959924e-09,4.46102405680412e-11,2.491464817969238e-11,3.711312446999525e-12,0.05531056788601555,7.754128607295134e-11,1.030275367745218e-10,1.4796707644922928e-10,2.3786134445468742e-11,7.717580090268932e-12,6.40735719963009e-12,8.71983996627305e-13,4.765031111025006e-13,2.8329524858449863e-12,2.6180219266266718e-12,5.088465387918201e-11,5.811468815427443e-13,3.810542320254643e-12,0.06736765502266624,0.0648610517462222,5.4049589899165875e-11,7.560733693321085e-12,0.07874396476506514,1.0000107662467908e-11,1.0194880741655125e-11,9.825334388530496e-12,1.811079531496632e-12,7.985025295121964e-13,0.07308518636014084,4.519003125191257e-11,2.4432009890166196e-11,1.7935620899846655e-11,1.7398014580622798e-12,1.6261697927560708e-12,0.16386532909672913,4.819141241371591e-12
0.12944642890876212,0.1920080040482826,0.08018319842008786,2.5060593691652063e-11,2.921708855606941e-12,4.4236730997004185e-11,1.537307491733349e-11,8.457448309671613e-12,0.009257051186896858,8.824657449249694e-13,1.3351258806962961e-12,1.4880736349556474e-12,1.8949652628363657e-12,2.904611270812785e-12,5.70220122956508e-11,2.402513361436501e-11,1.4409605834925505e-11,9.922127943029939e-12,5.878591428343433e-12,9.685902307520994e-11,1.4023270658287164e-11,0.024619588413292846,1.2111616515766538e-10,3.572767643799651e-12,0.11143291441932221,2.3027421795659287e-11,0.218011674542726,0.05280839593416265,1.5200879771240743e-11,4.1261166092336585e-11,2.827935806389837e-12,1.0432335981321227e-11,1.9360089743216738e-11,1.6955106978015926e-10,0.07098342384972624,1.1838492722015214e-11,3.0449148697104136e-12,3.8426433399195326e-12,0.11124931952417154,7.986403561053721e-13
0.20907796480601665,0.10892994143433472,0.11420211189522327,0.06409329259754552,5.924019251603846e-12,3.875283873149169e-11,5.035144322864149e-11,1.3101173983812188e-12,0.051493816068324656,6.465121158785378e-12,7.98138463226563e-12,7.241693103060319e-13,2.8188387840689407e-12,1.1487560030642094e-12,2.2613420754110883e-12,3.533732863832552e-12,4.255370270341603e-12,1.874491477280878e-12,2.247617949178726e-12,1.1977548850882547e-11,4.420193150079898e-12,1.871246118545095e-12,0.07470686236832406,0.0770252032510381,2.603707683262428e-12,3.0221713144994904e-12,0.06608704791181826,2.0141909082473236e-12,6.829293766856689e-13,4.0200858484413814e-12,3.142513290251876e-12,4.664232392399126e-12,0.07294544086959376,2.4803991554764495e-11,1.514074571243676e-11,9.661804088659758e-12,2.8442772612238705e-12,3.3514498530374607e-12,0.16143831856998742,3.923291700707428e-12
0.12834000811863294,0.19213009319105934,0.07722552912382862,6.64005389522879e-09,1.4516922002762223e-09,1.025126964516759e-08,5.240399285245256e-09,2.9630445127673834e-09,0.010196993894869881,8.128883161334033e-10,8.552976368443762e-10,8.300935849079871e-10,1.0078649334173796e-09,1.6562788190791188e-09,7.551695159709676e-09,6.195353878311309e-09,4.074870331295762e-09,3.286983050032506e-09,2.3648256856887876e-09,8.772829112628671e-09,4.174761557230528e-09,0.03334865828945892,0.07770256801923123,1.8608771147734718e-09,0.11638368159291038,4.0697635807856665e-09,0.21037869855510888,0.046710438063135636,7.78488093244239e-09,2.1796650656558042e-08,1.6835405657417844e-09,2.8951378356504758e-09,4.377636384361771e-09,2.0405321899561407e-08,3.527131404322572e-08,1.5610514574310886e-09,1.7074829185621975e-09,1.9861908244372554e-09,0.10758315728745338,3.3426099467517256e-10
0.2171229744797588,0.10442235245883984,0.11223197103702069,0.06149310920123858,3.7626528523246276e-11,7.268705904845443e-11,0.014316832183971676,2.9164115485381285e-12,0.03443273066966093,3.8004483915128695e-12,1.854163270499214e-12,5.407971387965375e-12,3.2099760396567024e-12,6.680537440842351e-13,1.1954859178198802e-11,7.776143014192183e-12,9.463379985093364e-12,4.9719982600053546e-12,5.255157944657849e-12,4.337086324533726e-12,9.503213709524524e-12,8.37800001102643e-12,0.0697200942098947,0.07409716506561302,5.598344297583722e-12,5.02825419936084e-12,0.07782774407670043,1.5501629205948246e-12,3.4178609019428896e-12,2.893513285907445e-12,6.428093771804454e-12,7.886714069207284e-12,0.07314257402480458,4.207086986582986e-11,2.076739577468057e-11,7.503966505782933e-12,5.639434505775386e-12,6.466879251541674e-12,0.16119245227703052,1.0404323989592822e-11
0.13084844043903457,0.1913595847342256,0.07759479439338189,1.955799950891128e-11,9.414323836705408e-13,7.974194129512526e-11,9.578571116270859e-12,4.658754975130425e-12,0.001938103797701773,8.178016053713052e-14,1.5286473068604599e-13,1.1404043263309653e-13,4.928058569301033e-13,6.647554646071093e-13,5.7529526972844564e-11,1.0389851542717987e-11,3.6519862615404914e-12,2.450782873125963e-12,1.3513997095474173e-12,2.7196157498251514e-11,4.136813066903807e-12,0.015824018462813578,0.09000164674662053,4.133030557910524e-13,0.1333372078014174,6.261144691354421e-12,0.20130344802035766,0.044481011969478075,0.0009984115562729882,7.415462056269416e-12,1.6441757123430075e-12,4.4198711991803764e-12,2.676926775230749e-12,1.2542372664176059e-11,1.0549517707777231e-11,3.6065273663963295e-11,1.9294294226493864e-12,2.621312921781016e-12,0.11231333176859591,8.699379292429776e-13
0.22234964384491118,0.11088776469895772,0.11237720088924141,0.04951430317739994,2.7444461903525516e-13,1.7435680688984283e-12,0.005034614783072501,1.8967880963216464e-13,0.04952761014843768,2.0062645097843634e-13,1.5181672098175894e-13,1.524268539174066e-12,2.0047983977411088e-14,2.0839973134692283e-13,4.0957208408207884e-13,1.150723362368068e-13,2.083998248796392e-15,1.7951701033711012e-13,9.536547047410238e-14,0.005424892849290945,3.0447414396444265e-15,1.3222680597906801e-13,0.07239604580924014,0.07374468885877133,7.649526271477692e-14,8.275346702453604e-14,0.0754846946582052,8.414070498794274e-14,1.6763193725920544e-13,1.420007702450099e-13,5.360111789302076e-14,6.764298392869925e-14,0.05735759468793393,8.143320537727726e-13,4.778549896041302e-13,2.310109313722305e-13,4.7690886843453704e-14,6.436789425829513e-14,0.1659009455869268,5.1877452518249556e-14
0.1252020634136744,0.18943620617486,0.08541407158522574,3.263793752745395e-11,3.8344731727326124e-12,4.419150856374133e-11,2.0417949206531212e-11,1.1569581381363791e-11,1.6766626254065962e-10,1.257289909669023e-12,1.539837485128219e-12,1.2047669740235333e-12,2.5872514237426547e-12,3.6090998299508342e-12,4.645304731151243e-11,1.5175560519723475e-11,1.791044685232575e-11,1.0960643916715135e-11,6.734553366877807e-12,5.5924035136558416e-11,2.0517231499001776e-11,0.021861100763610402,1.4932916169481819e-10,6.146683478702876e-12,0.12866627392794167,4.098370834852619e-11,0.20740175849411663,0.044633800127119136,5.502022717855758e-11,5.7397240201717136e-11,4.899015899388789e-12,1.045863170396466e-11,1.939216368502403e-11,2.1787610751423206e-10,0.08187353545319813,1.7105669849274927e-11,5.066343936367777e-12,6.529927456968825e-12,0.1155111890036207,2.236690796175402e-12
0.21977821852486432,0.10349460468500929,0.1078941683794143,0.056939277049612554,9.717898153169869e-12,3.61412763073418e-11,0.009560199440976464,3.2729844146912626e-12,0.05273784767739103,1.2266220219495785e-13,7.90137318905075e-13,4.494427727528474e-12,6.6465120556594e-14,2.834863186151343e-12,1.7461194007809305e-12,4.660600514895178e-13,6.799184971784964e-13,1.0737068487792525e-12,6.81645245233462e-13,6.089888082684147e-11,7.405807012191518e-13,1.9107109208266845e-13,0.0688096774336455,0.06843619922744386,1.9100016563798557e-12,9.124628832408076e-13,0.07837327133529524,1.3498729969854017e-12,5.402565962766197e-12,2.05187823425347e-12,7.269572375647684e-13,1.0233943048994903e-12,0.06873274000806992,1.7082773246122026e-11,7.780798591584156e-12,3.544504985176824e-12,7.688903258277759e-13,8.719079542766887e-13,0.1652437960697553,1.1774239581656565e-12
0.12559140102943772,0.19141401169289496,0.08941470842017497,2.4300927817285944e-11,1.5014140945478833e-12,6.444424678313301e-12,4.1266954516797736e-12,2.582965921022586e-12,1.286587169807221e-11,6.236151140249206e-13,7.292975397163658e-13,6.784490663491492e-13,1.0054707547335622e-12,1.649059060333384e-12,6.338599307174482e-11,6.377910257759242e-11,5.173120785106107e-12,5.415353285908082e-12,3.0678250660775237e-12,5.4021826641469484e-11,5.6085804829399235e-12,0.018154339999687238,0.0865281417462229,1.5211975631015843e-12,0.1306042001290779,1.8966079173119094e-11,0.2006724635485152,0.05122341005986986,1.0787185623454955e-10,2.999318348530094e-11,1.9386659429209705e-12,6.495493415185726e-12,6.056787709926162e-12,1.304587411898082e-10,9.914230133748599e-11,8.258277412533649e-12,2.116757317909892e-12,2.624168674183898e-12,0.10639732270105455,6.611681745946945e-13
0.22040009875548516,0.10365004526021906,0.10008189859925512,0.05945324045065242,4.71752327151932e-11,5.7199523965109215e-11,0.016967705975683242,3.9399324241483e-12,0.04117315630751681,9.317199481339453e-13,5.062018242946373e-12,7.594762453598162e-11,3.784419855927295e-12,4.6150861814605485e-12,3.2160177423923502e-12,1.2659508689835363e-12,2.8159415008275307e-12,7.530674918746128e-13,9.88550146957784e-14,7.263294947685258e-11,2.9891559283011912e-12,2.0175153145931492e-12,0.07186903544856718,0.07175511256446487,6.584695214398183e-12,2.218696068408468e-13,0.06831430580560972,3.040165946034237e-12,1.3565264806282671e-11,5.610498326188169e-12,2.0883965545151923e-12,1.658697169854364e-12,0.08416196684175249,3.612388996184622e-11,1.7173500474558437e-11,9.657109088379082e-12,2.2126160682877307e-12,2.521384498914923e-12,0.16217343360436567,1.5251994798113848e-12
0.12109021463564086,0.1933143726213208,0.08229080315672894,2.1666833492516564e-11,1.668204026448457e-12,6.265612043507006e-12,4.0607314121470825e-12,2.713461975176009e-12,9.253789076821401e-12,7.450886782590805e-13,7.198337921672886e-13,7.026690943190402e-13,1.0980164492602426e-12,1.412165241812731e-12,6.039663286508145e-11,1.2920908057062188e-11,6.146819938251008e-12,4.3808936937909255e-12,2.526806631402781e-12,4.7251199363549833e-11,7.141777377172541e-12,0.00792742828455148,0.0916576488614784,2.068973660660207e-12,0.13039096064926442,2.2611950929336398e-10,0.2056364012013014,0.049786807155289034,1.368383051523075e-10,4.0399625517905796e-11,2.0765010315545526e-12,6.416271641051107e-12,7.650910544846168e-12,2.365142518910377e-10,1.5745146530628711e-10,1.403897360670469e-11,2.2288257976283305e-12,2.6900318265315583e-12,0.11790536240745861,1.4008846991911178e-12
0.21657971998922884,0.10301253809467299,0.0984082917393246,0.06334287449179489,1.4746659842887523e-11,5.351370654714516e-11,0.013609542617765284,3.1687680107305655e-12,0.04438309864933093,6.998374935251371e-12,8.628924567695849e-12,2.5220482413302746e-11,1.77492329221858e-12,2.0830772147514306e-12,5.1627925562869195e-12,3.2177004981109374e-12,4.739213793597654e-12,1.357693105268655e-12,2.0168186001706027e-12,2.9698343038709466e-11,4.908024090052174e-12,3.804651233482414e-12,0.07152326578181455,0.07206475211022324,2.7273701740285794e-12,3.0104590760959666e-12,0.06802749757016395,9.388239808301215e-13,1.1499492247311794e-11,3.621401172656588e-12,4.049806837253077e-12,3.911695494283634e-12,0.08535620253024741,3.33161097310246e-11,1.488441829616124e-11,7.706775514014336e-12,4.0551195174643696e-12,4.454889378139789e-12,0.1636922161578868,2.3299732146684017e-12
0.13545916347461498,0.19258131417507665,0.08932093554620131,2.2597598536218194e-10,2.5196683945283398e-11,4.0104647907519554e-10,8.963855040071944e-11,5.7305945142603545e-11,2.27350456076872e-08,1.2312750117370289e-11,1.3393329305937342e-11,1.2426216137969441e-11,1.652649347056431e-11,2.3364343591212066e-11,1.755132814402269e-08,1.974845501477202e-10,7.466913410239722e-11,6.060510437660957e-11,3.7405589417881464e-11,0.014717000262136775,8.223353264540564e-11,0.013690949565740147,0.0870136594657667,1.8903070001914418e-11,0.13825650846130613,0.002357949686775776,0.18774737457161678,0.04324333169423919,4.962823323887623e-10,3.584234265924278e-10,2.95665485189177e-11,8.321149836329028e-11,6.686006471670912e-11,1.2809214322787142e-09,1.0056388719998344e-09,1.394285944891098e-10,3.0935880697838754e-11,3.735604025502782e-11,0.0956117679267371,6.302243962028891e-12
0.22291963181226757,0.10959113592452689,0.09550154392015688,0.05433554744357963,9.963106093533894e-11,8.583528656006742e-12,0.029018086666489355,3.5530539727935005e-13,0.03581576500092124,3.3655350477469834e-11,1.1614368145036986e-10,0.003099390165402833,4.877714758600389e-12,4.357772914200547e-13,1.2026835318187641e-12,5.868817518231244e-13,8.613428987516582e-13,2.068838680339433e-13,2.781406530554289e-13,3.852881729228299e-12,8.774761837383547e-13,7.120962207278203e-13,0.07328107591495488,0.07048083647839504,3.4445522092307924e-12,1.5505959056855522e-12,0.06473917205309235,7.002247249129749e-13,1.5809998343115971e-12,7.904007532039625e-13,3.8391670176701577e-13,3.144347375054684e-13,0.08507052645503127,6.313697067142361e-12,2.923113941103634e-12,1.336557644666551e-12,2.473362731421337e-13,3.6505100161593576e-13,0.1561472878725868,3.8364533623782464e-13
0.13223465913104124,0.17453914895963762,0.0951501844660048,5.951935663058356e-11,1.1939292489853347e-12,2.3061789740220912e-11,3.071641976236737e-12,2.5347730010438198e-12,0.007663033133366156,5.154245403268102e-13,6.51147327442888e-13,4.409836629126598e-13,8.782345774852838e-13,9.646646122259612e-13,2.692993010164166e-10,8.420530474938335e-12,5.238791667745894e-12,2.053115104659871e-12,1.4784851701119827e-12,0.014787657936878557,4.9789013771318085e-12,0.028920133712969476,0.08035132417302557,9.187027612982987e-13,0.12297554123749162,1.77534668927907e-11,0.20402843734884676,0.03202712937516454,0.008216560806193502,4.172008178978302e-12,1.531340653503781e-12,3.1478687776418494e-12,5.77316482679117e-12,2.149247935078574e-11,1.7849560265572507e-11,5.699492569540185e-12,1.4931243459988911e-12,2.2664728953273256e-12,0.09910618925273075,2.505825070984151e-13
0.22082266417850344,0.10714719018259394,0.11755430473622044,0.04128150528113833,1.5223922813676217e-12,3.097889350927406e-12,0.0010128270969549011,5.529814083060432e-13,0.040610956989158585,4.086129997930991e-13,4.83990456120365e-13,9.732505685794193e-13,3.625080431024793e-13,5.881564785148814e-13,5.014169978375995e-13,2.414342294473866e-13,1.3100836592838826e-13,3.621670029602283e-13,3.135312591203795e-13,2.4926786434129676e-12,1.214336990137686e-13,2.835818170638987e-13,0.06957475844927156,0.07219446710762523,6.252390968870157e-13,1.234499301773907e-13,0.08227050923346765,4.947697012583477e-13,2.7569604409718055e-13,5.152857783282467e-13,1.4724997262577224e-13,4.352020615924258e-14,0.08295239102521602,1.761510680371046e-12,1.0759462975279731e-12,8.388464399498262e-13,1.534084833856779e-13,1.368028825868242e-13,0.16457842570114897,7.218628561450414e-14
0.14540590210036242,0.20301107069827062,0.07815766267435545,6.293456129239238e-12,1.1322943981677181e-12,1.3767319774664107e-12,1.0004220880933194e-12,6.985615499428277e-13,1.8225644367698984e-12,5.434178057960344e-13,5.850741347779482e-13,5.448356113015737e-13,9.62133856468822e-13,1.674139039812539e-12,9.46313663823823e-10,3.952081311331606e-12,5.7330097583117425e-12,2.3337190065880397e-12,2.0158546389387478e-12,0.01051664166022631,6.343228269220529e-12,2.2556647045966147e-10,0.0398718435582873,1.4663453586471515e-12,0.13358844310062026,5.628147345349542e-11,0.20070949692079032,0.04296445723557345,0.05103210284062207,2.387343720778697e-11,2.2408310783293528e-12,3.81232945311894e-12,5.280914751281066e-12,4.471633792726412e-11,4.146586179703471e-11,4.405697888619841e-12,2.0182803978150618e-12,2.5368664321589164e-12,0.09474237781349325,4.08503024643048e-13
0.2168093551267704,0.11206644939713775,0.11229064671346632,0.05254819341123204,1.557143723003275e-11,1.6121010970732815e-11,1.0622974166719844e-11,9.112272891128586e-13,0.056445337762887716,3.859546671315741e-12,5.216334650861053e-12,3.917153466899995e-11,1.8182049588538681e-12,1.3754845417046888e-12,5.785525714619521e-13,1.5439743442283225e-13,6.137050029011102e-13,3.0865851137123513e-13,2.1292488066409696e-13,1.8215025760161082e-11,6.444213679829561e-13,8.21924980133764e-13,0.07818445538446384,0.06661236479170184,6.717938688385834e-12,7.654720393577712e-13,0.07022617726968745,2.4627870796843006e-12,2.243670077112909e-12,2.390250703844826e-12,2.46985547575252e-13,9.486373277609126e-13,0.07256583610538454,1.0559686147201685e-11,5.6638654445985405e-12,2.764921468723683e-12,1.6243897392142848e-13,4.827963027319958e-13,0.16225118388472232,9.191093117917873e-13
0.1373461076933196,0.18559858220397654,0.09682661206223835,7.432228698015093e-11,1.7199436478799523e-11,4.2251681849394994e-10,1.140743860510475e-10,4.972073812796776e-11,0.002730541580510221,9.569557366762412e-12,9.482231609820923e-12,1.049678269254107e-11,1.1268870565763083e-11,2.1641050466688336e-11,1.6846409417338707e-08,1.463053782487138e-10,7.626526746725961e-11,6.409442002061068e-11,3.401996703590484e-11,0.0016705982916749766,6.772629959673196e-11,0.0307743716297059,2.2152771909834225e-10,1.997243825955108e-11,0.12479069090313567,8.473041035302216e-11,0.19668452355379273,0.04200735424081459,8.544951835863896e-10,1.0329456076202044e-10,2.1981999701718602e-11,6.657129582039887e-11,1.973999679584229e-10,9.451939849433044e-10,0.07797235683018305,4.275310578582844e-11,2.3538481822813576e-11,2.710805046685241e-11,0.10359824042319812,3.770131018869286e-12
0.22281674342085997,0.10267349022498895,0.10504320633523398,0.061997118372824234,3.722403065593983e-10,5.535717475927679e-10,0.015186834506980908,1.2907277437339694e-10,0.032710988576389016,3.454321072452601e-10,3.192882165667831e-10,2.0021764465410813e-09,1.4815604796809906e-10,1.6277795531787085e-10,8.303944366666325e-11,6.369798150896811e-11,5.762683313833002e-11,1.1450873666165804e-10,1.0822418096949735e-10,1.1249016089763744e-09,5.865762751695963e-11,6.082434022970883e-11,0.06911547313468165,0.07013114951116635,1.7783851564042265e-10,9.131875745376611e-11,0.07128162799459474,1.66508584300296e-10,1.8406124704257836e-10,1.8742678915556147e-10,9.187370727089714e-11,6.012119856884928e-11,0.0836440729895136,5.152598087348275e-10,3.222338163800907e-10,2.4428532381879074e-10,9.447470148884645e-11,9.275166896595166e-11,0.1653992869791366,2.1279553586622474e-11
0.14800553131586056,0.1813801320308863,0.08377489197737722,8.91036480146447e-11,1.5478971899128e-11,6.248224119787513e-11,5.057503602492944e-11,2.592673895355364e-11,1.2230636655877226e-10,6.95765759230898e-12,7.840594329012537e-12,8.082622157182756e-12,9.97600479822606e-12,1.3574066477977356e-11,4.639704006426882e-08,9.071894591570118e-11,6.273281620761773e-11,3.5889268704151134e-11,2.25227366413532e-11,0.013028544942148512,6.79989036148751e-11,0.022245188600749814,4.419299212277179e-10,1.6608297870648172e-11,0.1392197276174516,2.2387794400735124e-10,0.2116795013325269,0.017697879716239973,9.00442553921024e-11,1.6424212342613523e-10,1.5648529927245388e-11,7.236399590500339e-11,6.397227514671376e-11,7.97414308106071e-10,0.07892965180144022,4.0939098480992555e-11,1.637679730162542e-11,1.9888669492103562e-11,0.10403890160877412,4.031894076119881e-12
0.22055295959806936,0.1040557272586424,0.10417432987418451,0.0635717101480137,2.470596477471102e-13,6.56233810784931e-13,0.013485827675359666,4.049479204874658e-14,0.03740064536906168,6.462893973215402e-14,1.3132900138048494e-13,1.4281634496642624e-12,1.5518911249709976e-15,5.431697858691556e-14,8.374927186069366e-15,9.301237651667497e-15,5.793734165570593e-14,6.429891969724356e-15,1.7180449286844454e-14,1.2189173910699553e-12,6.645982710326443e-14,2.2240725155455815e-14,0.069636876836177,0.06708247876288953,8.966473002342719e-14,3.4459296762736873e-14,0.06948537153509851,4.4655517805837496e-14,5.4829954790248884e-14,7.826903534870479e-14,5.1760427040412294e-14,1.0878618281501314e-13,0.08496629336818452,4.4440290826039797e-13,2.3499984557516324e-13,1.1618694318293168e-13,6.925252595710366e-14,7.979739128239529e-14,0.16558777956887583,5.5900141378187045e-15
0.1374921574697563,0.19613803998048993,0.09014675074192945,6.13032726181396e-08,6.580316463282873e-09,1.0539025958951817e-07,3.237820711356292e-08,1.6247103650146233e-08,1.1470509501402326e-06,4.045115015101946e-09,4.08970771797253e-09,4.370514422930855e-09,4.692242168882327e-09,6.249059143664938e-09,1.9594342140635666e-07,6.476949633293821e-08,2.1107804941622152e-08,1.4422775663247589e-08,9.713031273212132e-09,2.362385646338225e-07,2.327397421777398e-08,0.03410451446990951,7.721640291147448e-08,6.648551100642174e-09,0.11456236751122878,5.5979873325856736e-08,0.21560481088730438,0.043045807812245776,1.2574121438693828e-08,5.462950495910578e-08,6.144058891589443e-09,2.1873762539822543e-08,2.5957161611318475e-08,7.531375614517009e-08,0.07696944748197398,1.500639928678224e-08,6.416398270074878e-09,7.524897185872356e-09,0.09193377885747368,1.6369839183555275e-09
0.21966293538939827,0.10715136421276666,0.11057952568327338,0.05984594570918862,2.900034303152538e-12,1.5674458951090308e-11,1.5254649184037795e-10,7.229744469860904e-13,0.04276205833219748,1.4810383929804811e-12,1.874595526813024e-12,1.219768181454178e-12,8.794141080308935e-13,5.594620301146376e-13,1.241897567777659e-13,2.967356820072118e-13,1.1217630531221294e-12,2.881364205713806e-13,5.114375265813648e-13,1.5024757008327837e-12,1.238197554045614e-12,1.4549929242977242e-13,0.0745856265441582,0.07846918081814164,5.114765110793018e-13,9.93531011388681e-13,0.07002924366382846,2.7184825729248754e-13,6.084818914982535e-13,9.650296118561174e-13,1.5162317956347643e-12,1.6757433321313036e-12,0.07276352477692105,8.348760905279111e-12,4.2629095699544885e-12,1.6217157933177976e-12,1.5676524247432675e-12,1.7905815842230397e-12,0.16415059466156198,1.3436449729265148e-12
0.12988254718243744,0.20169129818763412,0.08861271038908408,9.420829396323533e-11,1.0532843951130733e-11,5.754864931276503e-11,3.511939787117969e-11,1.772569206960477e-11,0.013364879742830703,5.5686383192895625e-12,5.9116084219763875e-12,5.84983288169802e-12,7.2291026869373596e-12,9.611389858468298e-12,3.2217261140708717e-11,3.345049265328759e-11,2.073081618969317e-11,1.649445988331974e-11,1.3477897188737468e-11,2.9400479271041956e-11,2.4453411576548776e-11,0.043720441468720596,0.05771474614107351,1.0167077808502559e-11,0.10984717686936861,2.4618703055917463e-11,0.21487739662971195,0.029770500141566687,0.00909787949776351,1.255595074843627e-10,1.1430717741799973e-11,1.5899863887841363e-11,2.0844094966759687e-11,2.1541129416809708e-10,2.2930139568403666e-10,2.7937206141021666e-11,1.1667984998889843e-11,1.49057338845216e-11,0.10142042262021363,2.321457286536852e-12
0.21803017618580267,0.10781011723708231,0.11986106138326173,0.0618203264091647,6.352338162341131e-12,3.129978703886224e-11,1.9496221204771464e-09,2.7911516417672947e-12,0.051206737450772165,3.149391602604634e-12,3.725402151648577e-12,6.688541142431297e-12,1.3481131759896917e-12,1.4512488077398393e-12,3.3026250805450585e-13,4.63694737253282e-13,2.3905568164125995e-12,6.483775713342044e-15,4.4303683661754726e-13,1.1601712454397575e-11,2.4730247415253276e-12,2.6217954371575947e-12,0.08685766337383453,0.07570314489460088,2.743669457992803e-12,1.9440015298979944e-12,0.06053682382529479,1.505551490205142e-12,2.9505714372761924e-12,2.0359715782975114e-12,2.422368936790405e-12,3.140424283314313e-12,0.05937352840878311,1.4113641103932797e-11,7.334053464633372e-12,3.172113209578498e-12,2.4328219851325187e-12,2.700074735506404e-12,0.15880041875786452,2.8467808725900414e-13
0.13877629116848433,0.18620576486887336,0.08455946931813714,6.470455518931551e-08,2.6217009971918125e-09,1.0399610934845985e-08,6.545244502372634e-09,3.875675701926608e-09,0.00528633743794529,1.4049147040294295e-09,1.4614720476913699e-09,1.4497940074528184e-09,1.7506551195870408e-09,3.1233462088800705e-09,2.1805927589295257e-08,8.963342951481298e-09,7.125027405636059e-09,5.434597638496884e-09,4.131638532704496e-09,2.3323652650321492e-08,7.933047351039427e-09,0.03542715826744979,0.08133076034850012,2.4238500968262628e-09,0.11369250038093767,9.86173936246579e-09,0.20542897994299164,0.04279438728074071,1.786262333970581e-06,2.8303843052661308e-08,3.862622427735331e-09,7.603096821918724e-09,7.661043490708052e-09,3.614798215973324e-08,4.712513289108555e-08,1.128003495549308e-08,4.086971230573653e-09,5.397103265952986e-09,0.10649622438442988,5.315528013951158e-10
0.22607162040359163,0.10694731983678632,0.10864739867193242,0.07202278231613318,3.6210839673156577e-12,6.947361691141733e-12,3.8021589999391436e-11,1.099294444679749e-12,0.058357316062846595,2.0150235025334042e-12,1.947232074352413e-12,5.364290386642376e-12,5.644952488912382e-13,1.2602075274907825e-12,9.349122842860326e-13,5.481830679338872e-13,3.104102310520409e-13,7.690467790162765e-13,6.8260776634302e-13,1.502689665132569e-12,2.8652580916056084e-13,5.02223589659369e-13,0.06837163185788125,0.06967102712145115,1.0965416175936954e-12,1.750689866803117e-13,0.06522794955515393,1.2887619407459461e-12,9.506265967447668e-13,1.3825050480421967e-12,3.3096817718669785e-13,4.833987030283418e-14,0.052782027450969576,5.350122540080413e-12,2.9988264976400816e-12,2.675382638093005e-12,3.707528807107634e-13,3.2240168742516276e-13,0.17190092663946926,4.1716797387363827e-13
0.1426973981489135,0.1882012110033111,0.08144349374192777,1.2257923572191227e-10,4.913541650019767e-12,1.0713179140771937e-11,1.3055541964082994e-11,5.557508037140054e-12,1.8666705859247164e-11,1.9915521310268488e-12,2.324955169774185e-12,2.0211838208949327e-12,3.0521285717750084e-12,4.575661690166995e-12,7.899407993987427e-10,4.8843677221120066e-11,1.682886640329613e-11,8.90363604144258e-12,6.02677157482693e-12,0.0029556358240841497,1.5584714174826215e-11,0.026382185907534834,0.07711958250317433,3.575442097167513e-12,0.13227465773841515,1.4235104856668013e-11,0.1899018873013245,0.04907326930068069,0.0007193801725275885,9.005781579657481e-11,6.035918552006389e-12,1.8797195565966593e-11,3.052680942289142e-11,2.8586024350417465e-10,2.9933550152423365e-10,1.1301046938151923e-11,6.740942589625886e-12,8.951082846469296e-12,0.10923129650640985,6.997592310941832e-13
0.22297243101121578,0.09514894980028003,0.12154489512922814,0.058853223598389466,3.1942584138836314e-11,2.2430763947930168e-11,1.0929173805794424e-09,1.0924679820072519e-12,0.05274792391489428,1.325581504699991e-11,2.4324714964680158e-11,2.4990843373648255e-13,1.696484514720285e-12,8.904777385517303e-13,1.1480849205073691e-12,3.1742889921793083e-13,2.233452202256324e-12,4.2187912199894735e-13,3.422334230791838e-13,6.229353572879098e-10,2.497523820122417e-12,9.261924480723897e-12,0.07726697864761263,0.07648536501492031,4.6179882406022625e-12,3.0899254519525284e-13,0.056768884566616065,2.3549037592711624e-13,6.9300581838218516e-12,6.173960072224296e-13,2.1929107890957698e-12,2.5592681364870866e-12,0.06666858487636382,1.0594599727046925e-11,4.454182352830638e-12,1.421020017427156e-12,2.099176792093258e-12,2.3887014268101197e-12,0.17154276157366696,4.3414521578988873e-13
0.1384704593924371,0.18919826578647464,0.0867272988485383,9.205680594683346e-11,4.8199087960449505e-12,1.2018405978998918e-11,1.4017814228405221e-11,5.7062072666379975e-12,2.0907679360239102e-11,1.6108613902773848e-12,2.1528469362858494e-12,1.5406608526544863e-12,2.6957243352722433e-12,4.036074829860064e-12,2.873908250049158e-10,5.585306756238874e-11,1.7006669038599134e-11,8.160569406469161e-12,5.5624723485974615e-12,0.004047146285696843,1.464420996781502e-11,0.03172715836528957,1.7526623420162643e-10,3.623239403019596e-12,0.13373636588726118,2.4185579085427727e-11,0.18877592389546297,0.05250674540673643,0.005684135761389739,4.9754415864131706e-11,5.1741620167406325e-12,1.8438029242558474e-11,3.5065589656871015e-11,0.06599906394925023,1.5404065071846984e-10,7.776436620382435e-12,5.576527262073057e-12,7.501426507911814e-12,0.10312743538473368,1.462803103077697e-13
0.22173208478031006,0.09788523293877431,0.12040204287747157,0.05870488743406154,1.4439189000104912e-11,2.009138165525175e-11,1.5053218617881492e-09,1.4989515941583529e-12,0.050205985687299795,4.649999671792894e-12,7.836691632974232e-12,6.023031123939334e-13,2.4308104838501584e-13,3.590942055240296e-13,1.0776183754825677e-12,7.802266410093184e-13,2.1587388546881474e-12,2.0223693633578017e-13,5.895803690400314e-13,2.0621153146638145e-11,2.172035547943236e-12,3.732757860128647e-12,0.08137890155602558,0.07764520582417053,3.924484040229007e-12,7.616994246744e-13,0.058476148987787725,2.12251223768299e-16,4.6345895207799015e-12,7.61098042480711e-13,1.7780342945452826e-12,2.2027065772813876e-12,0.0665842071561155,9.3507448344168e-12,4.326484559118893e-12,1.0869835415023254e-12,1.7768663106081745e-12,1.8751985730443644e-12,0.16698530113895263,1.747645367794033e-13
0.1292296834119377,0.19603142022714606,0.09380870115564714,2.7375002882718227e-10,1.3590694081817523e-11,6.461765988975448e-11,3.110125432590149e-11,2.0204741880925382e-11,2.1633013918914152e-10,6.1730321629133205e-12,6.147421757903575e-12,5.882161088293611e-12,7.926298938086759e-12,1.0827400439572942e-11,4.7036231377950605e-11,2.8773526760764964e-11,3.072346411381896e-11,1.7101221285048247e-11,1.4021782150976978e-11,4.28012218938455e-11,3.860999011920385e-11,0.029902487061651155,2.7948846979362794e-10,1.393507865906649e-11,0.1253623868219501,7.351010839520381e-11,0.19548333605284263,0.03589084398423702,1.3956643643106214e-10,1.1379131624882105e-10,1.288151043133397e-11,2.1444447909501612e-11,2.4750442079221212e-11,3.5422352072372457e-10,0.08365704753887812,2.7428691149674315e-11,1.3195486760173064e-11,1.6892593246650883e-11,0.11063409177500332,3.980299790317365e-12
0.21850139407924568,0.11748243662815286,0.10940436585684718,0.06424614845502563,2.465164694835319e-13,3.916137949395275e-12,2.219370405956358e-11,1.9117917954619702e-13,0.04320222138767868,5.632804880088038e-13,3.976396896279591e-13,8.520738179604024e-14,2.678321633391603e-13,5.0573762176526135e-14,1.1941605956719735e-13,2.0371881859809807e-13,3.2124393282666254e-13,1.6018197176287256e-13,1.8716294070185279e-13,1.0260662745990508e-12,3.405250491110595e-13,2.069717759609498e-13,0.07418107905032133,0.07243522695030896,2.51577530922517e-15,3.139991461726959e-13,0.06974807255362178,8.951586519062615e-14,1.612931944738302e-14,2.3026139368685616e-13,2.689257973293608e-13,3.479325916955174e-13,0.06732742428662174,1.735663680869812e-12,8.910872331107344e-13,5.879104484978883e-13,2.3822988034431565e-13,2.7922421639541853e-13,0.16347163071661314,8.431382287346942e-14
0.13579224952890914,0.18675955130651886,0.0848806899617941,4.870080621554452e-11,6.090067663871512e-12,8.437574292802253e-11,2.2584685369058952e-11,1.3637495962404151e-11,0.0063323153889078415,3.2380131856658636e-12,3.4653484357814243e-12,3.52393846836965e-12,4.1802136537585965e-12,7.180004150533313e-12,6.040154869607832e-11,4.0098493091579516e-11,2.222118512144856e-11,1.4726343179481885e-11,1.104347285600434e-11,1.029317971092951e-10,2.154985696767978e-11,0.034854468119004105,0.07837473150736113,6.950007926384589e-12,0.11753435332212239,2.4505570037001782e-11,0.20316817513015284,0.03957000232589028,1.138677991623179e-10,1.1786284851065174e-10,8.040869090882807e-12,1.4971692755069807e-11,2.8691240401919552e-11,3.072913779252619e-10,2.931995632459397e-10,7.71617453811338e-12,8.394947489356253e-12,1.0076183277423887e-11,0.1127334619968198,1.0021802773240583e-12
0.22174892941977964,0.10711942678558409,0.110084358753517,0.049808385593251556,1.201503664739457e-12,1.671899750861535e-12,0.01469106978524733,1.5186921696109386e-13,0.04527132445596733,2.765714381412289e-13,2.7215913117099625e-13,2.568369510085628e-12,3.1611621220897767e-14,1.6929368090279463e-13,2.4136199747925485e-14,3.723116968731346e-14,1.0272110606155383e-13,3.557677103205566e-14,1.3093626008381301e-14,2.993950125549221e-12,1.0846928799752283e-13,6.505684331656922e-14,0.06902331498493294,0.06874894858696881,4.0205307554753237e-13,4.0376880301652705e-14,0.07492638080398074,2.1421061480072808e-13,2.8196513247919955e-13,2.0104093673741009e-13,8.080941830918447e-14,1.342993661629726e-13,0.07616886332934006,1.1003390450918907e-12,5.883003987974814e-13,3.696969487946692e-13,7.54648907320167e-14,8.88233641728554e-14,0.16240899748801213,1.1736921060916075e-13
0.1351590276183239,0.1877131178434785,0.09136069472616097,3.3807569918599754e-12,8.042912366446013e-13,1.0987522135985468e-11,7.054910130319026e-13,2.7051917416162202e-14,0.006034793314019723,7.008554005683271e-13,3.8522753448061215e-13,3.9540901771827497e-13,5.81636776672152e-13,4.995002403367958e-13,3.785739761485357e-12,4.191420057951521e-13,7.264104129794828e-13,1.9366923342191285e-13,2.3242919565894756e-13,6.445801170438639e-12,6.516707341886173e-13,0.03945976352909212,1.2334903332907837e-11,4.240920995093804e-13,0.12188925598632831,1.9956363782525292e-13,0.20280011786874855,0.03148706801055975,3.0170185541036355e-14,2.8846103859986417e-12,4.4549606689604124e-13,2.6140004217404552e-14,1.1068519379218752e-12,3.0052997010693055e-11,0.07568355574356864,2.926670143185988e-13,3.488687323594057e-13,2.1506963779320756e-13,0.1084126052797108,7.247718102431536e-13
0.23151974940999137,0.10354118770897192,0.10475976400037595,0.04015935329260793,8.205950652708358e-14,1.1121652384273381e-12,0.017763257149737668,2.644678973089232e-14,0.01820997699852237,1.293423583844904e-13,1.639458945962782e-13,4.337159893890776e-14,4.0871350543005895e-14,1.6349093517503404e-14,6.66771496741567e-14,7.205132072633421e-14,1.0098455375873974e-13,2.867855030478562e-14,4.617992857564305e-14,3.7857604092520287e-13,1.0283310451571874e-13,6.060574193238126e-14,0.08527827610673777,0.0686197101851328,1.0126369504354762e-13,7.20481037667791e-14,0.06610893754935242,9.812303322087381e-14,3.585418139939854e-14,3.1718083548585524e-14,5.191577071328858e-14,7.836562413186417e-14,0.09407299345176807,3.8170623900915386e-13,1.9952713179805102e-13,9.445786915178539e-14,4.9881918852828475e-14,5.689900363176105e-14,0.1699667941429975,8.118245318116459e-14
0.1378953566145134,0.18129835301513977,0.10205343477718797,8.457291661903086e-11,1.0342165711607845e-11,1.1193873065197268e-10,4.751808777111509e-11,2.1420994479761835e-11,0.004153613200177905,5.515383046220801e-12,5.955476494517472e-12,5.8045312536995374e-12,7.361527473892155e-12,1.218554541359456e-11,2.9790038908084926e-10,7.878553230630872e-11,3.898614551791281e-11,2.8824949259871828e-11,1.8788548608241804e-11,0.00746053655067313,3.796252231817884e-11,0.024425048076994648,0.08284290801117902,1.2262573255023653e-11,0.116243990794741,3.057826112558433e-11,0.19924758456048197,0.043178911920859396,1.605659245235492e-10,1.6850947447292786e-10,1.3507899819562256e-11,2.934661709354295e-11,5.022711327040587e-11,4.3759535119631884e-10,4.0065530267919503e-10,3.128425457029056e-11,1.3815819487005425e-11,1.697164417387731e-11,0.10120026029574972,3.118426659693271e-12
0.22617370328738814,0.10907571627127835,0.11474963900134176,0.05696998416585374,3.1684001710829165e-11,2.3041657723556617e-11,0.015995973708969876,6.534883407964074e-13,0.024483029180658627,3.88101354532219e-11,7.65999729360258e-11,4.8788062884287236e-11,4.697055031322709e-12,8.377213033022794e-13,1.4334358412905483e-12,7.354151177706655e-14,1.057007069715355e-12,1.8320175571887186e-13,5.115919811173172e-13,5.019003345444698e-13,1.1921814388515753e-12,2.4478523249962634e-13,0.07730583631941165,0.07541790181909319,5.519743205247758e-12,1.0568164941598615e-12,0.06440799669106534,1.0193822114531437e-12,2.0139953524939735e-11,1.1558521905096254e-12,1.4853645759809395e-12,2.3880444183361422e-12,0.07497258496692691,1.1048740255338518e-11,5.017747661786824e-12,1.7051392502561294e-12,1.3870117825630464e-12,1.6197813670245287e-12,0.16044763430412226,3.693609266885114e-14
0.14686065529680634,0.19458755301975506,0.08697698384575074,4.237893784127066e-11,7.056707888191769e-12,1.023047163518288e-11,1.4667032532459633e-11,8.472603468546935e-12,1.2901040162018826e-11,3.9524202615098785e-12,4.1832188821682145e-12,3.874863586595204e-12,5.190636122457668e-12,7.488171066566822e-12,3.144788427772436e-11,1.462105927687058e-11,1.9520044964542594e-11,9.140639131450768e-12,8.018761794932765e-12,3.254315363466525e-11,2.3215955692105566e-11,0.04767638849994317,0.0589616223179086,8.930203104147228e-12,0.13991306126706002,2.480513056540189e-11,0.20578863079992127,0.00045133271675026627,0.027702844932070904,5.7386584333373446e-11,1.1286738005319198e-11,1.1145401507358104e-11,2.1365180284948482e-11,2.6107324784910274e-10,8.772876904091739e-11,3.246280581836999e-11,1.0865522833567013e-11,1.3311118549808626e-11,0.09108092650308912,1.6802077661105774e-12
0.2239717582802014,0.1124216142585237,0.1112097834959378,0.050477026683339435,3.202075894491663e-13,5.24421522001814e-12,0.007903565238426585,3.4098956789797564e-13,0.038721895530821095,1.167765186115067e-12,1.1357842060489134e-12,1.501175192981691e-12,6.228823496442732e-13,4.7275207426429503e-14,5.99815652061392e-13,4.412442872098092e-13,6.527136155437552e-13,2.874393043703821e-13,3.423169156401087e-13,1.1355563377471004e-13,6.703265796836729e-13,4.644834826562777e-13,0.05869210336933091,0.09179630187592715,2.266837816574254e-13,6.617724380734694e-13,0.08076628268966521,2.410900699251147e-13,1.9555012318875416e-13,5.858389616753605e-14,5.964297340414878e-13,6.882085490196799e-13,0.06069766262525029,2.3867521808935093e-12,1.0635440919584e-12,5.574286921932931e-13,5.851118875302988e-13,6.436398512260108e-13,0.16334200593041223,3.072313490699674e-13
0.12706355260667343,0.19171511558029314,0.09950534327197892,5.413619763776642e-10,5.817193841524008e-11,6.420553247741029e-10,3.1245837226028075e-10,1.2976518150202657e-10,0.0008437043830727344,3.3270204995136347e-11,3.527794776741698e-11,3.566962187622635e-11,4.187553316877303e-11,6.749139010175615e-11,2.2054723357703975e-08,4.753067356750406e-10,2.2294015546282865e-10,1.53534153666002e-10,1.0399531839609873e-10,0.0003746435168664859,2.1661486782670756e-10,0.03134250594202817,0.08002754831442808,7.594623000455923e-11,0.11947229087722665,1.7513376658821822e-10,0.2049979024220184,0.04127104468457768,7.052666224754583e-10,9.287032439070474e-10,7.931713571547681e-11,1.7355601716294973e-10,2.877209085557086e-10,3.964946347159974e-09,2.7759483983610967e-09,1.850160686443616e-10,8.111882601806593e-11,9.859349945737927e-11,0.10338631373160159,1.345571210499659e-11
0.22154127860052614,0.10860211343728735,0.09988973293938601,0.058593162017253404,1.0968937611430706e-11,4.5594488476042294e-11,0.016354707333205643,3.054279879961311e-12,0.03551011287506566,5.593127173004906e-12,4.540805171977927e-12,2.4162495613967336e-11,1.4480083275099786e-12,2.7618288924325203e-12,2.547915429041326e-13,8.522908707266573e-13,2.5799967595100196e-12,1.683308785369932e-13,4.669991011427435e-13,5.078069640819197e-12,2.7529602968003085e-12,1.409195715666079e-12,0.07747728999136294,0.07321196993128215,2.727787500903306e-12,2.604215562596174e-12,0.0666555294184983,1.8949775712525143e-12,5.722339248173553e-12,3.155369753271581e-12,2.4667588708360896e-12,3.361215177924217e-12,0.08227928350665145,2.5487196487804926e-11,1.2790783699381101e-11,6.3355160340802546e-12,2.0912157149109504e-12,2.353479658756674e-12,0.15988481976429086,2.5127624115616234e-12
0.1332031910579888,0.1925247301434204,0.10020326529471645,2.5363362342544756e-08,5.660892658075873e-09,1.1658149236774591e-08,1.2643650168459373e-08,7.909815133556019e-09,1.3139686684343989e-08,3.079561768169552e-09,3.2721704326363226e-09,3.177202641529542e-09,3.983866691353348e-09,9.687921800290122e-09,1.556812655688865e-08,1.7103521384529418e-05,1.485242435991552e-08,3.426386015523609e-08,2.332095370653496e-08,1.4321004143233848e-08,1.5915559830472616e-08,0.02741749727079588,1.010291313576066e-07,3.508286997551257e-09,0.14229528402824385,1.8040756288101708e-08,0.2015562368230414,0.03638966380206624,0.0030279131041009905,1.1689991761561571e-07,8.332937414851383e-09,1.7811078393653597e-08,1.2336260110112239e-08,8.91450329690586e-08,0.07295709435280827,1.7292693605450524e-08,7.519983668178584e-09,1.1549989596793204e-08,0.09040739799189022,1.3252664695901542e-09
0.2163812954344475,0.10638013607246335,0.11644985040070932,0.06242927233503271,1.677957581459449e-14,7.834296972269274e-13,0.00926427990215662,1.9960122913940568e-14,0.041570459246528815,5.530572226025829e-14,5.0997001235840205e-14,1.7584802896458153e-13,7.74765955139807e-14,2.851418097573583e-14,2.6539661329928797e-14,1.0832931361615604e-13,1.5220664269083783e-13,7.749188053454867e-14,9.500039734257944e-14,3.965969112216322e-14,1.5593988167562595e-13,7.608874414965529e-14,0.08380785372928334,0.07587888292256814,3.446012654089015e-14,1.2605592981165135e-13,0.06382988422286913,5.70467247018272e-14,1.3778107961305093e-13,2.673099083914798e-14,1.424408242969172e-13,1.7114589421390339e-13,0.06447716440590262,4.637187593525488e-13,1.911907943980375e-13,1.0593702552782725e-13,1.3680758036882176e-13,1.5335827162386683e-13,0.159530921324341,1.0985891869073969e-14
0.1455091711105954,0.18213522250206415,0.07274619765307644,1.917553722113978e-11,1.7710048879209253e-12,3.557342140681708e-11,9.02266019605475e-10,1.4268775209472398e-11,8.15684079478984e-11,8.815740000370335e-13,6.455656376739546e-13,1.3911251364481677e-12,1.299536254130258e-12,2.4091581601283455e-12,1.1468703547320301e-11,8.92520459155513e-12,7.659425329306678e-12,3.825348604597008e-12,3.000871259162389e-12,1.101621200992671e-11,9.240062238695185e-12,0.03509655509485467,0.07746739009059361,1.751105125931989e-12,0.13102603739986207,5.528923984028282e-12,0.19521717649524925,0.05000232852964719,2.0124048719222306e-11,5.791983917891279e-11,2.7026840087977394e-12,7.302005448827867e-12,7.50953025015846e-12,2.1460459291182784e-10,1.7310936970021054e-10,8.311454861383856e-12,3.201735987952013e-12,3.676767088038713e-12,0.11079991950039876,1.530474122343992e-12
0.23098402515095182,0.11952864736431283,0.12928138872680173,0.08063467538456803,1.9915494772908246e-09,1.4832087808224258e-09,0.00044394965614592076,2.9595195994699446e-10,0.03544847501634425,7.141220877069279e-10,7.268639571738448e-10,7.561077397170419e-10,4.4267934420785115e-10,5.299239071928958e-10,3.523544420631933e-10,3.036720513480362e-10,2.185525979334632e-10,3.412167895529201e-10,3.25742310580238e-10,1.226508095669607e-09,2.082083271797927e-10,2.826310048854986e-10,0.1035084575755423,0.06949273497251265,6.068468200754858e-10,2.7230908555503465e-10,0.04975769072404696,3.579403843226086e-10,4.1484533415104543e-10,3.6675645774797073e-10,2.0661613120310808e-10,1.6703860486952951e-10,0.03206860016194216,1.086297968249037e-09,6.904019235687983e-10,5.211299531866633e-10,2.0656202446553173e-10,2.0758185544699712e-10,0.1488513399130062,5.020586353117548e-11
0.13773746417082902,0.18684743052274644,0.08386316673546383,1.3536421829446565e-10,3.752558254091069e-12,1.1855303430863105e-11,5.39343544517143e-12,4.267928046739036e-12,2.540488647411552e-11,1.2468945623626898e-12,1.402213087301509e-12,1.2809555785063935e-12,1.9835902651831172e-12,1.9639788521132352e-12,7.028153923616821e-11,1.0710202266662594e-11,1.2271597457781601e-11,4.380408727575795e-12,3.264710536777483e-12,0.006061622643115123,1.1376625801804033e-11,0.02562953492203177,0.0763637221897823,3.969431921708407e-12,0.12743009969051394,0.0016444862797662155,0.1850755252451454,0.046430369100233376,0.01271039430839938,1.5631276977978086e-11,2.49896043619814e-12,5.919498256993073e-12,2.5246501750390783e-11,8.456257984836205e-12,1.3520597816448154e-11,6.896587020318375e-12,2.5163820083468927e-12,3.16257022413072e-12,0.11020618379674335,1.2108146423869681e-12
0.21971745152530417,0.10153486401936335,0.12439390398183657,0.05254720712681202,2.4586101387211852e-09,1.7355595976267388e-09,9.504426293382025e-09,3.323841350693069e-10,0.05936506760340036,1.007066183896237e-09,1.0907562725595338e-09,1.860273249260791e-09,5.332475546326865e-10,5.447852494140854e-10,6.580526891872325e-10,3.6295397251652106e-10,3.071206751419557e-10,4.3384280598973815e-10,3.9047560439552246e-10,9.23579698690208e-05,2.9815408402946997e-10,3.874964026584817e-10,0.059835057057659596,0.07280268899211031,8.068054335198721e-10,3.3016605738366343e-10,0.07105469539962019,4.3867619894522334e-10,3.4331127248626095e-10,4.3333803689867875e-10,2.2930533474246873e-10,1.7851497886262293e-10,0.06482712303488768,1.5023396495193118e-09,8.407501431031325e-10,5.989197118630553e-10,2.2529775561157758e-10,2.2683814262551648e-10,0.17382955517229423,5.737485804786879e-11
0.1358000350665091,0.1868416077471853,0.09030228343751173,9.049922507672818e-07,1.5646091023579852e-07,7.144020521712674e-07,3.471836370838811e-07,2.3330069885756574e-07,2.072750920228016e-06,8.90004784529931e-08,9.410636362433446e-08,8.946647052435081e-08,1.111170567154221e-07,1.4261114354066814e-07,1.249356220389014e-06,3.717801102766979e-07,4.087444184363258e-07,2.9053732389220917e-07,2.0197174984821286e-07,1.1690348387407995e-06,4.3775570645529965e-07,0.0352782841978799,0.07467234036882729,1.662400844012585e-07,0.11634714823360601,6.892080843148636e-05,0.21017939873920438,0.04362799907440736,1.4759433581424054e-06,9.199195108439871e-07,1.676348375636853e-07,3.8587658630591555e-07,4.4600961753043167e-07,3.3472794144205758e-06,2.3417342400278116e-06,4.3314426545148676e-07,1.755419313995283e-07,2.1340434700106216e-07,0.10686278790835992,3.711753419300528e-08
0.22515850893847536,0.11391024118839989,0.11875100564993121,0.063688078381885,5.746776461382536e-12,2.490982204450263e-11,3.4161757874885076e-11,1.1483902681573357e-12,0.05096711029481247,2.291655366286468e-12,3.2397507274882597e-12,2.7456218445843616e-11,3.2983757803202776e-13,1.8095239530925943e-12,1.1453173596380941e-12,7.327339557459506e-14,1.7292333496004465e-12,3.748897213036848e-13,4.084650475866181e-14,2.948717634626045e-11,1.9484814137251133e-12,3.79725268966657e-12,0.08611891413778369,0.07488466348644798,5.555278025648404e-12,8.863451912629811e-13,0.05989898071362677,3.4648538684921213e-12,9.450793041973845e-13,2.8484510426902956e-12,1.3881280465000138e-12,2.81466689851665e-12,0.05411633010283557,1.510492751405805e-11,8.14600238355981e-12,5.110159508732092e-12,1.5773755370442006e-12,1.7181171544252306e-12,0.15250616691575683,7.956260072905326e-13
0.14162059053737797,0.18844626945335682,0.07891173196778697,5.044773507671016e-11,1.178042989928857e-12,6.444235554070872e-12,7.843675928589135e-12,2.452237572033559e-12,1.3394598594073587e-11,1.2199892502374557e-13,3.91937930763378e-13,3.0576498142216004e-13,5.915464061796054e-13,1.240249887949251e-12,2.6491974547648876e-10,1.604447364979286e-11,7.407738104055602e-12,2.752578875512074e-12,1.7593115900422197e-12,0.012244267209872229,6.177498314970343e-12,0.015234675703367465,1.0457428077858392e-11,1.0477050178966573e-12,0.1268624323932804,5.043594815263104e-12,0.19149538278514908,0.04933893092634098,0.004523249162939912,1.2302865904353686e-11,1.5872185020764967e-12,6.08619653160258e-12,9.991091366303524e-12,0.08415957028851928,1.8468783948129324e-11,5.253495372915247e-12,2.139910035135534e-12,3.0190342905077066e-12,0.10716289911294663,1.9166082080302228e-13
0.21722957203410348,0.10666728225570288,0.11826713184063181,0.06068787465223331,3.1793677193370847e-12,1.5594831690608797e-11,1.0380863432927113e-10,1.0668523787905176e-12,0.05721815795438841,1.3099649717527046e-12,1.2677015786860245e-12,3.839532953808437e-12,5.888816488181058e-13,1.6670341203470582e-13,1.3734755277361894e-12,1.0756078249190709e-12,1.5512503172743064e-12,6.280461011712396e-13,6.718284349082484e-13,5.352544176973852e-13,1.5673309626965823e-12,1.3324982204604387e-12,0.07112342919654127,0.07187983767681126,3.2310372023301924e-12,7.007979206939185e-13,0.06910625218356521,1.4065977823708439e-12,1.1642339679150781e-12,1.5691974480161377e-12,1.0409516629061714e-12,1.488788645482444e-12,0.058915974334707695,1.1134993991363096e-11,5.036942131010046e-12,2.1901969656849713e-12,1.0726209684858086e-12,1.1998148014624697e-12,0.1689044877000676,4.5308743420553165e-13
0.14913213802548167,0.17993804623327894,0.09310491484648796,9.64331782450543e-10,8.137972603564987e-12,2.070576346249168e-11,7.973077081330935e-11,2.3298249272173564e-11,4.565148138729858e-11,4.2158718501961716e-13,1.4595898940907263e-12,1.6667233486262357e-12,6.030044694595161e-12,6.644211951814706e-12,9.11302747354496e-11,6.967318894084971e-11,3.561678210571776e-11,1.8037252300206808e-11,1.1120994810880925e-11,1.0663843586051355e-10,4.337592070405379e-11,0.0156139846606014,0.08627397536782448,1.2890861502014333e-11,0.13922911660158857,4.898097204717344e-11,0.19709667853783025,0.019022505558669987,0.015760516068729722,1.294236753937881e-10,1.1266845535062047e-11,1.3162439190699503e-11,3.735043418987555e-11,2.576127293649013e-08,2.24052487700308e-10,4.066263829287926e-11,1.48109326159042e-11,2.003745954388915e-11,0.1048280962484266,3.4977576849804423e-12
0.21853815638280563,0.10679414408425823,0.1171859635448854,0.05019952421684654,2.8341588914583445e-11,3.704325564156443e-11,1.806937303961336e-11,9.81623244858138e-13,0.052845063605294465,2.1812086800552127e-13,2.6799617193716065e-13,1.8642933879941998e-13,4.556254411086456e-14,1.5454394195934597e-12,1.175773330632211e-12,1.1190204145784028e-12,1.6514624276909667e-12,9.937987124295642e-14,2.1067823050688263e-13,6.0440478447050035e-12,1.6752578177591691e-12,1.8040282406363746e-12,0.08105720004622968,0.08557095030540582,1.7529923343500733e-12,7.046533278698351e-13,0.06593463465590021,1.6588646061186345e-12,2.502394690522425e-12,2.2682950028526094e-12,8.130459673579148e-13,1.7500519572793242e-12,0.05834360752794548,1.3550063264675648e-11,6.817269931278398e-12,4.7277580690965955e-12,8.281792986550991e-13,6.265495307776968e-13,0.16353075548969437,2.254959443146509e-12
0.1290533613115496,0.19106285722590585,0.10507817225474829,6.56252209623055e-11,1.8903372251702124e-12,4.5468041217694375e-11,1.1473243860743272e-11,4.655015997363568e-12,4.0644350631122756e-08,9.511404912907305e-13,1.021656531785731e-12,9.764314954200207e-13,1.4190524830806146e-12,1.92153236930244e-12,2.0042477704007633e-11,1.0636380628912733e-11,6.015943991780739e-12,4.152302333022074e-12,2.954651383482125e-12,3.628580200084127e-11,5.944967249979934e-12,0.034368568933178,0.08606884206469617,1.7177710894159024e-12,0.11085898623696709,5.024559984960818e-12,0.20102276270262295,0.03930689301088552,6.231976049403216e-07,1.1387023267172733e-11,2.577285771892384e-12,4.137881781333384e-12,7.956348124114308e-12,1.79100584927888e-11,1.6514881161488532e-11,9.334185279022683e-12,2.866141967949738e-12,3.844030916844776e-12,0.10317889211211952,6.671818416199167e-13
0.22744544571098754,0.1129091360038181,0.10112627345694208,0.05998651600349388,1.1542555010365728e-12,4.450228051265672e-12,0.018095461156923447,3.380484443560179e-13,0.034383234740419856,9.021172448460102e-13,7.447824864581829e-13,1.1888703173824505e-12,1.808497177156239e-13,3.241201898300131e-13,3.425024124658027e-13,1.7259595551725488e-13,1.1702484792021827e-13,1.9651981149051926e-13,1.6608689519626792e-13,9.032232649147978e-13,9.784631286304444e-14,3.2864164328737555e-13,0.08169632665734992,0.08000616984693784,1.0663697910992547e-13,2.4512272989106307e-16,0.059464121734992464,2.2930256853044167e-13,3.638623285868867e-13,3.335509161113171e-13,4.654352341452301e-14,4.305336449710414e-15,0.056543369841436854,1.6240510457633503e-12,8.617006481966615e-13,3.2896763236835153e-13,4.2562247749967756e-14,5.6639230950811725e-14,0.16834394483105344,3.840965283383447e-14
0.13615402812469826,0.17557772969781135,0.10193492583191524,3.526168654950562e-10,3.34816352748589e-12,9.3538747849319e-11,3.182343141305564e-11,1.332042507340897e-11,0.0024672492969576095,1.0805702780094336e-12,1.5450783134046179e-12,1.4269183711612842e-12,2.4843291669718298e-12,3.973070777678808e-12,7.626587159760214e-12,1.2272651685047099e-08,7.938245756165574e-12,2.506484471330037e-11,1.349366318433706e-11,7.286249499851994e-12,9.803625562293785e-12,0.0353652885477978,0.0719081799891013,1.3154993101216063e-12,0.13543428357989856,3.305342149625628e-10,0.20519152601256196,0.051864105859624955,0.008954828583896826,1.0207660554917495e-10,5.159051647065223e-12,7.323111794012986e-12,4.8457627878116736e-12,6.364596115074805e-11,1.103835253120644e-10,2.3632972197244387e-11,4.586731831574256e-12,8.564369593285749e-12,0.0751478409626694,1.9764774490959334e-12
0.22657113256096004,0.11040005630536984,0.08361405544874398,0.06290042547896854,2.344481467116706e-12,1.1788099454966929e-11,2.631311443692972e-12,4.3000066222562813e-13,0.06218300892731553,1.6882986414600428e-12,1.7009136746910559e-12,6.95782632668627e-13,1.3540830804242908e-12,3.806960721335327e-13,1.1076209300472281e-12,1.738483674941936e-12,2.1839398642812082e-12,1.1218169208895166e-12,1.1404211078472693e-12,2.3823858683909097e-12,2.193246212543771e-12,6.45642008183619e-13,0.1125330816773123,0.06606416389720632,6.62630943739625e-13,1.2535763194105442e-12,0.03642394010608406,3.4721742635446543e-13,3.1716757661594954e-13,5.83742132036221e-13,1.5009244330035399e-12,2.488136933544268e-12,0.07686843448318668,6.645037946726345e-12,3.5735518354498988e-12,1.2237186516311988e-11,1.5019206829117611e-12,1.5113473329872514e-12,0.1624417010461802,5.228938860812888e-13
0.13022644668292477,0.1969609745294663,0.07391656487255494,1.8330688024055368e-10,4.146852667308147e-11,7.767618114966122e-11,7.035426943423443e-11,4.96282078891027e-11,9.958200916488224e-11,2.3392660404007997e-11,2.4118902025765147e-11,2.524465234742901e-11,2.9669534007029725e-11,3.8232661187475514e-11,7.307239223640967e-08,2.53112422488026e-10,1.7778559328065116e-10,9.031678624957788e-11,5.7581056203302705e-11,4.881123067256946e-08,1.817253849735755e-10,0.023245785967582658,7.74618193822554e-10,3.8805793313343365e-11,0.14397873591573584,6.512240659411576e-08,0.20703196472020438,0.04162369908921632,1.5767695839669887e-10,3.92828566953296e-10,4.6142972789473247e-11,2.2326040762069255e-10,2.401420190971353e-10,9.283407664350789e-10,0.07542890054138911,1.194472038325e-10,4.757506975092023e-11,5.4890281661861767e-11,0.1075867362136506,1.4321652127576626e-11
0.2181840067501818,0.10954555859360984,0.10679986099498998,0.05651736484085833,2.347002968428672e-12,9.245566970793945e-12,2.225912966415818e-11,1.4997233963329562e-12,0.05230454302586207,2.06921597061414e-12,1.0748484815870853e-12,6.8519969106056705e-12,8.350985492370596e-14,1.4705124473748958e-12,1.6248548088897684e-12,7.422701510896899e-13,5.263832900495272e-13,9.169911819908719e-13,8.846938812357744e-13,1.1534361525306736e-11,4.802746072497719e-13,8.619995319914116e-13,0.056299237223762504,0.08953703491974815,8.732532183356966e-13,9.327361861744422e-14,0.08165680366467959,1.5632733641738361e-12,1.8065585270452e-12,1.523572349634559e-12,6.883950078523774e-13,2.6938009745537293e-13,0.06286506439513144,5.312816215998979e-12,3.0907105794130314e-12,2.2653005552714956e-12,6.323927583551029e-13,6.654779160448758e-13,0.16629052550770043,2.1810661659937568e-13
0.13481686524691286,0.18200382811664803,0.10426296182428314,2.0918302051889802e-11,1.5049300982977813e-13,7.407598277908388e-14,7.388646895946279e-14,2.707583676201425e-14,7.664369361913727e-14,1.0798228676856415e-13,1.0048879187482374e-13,7.127346633376441e-14,3.000149045377953e-13,8.940524051588192e-14,6.415622448539457e-12,3.3948903472661686e-14,8.39955833879107e-13,1.208604323598587e-14,4.672530733491658e-14,2.2415275293798118e-11,7.943921505936299e-13,0.03495775648746264,0.08553828946589538,1.3553584266696462e-14,0.11158465954539894,4.115241936233059e-12,0.205599587496047,0.039240506871295745,3.233701698422338e-10,1.5867427559259095e-12,1.5847272305815488e-13,2.4661887005410644e-13,2.1759345425435235e-12,2.862332047197762e-12,2.346781700258346e-12,1.5259212285617502e-12,3.1578998914182675e-13,5.066445060343832e-13,0.10199554455393381,3.505900300209703e-13
0.22134966224589883,0.09868419095032693,0.11096524636477784,0.06205255577678912,3.377242507896445e-13,2.924643098344365e-12,0.012700062769040637,1.3999667992164837e-13,0.04331379083601871,3.561524647433367e-14,8.284507942011542e-16,3.8012426082435e-13,6.629472307356594e-14,1.1214734486884388e-13,3.384180667612276e-14,7.636086106379033e-14,1.581835449378446e-13,2.950924461953598e-14,6.49887444842271e-14,2.697184295431396e-14,1.7031199524334701e-13,2.462846016347749e-14,0.08323869825883792,0.07893835598820648,1.6533627526840043e-14,1.5998014088993397e-13,0.05549046735247995,6.125116272211146e-14,7.084740183263787e-14,1.112665162875487e-13,1.6563694187553383e-13,1.7875122398453565e-13,0.06294889085818119,1.309584547793084e-12,6.639874122801823e-13,3.362624498664388e-13,1.470781997923206e-13,1.897641031331683e-13,0.17031807859123943,2.100099540692282e-13
0.12362121526048753,0.19330700981510285,0.09315382758601479,2.8924457201812278e-11,5.05793298351518e-12,1.6031444868379963e-10,3.1927637883885336e-11,1.6269299203839377e-11,1.9829738965050073e-08,2.5696297862206223e-12,2.4182688578070616e-12,2.6638511070016267e-12,3.522843573514944e-12,4.808079080070013e-12,2.8502257885638548e-11,1.7913157048458876e-11,1.445740804232415e-11,1.3743661185299375e-11,8.358001070177981e-12,2.920028639169266e-11,1.7002737496662688e-11,0.030779347569272857,1.4346192653386557e-10,5.576590174168412e-12,0.1209275062478488,4.4620905646705896e-11,0.2049835279065798,0.043532477043528174,4.889559195968391e-11,4.889475401967009e-11,5.788246233039055e-12,1.0458857604931796e-11,1.3805685092523031e-11,2.045244838773364e-10,0.07364033633364132,2.0161081133457438e-11,6.160500257787944e-12,7.517038441834259e-12,0.1160547314571201,3.1453018392731604e-12
0.21137631191748416,0.10198947372821318,0.11322059606314776,0.061763883700051175,3.194908125173462e-13,6.160382343775771e-13,0.020298842968251334,6.809846019504613e-16,0.025745137406731428,3.3397597753452945e-14,6.447920884280272e-14,1.4411766345723165e-13,2.938215271193611e-15,3.09769402423911e-14,9.038103646735367e-14,8.933093357752331e-14,1.0732160596310641e-13,6.642984906891526e-14,7.233021119029307e-14,1.4275727279439725e-13,1.0938913355145756e-13,5.493756368926832e-14,0.07889772524281646,0.08069829169600878,2.60552062336641e-15,4.904002243077904e-14,0.06482530072608417,4.128386087183796e-14,7.468783779493237e-14,8.978387530578298e-15,7.776599022607093e-14,1.0555971805295356e-13,0.07726950540644865,3.0233330548131624e-13,1.2296084356236967e-13,7.197304403466506e-14,7.792569655381563e-14,8.409686854776459e-14,0.1639149311417886,1.0031628551747506e-14
0.10813515188086101,0.1816533905163637,0.09939009623963867,4.380619576758269e-12,3.6035376967286727e-13,7.2476873857256975e-12,2.2555591419259935e-12,1.206127550941669e-12,0.004669675162389599,2.4654019405151656e-13,2.6544866355418957e-13,4.378980409011159e-13,2.1669939374938472e-13,4.591178601336822e-13,4.985229534168681e-11,2.617348625316221e-12,3.0145290813692786e-12,1.6852965010756713e-12,1.1126737368719668e-12,3.403767206852338e-10,3.0967670576982124e-12,0.041803089859604195,5.1160023186389216e-11,6.535738912050901e-13,0.12838863799604566,2.222254396163846e-11,0.20672821652476153,0.05782460443293829,0.005958421916639996,1.1087540391732237e-11,8.373080581527483e-13,2.2990867030786275e-12,3.01118042499353e-12,2.5040104839188732e-11,0.06748692526942796,3.2178180607633575e-12,7.976546846688773e-13,1.2734950640258172e-12,0.0979617896606106,2.868107074045122e-13
0.21951148150091312,0.10059683360280701,0.11095759336635726,0.061408936753721326,2.8423082619592642e-12,1.4498855941134769e-12,0.02408459931561161,1.2037176214466234e-15,0.039845059419276595,5.690350415058924e-13,8.389247532025341e-13,1.0232258259332868e-12,1.5743532782699358e-13,8.314515711725702e-15,2.3076062189068076e-13,1.3574310426937086e-13,1.6290426956882571e-13,8.126945097487972e-14,8.41626561727129e-14,2.594580856786889e-13,1.6455423132280442e-13,1.4284298245203268e-13,0.07994820823729598,0.066342167055133,3.691776280523177e-13,3.862817114018349e-14,0.06001758784739129,8.725884342403614e-15,1.7624878010490492e-13,3.5432415322634916e-14,9.962519581959151e-14,1.457362573803357e-13,0.08042101780945408,6.107964990270944e-13,2.7983122950519516e-13,1.4698533965652564e-13,1.0667897100070904e-13,1.0031409366876081e-13,0.1568665150816314,1.3711175377257073e-13
0.13955842025005064,0.18775286937373092,0.09046211913457733,1.4372905516182794e-10,1.341252150263893e-11,8.979701590290051e-11,5.903251478526764e-11,2.311614875812017e-11,0.007341911071214108,6.106450725129893e-12,6.712482927214349e-12,6.471431694651186e-12,8.957703295545102e-12,1.3565057541119379e-11,1.0030742084286991e-10,4.513347416296198e-11,3.753529119664324e-11,2.8291047604242074e-11,1.9792276564577638e-11,1.4969725433941016e-10,4.238526306632331e-11,0.039349497047740246,0.07424417376164338,1.0836671195232444e-11,0.11237507820019768,6.292016969969823e-11,0.20364869863113863,0.046040406798334384,0.0012585190311462488,1.400675154380803e-10,2.3590966748160425e-11,4.022441603485969e-11,4.046736529163387e-11,3.556846030864229e-10,1.7400043240826847e-10,9.522003788662765e-11,2.4494109012619452e-11,3.1696816159680285e-11,0.09796830490265808,4.322886115258785e-12
0.21980365698407434,0.10761778663027764,0.11439333279529193,0.05355557134895727,5.562795733788112e-10,2.1988025151083486e-11,0.016080186232134603,1.110440068661045e-12,0.031021928516344093,4.731758246583877e-11,1.3244343327401567e-10,5.155485365337738e-11,8.033327074996375e-12,9.895407448006723e-13,1.9156500529513512e-13,8.52629298654994e-13,1.4543592235668143e-12,1.440950470606803e-13,1.803510058712666e-13,2.167458610475452e-12,1.471345345998607e-12,4.576248322191281e-13,0.07299080725940775,0.07994398772528381,5.061032869212382e-12,1.3718560920019353e-12,0.06950562188380732,5.297793141113025e-13,9.121651826983325e-12,1.05996011874464e-12,9.02239432485014e-13,2.0974091108372688e-12,0.07140415877754135,1.064204624757618e-11,4.648285028185119e-12,1.6896789448831915e-12,1.1000521975121927e-12,1.0320238359031962e-12,0.1636829609802166,7.710915026198202e-13
0.10674276153802217,0.1829004176952747,0.09491510120693644,3.7810610006249406e-10,1.0620366581937577e-11,1.265306558426451e-10,7.392465344535442e-11,3.438555968913706e-11,3.9598332560369584e-10,6.675390988074145e-12,6.7734841771599636e-12,5.433111678239217e-12,8.591509641567749e-12,1.1045704574377578e-11,1.0103687627671396e-10,3.5142846136896946e-11,4.6546576598122686e-11,2.0999036925953265e-11,1.6808761082574998e-11,2.3818804682682105e-10,4.709169473118952e-11,0.03387106549546984,0.08785167539230081,2.9611644564248434e-11,0.1229138651561852,7.162407020714904e-11,0.20529313737131746,0.056741302656374434,7.245458130755776e-10,1.5074803226365787e-10,1.5844444588405474e-11,2.264486713863754e-11,5.7350222887376504e-11,4.0647475833734495e-10,1.937242629390314e-10,5.201611990572983e-11,1.7248652656672925e-11,2.1810414214467166e-11,0.108770670156592,4.0000187889982065e-12
0.21510434924186683,0.10836022005159618,0.11106815741916516,0.06047946938816297,3.7127283393804605e-10,4.149820043659157e-11,0.01987009535257047,1.9599061779821946e-12,0.04106015748834516,1.002466854995049e-10,1.335333464852516e-10,1.2228546270330331e-09,1.627532343503137e-11,1.6203021907393347e-12,9.708948072659744e-13,1.0298211636704551e-12,1.674876939179536e-12,2.815717182465994e-15,1.526650214142187e-13,6.056453997920594e-12,1.7802686643635443e-12,5.504000702112821e-13,0.08147357056106388,0.06699926349474004,1.4246008756933768e-11,5.3244716606688176e-12,0.06508513518727953,5.120144883191526e-12,1.694388609285247e-11,1.9910860462698354e-12,8.593773004393654e-13,1.7004479199816706e-12,0.0797271836615068,1.6079517342615647e-11,7.3883676768198e-12,4.016220495594535e-12,8.459441224616312e-13,1.0101105970101918e-12,0.15077239617472055,1.9774643846941016e-12
0.10418601961630407,0.1810030110106361,0.08682213762093817,1.77951657171812e-10,3.8203070538304194e-11,6.615098109978363e-10,2.059678732932201e-10,1.1919148304091405e-10,0.002933281340524383,2.498570213173668e-11,2.505330418790537e-11,2.7929701803121692e-11,2.9107791937936653e-11,4.597807439008625e-11,8.734011881804429e-10,2.36047532669217e-10,2.4747142292478506e-10,1.0435660291575087e-10,8.739266245404715e-11,7.851308461600085e-09,2.1331623456779037e-10,0.0397209335401826,1.9374572224748105e-08,6.085176461654227e-11,0.12227987942194704,1.8586339859473475e-10,0.2211595055194666,0.05520974020228265,5.787856981721848e-10,4.8463228584751e-10,5.823819315085701e-11,9.771322856806725e-11,2.1012409474855099e-10,0.08242970523979311,7.438390993790195e-10,1.11590456740245e-10,5.356209217851774e-11,6.520601076447013e-11,0.10425575347939356,1.438057491210647e-11
0.2145234418619526,0.11108119527161785,0.10812610861629862,0.06027396759461404,1.0970481213778127e-10,4.144348313227391e-11,0.017215636319695637,3.7303181288382197e-13,0.045818003358537196,4.714660805475611e-11,8.593531221974283e-11,5.38803324332595e-10,1.1476371598335745e-11,8.057694502076428e-14,5.4765504709664016e-12,3.888727160672363e-12,4.88076313076055e-12,1.7955457165707988e-12,2.064851150843753e-12,8.547027254928019e-12,4.985717466543779e-12,2.433718565013167e-12,0.08149569054936279,0.05922142227532096,7.2391825108019065e-12,4.005520554765342e-12,0.06775209543198796,5.502535029908176e-13,1.7190540989966315e-11,1.0212694697309365e-12,3.5520428142932693e-12,5.594631928468627e-12,0.0813136051369336,1.800525065581963e-11,8.079633708286004e-12,3.3278801598877586e-12,3.7289146935336335e-12,3.951243025454584e-12,0.1531788326356348,2.7611519186670666e-12
