3.3758471642198675e-09,0.3574328290043726,3.982843089048566e-09,1.67897676933147e-09,9.792948816758968e-09,0.03950869317660751,0.06815990072801252,3.8668839536094963e-05,0.042436466511598867,1.1020924139614626e-08,1.0079677388413289e-08,7.040073078526145e-09,7.486336028491564e-09,0.17536017636043535,5.657860787300168e-09,3.395735004916388e-09,6.970703504139163e-09,0.04995685382508551,0.07840671992003247,9.738319743209005e-09,4.362359777866771e-09,7.706933408606933e-09,1.2908191594444075e-09,0.05757797781810088,9.306947970801147e-09,1.1714564484908306e-08,1.047008551635579e-08,0.059519257701079444,1.0286037682775569e-08,9.683033522497973e-09,7.612126878417327e-09,3.3083339580510687e-09,0.05370507047901503,2.457714990366291e-10,6.490674167432793e-09,0.01789720944728342,3.5949940739293068e-09,4.978529900656144e-09,2.0330493488826584e-09,2.884333372207423e-09
4.7907377308830335e-09,0.4100825335589339,3.1061333842120784e-08,3.382718465106319e-08,3.950657992000025e-09,0.026560876437366352,0.04773386719544773,9.905403259145021e-09,0.03080781774633828,5.222649510765293e-10,4.05281987882511e-09,1.969024777736195e-09,4.852004363930564e-10,0.16581260605327156,4.613104335684643e-09,1.5465699166353953e-08,1.5184063934125563e-09,0.051584989059770735,0.07858453918870419,4.07896382163909e-09,1.3106936716529734e-09,3.2399739759311433e-10,7.01749146703091e-09,0.05441897173912714,2.277577801093161e-09,4.504650280117891e-10,1.1054797188087714e-09,0.026188157601879557,0.003344868829882693,2.3934833262483145e-09,2.953760358156235e-10,1.5050663803338765e-08,0.05018476892166454,4.1168534018442366e-09,2.4593561910185983e-09,0.054695796246327255,2.667528900275157e-09,1.4963131297804636e-08,1.171546510351666e-08,2.5032921809832863e-08
1.0973912462077748e-09,0.3614473059633669,1.1903196661311262e-09,1.5353122351038894e-09,6.09723955482539e-10,0.042344860193237924,0.1190482085457232,0.0006692472015796503,0.05024527786339329,3.9151127201174497e-10,9.351974516073789e-10,6.034550640420767e-10,4.415216478450734e-10,0.10680301457116831,1.354767783110165e-09,2.3178931428370203e-09,9.089558263970862e-10,0.04763562407717683,0.07498788570092965,9.49190753451335e-10,8.360868843022591e-10,6.796640039848968e-10,7.540192134768201e-10,0.0652023318824254,1.2142378583493595e-08,3.673342419960094e-10,5.6214980528124e-10,0.02665361483597047,9.824622439023314e-10,6.290795044279946e-10,3.612159603446316e-10,1.7291528546532572e-09,0.03010825242108625,7.232038494217791e-10,6.822696714955005e-10,0.07485433789829377,9.812076030007675e-10,8.578346877303975e-10,1.991107959911157e-09,2.2312413532412153e-09
1.7175534862301596e-11,0.33655049296651474,9.196267991574383e-11,1.000981674920625e-10,1.7437706774242165e-10,0.04679781268557315,0.16629246709934395,0.032805493657873136,0.05466403813158255,1.3609382905462036e-10,4.510134949366284e-11,1.6683416888924261e-10,1.6486456286754896e-10,0.0775670444685076,1.3267579603809865e-10,3.5165922222744766e-10,1.811850558515977e-10,0.026690519438402463,0.06694686543298986,1.0033052439751948e-10,1.5577391413017832e-10,1.5906923473365196e-10,6.533652020591967e-11,0.03338919793003669,0.003704420085091556,2.6641227954074057e-10,1.3930498685548448e-10,0.052229431467498554,4.3742674241463477e-11,1.0066967770845649e-10,3.021651534154914e-10,8.287572508017141e-10,0.03697421195450308,2.3656862907880802e-11,5.071088081398206e-11,0.06538800006572033,1.6960031656349277e-10,8.422418154934362e-11,1.0477388363027364e-10,4.5980655377495616e-10
1.677661998316583e-08,0.33030283337039285,1.5242890668872545e-08,1.3679477659564634e-08,1.5498674782418558e-08,0.02745664755989961,0.09319335100805587,7.095780241939369e-08,0.031483196679680685,7.68857822521828e-09,4.044102930765653e-08,1.3187057207112143e-08,7.949403756398736e-09,0.15325373860248262,1.8725812651013686e-08,6.068232272921464e-08,8.926001912342174e-09,0.06446520129575407,0.09394720541724753,1.605188000762663e-08,7.44741431546438e-09,6.911422826965168e-09,4.386348634839049e-09,0.05064482657761958,2.5657389529082955e-08,4.389980769514658e-09,7.060750569852727e-09,0.045384396508303775,1.1871664003592563e-07,9.399377987173369e-09,3.979635902080676e-09,2.101586423443841e-08,0.009800335303559697,9.129544100927772e-09,1.2199729246107618e-08,0.10006760341945684,1.3040393121364352e-08,1.2074699256959502e-08,4.954787986163308e-08,5.3492925264947506e-08
7.350264476793919e-10,0.36987688033329974,2.9541747461915775e-09,1.4512541320366488e-12,1.2797502635561367e-09,0.05542709538627396,0.056015290841528086,9.760633721158086e-08,0.05829968751500302,8.799212493748941e-10,1.7127346289134128e-07,1.2031528451797173e-09,1.4432202012281233e-10,0.11921395579876531,4.2746273231769266e-10,3.693428154112051e-09,3.753458621142978e-10,0.055656998686097206,0.06297291554827791,6.139913136128564e-10,1.1114690789054863e-09,1.1163746656024517e-09,1.995306779907179e-09,0.05329289448044617,2.5339350444101444e-10,1.302610915995278e-09,1.2168597665466075e-09,0.07545254519248973,2.1423189496751233e-09,3.3935872922487697e-09,8.33355999351759e-10,5.981144709590059e-09,0.05942576352832565,2.8099593041289062e-09,3.5988338892020753e-09,0.034365659553971584,2.117374289549237e-10,1.421664769563946e-09,1.973299729780256e-09,2.5857778785237806e-09
1.7131597120636474e-09,0.36342878673490214,1.3140424017937284e-09,3.5664349798488244e-09,1.525431861964941e-09,0.006873207045996073,0.17021878508953908,0.02883521370964915,0.010716759171658308,5.623097033653903e-10,1.48230468193673e-09,8.862660563358967e-10,8.134796488553754e-10,0.19483273184108857,2.6734291494248982e-09,2.0278331850049056e-09,1.4551984100311043e-09,0.0356315009907192,0.07574268274465203,1.737728285030239e-09,1.3573106676366524e-09,1.1043674969103754e-09,1.2577204473837349e-09,0.0002804815433447615,6.008549507120604e-09,1.391923057491998e-09,8.779499683436446e-10,0.019197763583381128,7.240229842767305e-08,1.148296611502901e-09,5.854638121455584e-10,1.6166170005536912e-09,0.016499545893760525,1.2705138617582154e-09,1.2325040255694384e-09,0.0777424222372787,1.3469081522479352e-09,2.7076764546334e-09,1.7446995301918207e-09,3.6036132427078193e-09
2.8163761046702962e-09,0.37934052544261604,0.009506818056621838,3.4515969555383843e-09,1.885021082693821e-09,0.05724267154682363,0.0647054957642779,1.5551216884692235e-08,0.06015102567292643,8.225000892389677e-10,7.734125742498186e-05,1.6540928312358192e-09,8.301741594480462e-10,0.11018680470986869,1.3068237554608123e-09,3.736471789468496e-09,7.570837826675089e-10,0.06174354013255459,0.06871406773485712,2.6981099992624997e-09,7.028056095646521e-10,6.15818115299062e-10,1.6465702132914951e-09,0.10830869486732946,1.042227732163781e-09,4.876324495575835e-10,6.570146022683702e-10,0.010963491134897555,1.1914581533950216e-05,9.436464600376312e-10,4.874951390882876e-10,2.394318289179582e-09,0.05706419261497086,1.4081537154302918e-09,1.2049791151271951e-09,0.01198336014569206,1.0176406581052986e-09,1.6905395414543844e-09,2.0499828862217374e-09,4.4793128311761804e-09
0.00019405894355021497,0.3894581590993366,4.410128967609512e-09,5.918396751017215e-09,4.618053023327986e-09,0.05416174383483453,0.057544773431425174,1.1281967232597652e-05,0.05784429127175969,6.127060314661378e-10,2.7829434447400007e-08,1.1440036275463182e-10,1.4960092004151812e-09,0.13803178533777388,3.6347428177783004e-09,5.8433315545618115e-08,1.2251780839459857e-09,0.07777576752167792,0.10556618995911683,7.152976795493144e-09,1.3226733762295024e-09,1.5544938688196595e-09,4.640900318230466e-09,0.03552077539085918,2.545297447737005e-09,4.4619150934390577e-10,1.2780577799770783e-09,0.005913462696559662,3.103823904238118e-08,3.881638536174349e-09,2.3045778782372914e-10,6.0152763774112625e-09,0.054498687813325515,4.944591159579693e-09,5.243610584846246e-09,0.023478815626884083,2.9725323885415755e-09,6.326726030540115e-09,6.738518326903237e-09,1.24811175774583e-08
1.773354769724456e-09,0.36345200326144145,1.1859695536551598e-09,1.0963370870620478e-09,8.305122258090077e-10,0.03285692654454048,0.1453308745411384,0.014048167082973195,0.038084862887685395,5.699063657237561e-11,5.023464000825086e-10,2.3319292962694053e-10,2.290092494876233e-10,0.14835067928985637,4.216842266599991e-10,1.6665726362751647e-09,1.9830133773811065e-10,0.024361948171350952,0.07394403123211685,4.497984116941899e-10,2.1837102372051846e-10,1.094768442140227e-10,6.988099819364402e-10,0.06540131564346947,1.4980954692109713e-09,2.912833771088248e-11,2.395687357718504e-10,0.04942492530998414,8.340589349599047e-10,3.6537015120371064e-10,1.0174002442478341e-10,1.7124021423804594e-09,0.0437482049565498,6.960922022213808e-10,6.075147024229077e-10,0.0009960404665018512,3.437456547767809e-10,7.789479142383275e-10,1.8658114983278257e-09,1.8691885516738866e-09
2.069586104145947e-08,0.3441185206717937,2.3828459560515653e-08,1.553502087219072e-08,9.405972046881849e-10,0.03470722179400403,0.16319622266344258,0.022105440773485165,0.035828446603105864,1.2051451659785567e-08,1.7875357552522613e-08,3.4414757120067428e-09,4.760028826596871e-09,0.13870850114815714,1.2723543303371488e-08,2.616208606347017e-08,1.295817992196048e-09,0.041596298434474106,0.07351178760087744,6.649526044099943e-09,2.2465512176305005e-09,4.324191079959314e-09,1.2118694307289595e-08,0.04679800337036002,3.4744715650383085e-09,1.0457492610782199e-08,3.4255302014707055e-09,0.016240397710327526,1.4132807981027633e-08,3.968764175204012e-09,7.158954512028512e-09,4.796207837394938e-08,0.033919048423860114,5.076665977937011e-09,3.116365427310204e-10,0.04926977606480227,1.9069841443302415e-09,5.5463234089237115e-09,4.0399571397164256e-08,2.627136668733001e-08
7.855055749042748e-08,0.3823293840177119,5.911001724316653e-08,6.606218972992932e-08,3.41467804916298e-08,0.026276967672084185,0.11609262471936051,7.070446173620685e-07,0.02887703504935263,1.2870536395988537e-08,1.0458005448794283e-07,1.9665539340373636e-08,1.003311681537219e-08,0.15090458554235184,4.213055219487997e-08,1.2737335075438423e-07,2.216625768339508e-08,0.04643183776255697,0.08117226146160259,3.376295076788749e-08,1.6185774854163698e-08,9.96607778870674e-09,1.8102464050042992e-08,0.05062595822401785,3.1260975853885814e-08,6.9297888442549e-09,9.140943334802796e-09,0.02950186471565505,1.4281464500795775e-07,2.5765549678779427e-08,4.061533138514291e-09,8.266774005032545e-08,0.034833368236227895,8.605673490743676e-09,1.8222849567681318e-08,0.05295205974761271,3.024370125201008e-08,3.268290537666892e-08,1.1000889751414859e-07,1.8869542530860813e-07
4.671004158974707e-10,0.3525586815957072,1.5584511070564068e-09,8.467270979309782e-10,3.7869170648044e-10,0.02787430298822418,0.11943076306828222,0.0032594291801659537,0.03096420438023113,2.1964603815711988e-11,6.121539780097262e-10,1.8783606662667362e-10,2.8936482557270303e-11,0.15880619481957914,3.2344305575065197e-10,1.6153439352529063e-09,1.3304993781410566e-10,0.05233399470610801,0.08805886902449603,3.229949473985104e-10,3.644315463441222e-11,1.0196100400591286e-11,8.461611922737337e-10,0.04454172212865292,2.185959721087572e-10,2.763133399011154e-12,1.11970925063496e-11,0.024464017951258247,1.8173928037551499e-09,3.859318734925923e-10,5.3562341170903025e-11,1.1133210786831162e-09,0.02816035077801575,1.1383106455448377e-09,6.495493202693798e-10,0.06954745367439252,1.8165105620774936e-10,4.1787832491819855e-10,3.53256968764738e-10,1.9719822843437685e-09
9.05894893756757e-10,0.36721706779517316,2.172146854941427e-09,1.3134552800802394e-09,6.245933764461116e-10,0.029096089716652934,0.12511056417051278,3.0003439999274805e-05,0.03188771122694969,2.2220915271197294e-10,1.0653055930159633e-09,4.1731711512537533e-10,2.913450444108463e-10,0.14834844736670466,6.664710930950768e-10,1.062670223411325e-09,4.1521993707771584e-10,0.046027765663773576,0.08088972202071985,6.763800396403474e-10,3.627889424448425e-10,2.7161601655007057e-10,3.1387938237222365e-10,0.04596417818478477,7.181139698102108e-10,1.874232777793346e-10,2.986202685556646e-10,0.027288314144191195,1.45314742552286e-09,4.4607545113542194e-10,1.6869087485030128e-10,1.0654949225184147e-09,0.033143521406497574,4.010920958092653e-10,5.16789364131777e-10,0.0649965945243826,4.746282168537638e-10,5.988765691699675e-10,9.749642019331813e-10,2.2544484016371845e-09
1.525763182564961e-09,0.4000323491381685,1.6461618593522537e-09,1.4887783753082474e-09,1.0900634841362052e-09,0.023838938840072377,0.11347012267829538,0.0006945112728095265,0.02534950276083437,6.17039889929329e-10,1.7339326228289121e-09,8.241082747537402e-10,7.643599700316942e-10,0.14522419708194068,1.286898693907383e-09,2.7833845298143716e-09,8.652468310605595e-10,0.03960428793890897,0.07327551476258909,1.523405598234873e-09,7.816042201682353e-10,6.567484807717647e-10,1.1138941180607494e-09,0.06395842710136582,1.1895420955053814e-09,5.303914957584404e-10,7.670610678111335e-10,0.025443894104317407,1.7403106070463535e-09,8.830113945349238e-10,5.198110600443961e-10,1.5614620670629774e-09,0.025630326355634916,1.0491788788429216e-09,9.733401027944805e-10,0.063477893656473,1.0257074241711267e-09,1.1593045025750826e-09,2.0828505324566877e-09,2.1252287173863105e-09
1.4411693882117652e-08,0.35610006301470976,2.0798672811758155e-08,1.4410239312430301e-08,7.169893565390873e-09,0.03304942498411113,0.13368505489843263,0.008195358758723596,0.035777970463364644,2.1616008412831574e-09,2.8611914132456942e-08,5.051060460454603e-10,5.609956120456944e-10,0.15255015019248963,1.1741885211839084e-08,3.540090574846738e-08,1.7943163420535852e-09,0.04546134988524273,0.07903032416630731,9.548565527489634e-09,6.373964566677082e-10,2.9703048817283104e-10,1.5184924723956524e-09,0.03990911549687904,2.3010653818414197e-08,1.867622917847725e-09,1.5519682731475007e-12,0.02383151686233836,2.8108622465920325e-08,3.96403660053767e-09,1.7662797784927351e-09,1.2842105915989364e-08,0.03108346667620893,2.308901874447126e-09,4.893753472414702e-09,0.06132590009639384,4.080265514399499e-09,1.0410954846431503e-08,1.6725566011019996e-08,4.495577465593198e-08
3.249407828249941e-08,0.3938890651553768,1.6032695152052857e-08,6.670876780258567e-09,4.120794696627375e-09,0.024860333726069255,0.1320083974293851,9.786127043421295e-05,0.0283046080141005,5.317935763644572e-09,3.22024030072048e-08,2.7906442216948083e-09,3.984186542414825e-09,0.14312120359278294,3.707222076171271e-09,3.269944661127291e-08,1.159156889982649e-09,0.046744667955533656,0.07491918977667499,8.481609777157967e-09,7.027462557241685e-10,2.627063729112643e-09,2.0693372143436634e-08,0.03994034477270206,9.053308128760763e-09,5.18606271186172e-09,7.243653201161386e-10,0.017225414909657295,2.922835202514857e-08,6.409249355243286e-09,5.132248253949867e-09,2.9083598261683138e-08,0.02743145272343109,6.303243282020523e-09,2.5966289305723543e-09,0.0714571339199782,4.929633315927497e-09,6.601114195162518e-09,2.4462863320520117e-08,2.3358974803179606e-08
1.221886189101165e-08,0.39629870580440646,1.587896774408327e-09,1.3552218328062502e-09,1.8036632012900262e-09,0.031101214872670764,0.11013432659121103,1.8071387753915814e-06,0.03334714013644704,9.985952894718026e-09,2.798101076286788e-09,3.2035057407943617e-09,4.374448076043706e-09,0.14241068935288814,1.861958653642113e-09,2.2443593800281273e-08,3.860096228076609e-09,0.04771218754029252,0.07961429032575316,9.563479396265737e-11,4.13644804903254e-09,6.250911860326976e-09,7.779796139812799e-09,0.040147736436498,3.1434070421126425e-09,8.347462393451144e-09,4.232803559241686e-09,0.018003559945378854,1.7465931822839192e-08,3.0297141193631433e-09,4.871148538385813e-09,3.9568624379989554e-09,0.03409115251278437,5.425278432948019e-09,1.2914859716020202e-09,0.06713702707790828,2.815914439814993e-09,2.455530874383953e-09,9.65072358464437e-09,1.1822631818425226e-08
1.462248263263577e-10,0.39279404265147627,7.915182650608307e-11,8.032973393726995e-11,3.957318002284316e-11,0.032035229255338,0.11142390315270838,1.6290246725378898e-06,0.03507870371017394,1.1208080948348962e-10,2.455098066608132e-10,1.7359497831447167e-11,5.4687939250531326e-11,0.14518351203890964,6.692011646473151e-11,4.480017415026428e-10,3.5917933244216952e-12,0.04064541128247617,0.07464909441028905,8.964301044731122e-11,1.7266630624316905e-11,5.106373433215271e-11,1.1607049198134499e-10,0.048988013842541867,1.142904705400727e-10,9.759395014026179e-11,4.104985740487853e-11,0.022644470857370334,3.410724285337132e-10,1.6265598068692557e-12,7.205179185035194e-11,2.891178612599668e-10,0.027249595666650545,6.799444075643934e-13,4.81581412699785e-11,0.06930639060568489,2.112588770354731e-11,5.366064791391877e-11,2.0671081943797703e-10,6.47094777887416e-10
5.846226912200626e-08,0.35406245580217727,9.043889097541673e-08,7.03684439441127e-08,3.655801961498172e-08,0.040119413054551446,0.13605450664613647,0.005809567131525202,0.04302636763201717,1.4128906762598849e-08,1.016053951707437e-07,1.546451524719299e-08,1.897961055438242e-08,0.13939580402150198,4.292755524370695e-08,9.863699728547373e-08,1.922357617711254e-08,0.045302472123495384,0.07744275348274697,3.6895557697419304e-08,1.4486058597640691e-08,1.1858413496600933e-08,6.481850290193234e-08,0.04221578210491234,3.3653005323652244e-08,9.136792747935731e-09,1.1172116626237226e-08,0.029827038991167384,1.450596510640719e-07,3.007547429327292e-08,5.3242863699494975e-09,1.207654460770181e-07,0.025369787203672403,4.3346438200150766e-08,2.693546106069545e-08,0.061372623844554886,3.353631320837853e-08,7.85849336783457e-08,6.047806530284145e-08,1.3504084422858835e-07
1.7333802213168474e-11,0.37214024552097696,2.706411715160869e-10,6.294996052133065e-10,1.5032690117823343e-10,0.03901446568242951,0.13362993673004142,0.017341579022471028,0.0410284450450546,2.5611390038543376e-10,4.618727511559512e-11,1.2515217624260708e-10,1.377169673993826e-10,0.13584881020382086,6.621479853144199e-11,4.6657609521157564e-11,1.230936888409814e-10,0.040028838020127834,0.07159399987875611,7.418527072076186e-11,2.63768318345905e-10,2.5753558871419977e-10,1.4818727117941774e-10,0.045229664734978345,1.6281484031451647e-11,2.8195876901893275e-10,1.586813975064238e-10,0.01396131920117469,4.1367729791418455e-10,1.5088471269105882e-10,1.58956557871483e-10,3.50553212774171e-11,0.029940909386519998,2.0466990236876935e-10,1.805380756490808e-10,0.060241781743112004,1.2446256062769198e-10,7.009845733274595e-11,2.3692419793358453e-10,1.8573363129832343e-10
7.218044038417722e-08,0.3608259862583395,1.75885140672895e-07,6.893050887749716e-08,2.382821848738105e-08,0.037132856336838035,0.13666406578008908,0.012187231301688703,0.04251917330494802,8.954039934698325e-10,6.28052675034558e-08,1.1052257884652426e-08,2.799710577330509e-09,0.14066374904806545,1.7542593834969507e-08,3.3393004567022507e-07,1.3670755933172109e-08,0.04324670008442129,0.0748916662677821,3.374533177860329e-08,5.681380184452088e-09,1.7516756002832839e-09,1.3049134770023042e-08,0.043291592276231285,8.66153045326287e-08,2.5885842919089666e-09,5.79913466017463e-09,0.018803650504082402,1.8491717584790485e-07,1.8389894186845738e-08,3.848737310119611e-09,3.6107920973468234e-08,0.03141006872830692,4.923964810828682e-09,1.9582089065972215e-08,0.05836147063395149,1.7857637614480416e-08,4.091068459572818e-08,3.135121180569488e-07,2.1667414379040288e-07
6.493688523209705e-10,0.34649084516083545,1.0173918056064016e-09,1.1699823461081033e-09,4.905275577525884e-10,0.03660226317896792,0.1071551279828262,0.001041178432324618,0.03846870382935527,2.4909080060715027e-10,1.060728612199844e-09,3.035207402851587e-10,2.9540685437529026e-10,0.14440529529664364,5.51605221494302e-10,1.00320678003473e-09,2.8166432586891805e-10,0.05455562990872098,0.08115454296312014,5.270168414410988e-10,2.607563606153514e-10,2.295614814229403e-10,8.132750864614007e-10,0.034515016681349424,5.596581027500902e-10,2.1510464531350654e-10,2.798805172139968e-10,0.03589868811716259,7.842996983975479e-10,4.727728273347807e-10,1.8475484746136882e-10,1.0679899521481042e-09,0.02903686606248639,7.480408281070561e-10,5.615825812712092e-10,0.09067582570162395,3.351413336805218e-10,4.97605026944569e-10,7.470318442540649e-10,1.3276174812250038e-09
7.727265161595841e-08,0.39268270124754656,6.697493115308162e-08,7.057922459269626e-08,3.950440641553644e-08,0.018227320200592527,0.11934962887066752,1.1641099780272526e-06,0.020495621090699884,1.0910253780203696e-08,1.1638983431737837e-07,1.7320547465861812e-08,9.452585142923504e-09,0.14391501116765762,2.3490577098982906e-08,1.3383653254807162e-07,2.52210820288423e-08,0.05149513961151176,0.083312489928741,3.24898471457183e-08,2.0638373279068986e-08,8.281519290891522e-09,1.211880061774779e-08,0.04781050437560218,2.9879339970817996e-08,7.569268370721707e-09,1.3339563132112126e-08,0.03642899321361216,1.4883691014548579e-07,2.8578610424007067e-08,1.5094934685646238e-09,1.328673097488851e-07,0.03341387748631995,5.567260066116524e-09,2.062999978099713e-08,0.05286609130145966,2.8562541292495655e-08,2.657184769473147e-08,1.3884817162671937e-07,2.1015412897231908e-07
2.851144544052786e-08,0.35835334033392324,8.233010840685996e-08,5.1171251416599635e-08,1.948088004388401e-08,0.03095538166179627,0.12399352167442415,0.0032370520034739093,0.033419081939201685,1.864504080621602e-09,6.049600243422134e-08,9.423593464210143e-09,1.9697829655468446e-09,0.14440050986564895,2.2697235667602577e-08,8.515150100599624e-08,9.35658917097621e-09,0.048537598933650554,0.0798679883433015,2.3484901011512825e-08,4.239806084522939e-09,1.5689972752342375e-09,5.812821747360545e-09,0.053539975345895864,1.9560828283882117e-08,6.081496223340667e-10,1.316313536459072e-09,0.02946515995169634,6.851562331522138e-08,1.2714167008989896e-08,2.4154213614221615e-09,7.6761339434877e-08,0.02947750943212554,3.182294095676173e-09,1.327310656675467e-08,0.06475206262561678,1.3920465354238283e-08,2.647425740851558e-08,3.7034811014368177e-08,1.3455304810587662e-07
5.10351355899256e-08,0.3813183521773172,5.233385195942627e-08,4.223339009573999e-08,2.879442958501394e-08,0.02219342916155004,0.12663601711878192,3.892582533080816e-06,0.02562737163671177,8.63775980119911e-09,8.487065835242533e-08,1.150370408931222e-08,6.966866317467292e-09,0.1452790968386152,3.2642624052921e-08,9.432101102794314e-08,1.694568775598043e-08,0.047143912768991485,0.0791615025758662,3.0045404991939054e-08,1.2592418448390844e-08,6.794431649696266e-09,1.0027559455884688e-08,0.04911317705591082,2.359616471776797e-08,6.202609212448999e-09,7.020573531829069e-09,0.03269942255893658,1.1123003669505419e-07,2.1549324980940856e-08,2.2839620607859454e-09,9.83372103212812e-08,0.033729783529416885,4.545361725783403e-09,1.554722598467202e-08,0.05709302570722266,2.309932966500792e-08,2.129419044331473e-08,5.976195813884231e-08,1.3207526553090498e-07
2.7459891580091607e-09,0.359816641514943,6.2113283958452726e-09,1.7484462725039583e-09,9.72923603961626e-10,0.026469967910709276,0.12745947049956863,0.0006051784470469634,0.029284029859257363,5.399058310232635e-10,1.974402851829297e-09,8.361375308244136e-10,6.880987139692846e-10,0.15274654080127306,1.308572235582924e-09,2.314790602065423e-09,8.327769483250561e-10,0.044886412847690425,0.08128369121340788,1.3206557691920816e-09,7.630082986007745e-10,6.504638950146156e-10,1.977382241528087e-09,0.04578057662791401,1.2901454186266819e-09,5.205506944143313e-10,7.933751227864268e-10,0.031745638490086825,2.2885055496804322e-09,1.3094410347486109e-09,4.1670183620246e-10,2.702396069066757e-09,0.03067608015024138,2.0120223171736606e-09,1.8447606779248304e-09,0.06924572580765703,9.377872597413025e-10,1.2372492472477236e-09,2.047029471857157e-09,3.5453570518914896e-09
1.0663307584955713e-09,0.39026882017517567,9.829275083162243e-10,7.948089439281283e-10,4.777075712454112e-10,0.02846452429510889,0.12171148363695197,1.9465583380086173e-05,0.031919711372297245,1.554771583318039e-10,1.297582009881731e-09,2.5660438806661735e-10,1.7285512797598818e-10,0.14691315288033338,4.4830138755681637e-10,1.6181073551993861e-09,3.352838027692479e-10,0.04539887556834152,0.07691039058816453,5.170855777824935e-10,2.824481114839285e-10,1.6449241303512561e-10,1.9966862603806046e-10,0.047027466280960335,5.490292846627118e-10,1.1390790524242303e-10,2.2295487931010073e-10,0.026582538680453963,1.3782683497400785e-09,3.6444134985511497e-10,7.596186839107817e-11,1.188741968454709e-09,0.03263961714466543,1.9896464692464623e-10,3.707197792714925e-10,0.05214393639470486,3.983841535291637e-10,4.605904859584084e-10,1.1763468668106801e-09,2.131469848087982e-09
1.219109271220745e-08,0.37375324726695464,2.2447901423955202e-08,2.439177816718457e-08,5.4111639900155245e-09,0.032902267511475264,0.13095001587566818,0.0053308330009893285,0.033542229008406414,4.050453070418643e-09,2.0941366782668773e-08,6.323661779047628e-10,8.94677371172982e-10,0.14330301941395285,9.452873097981057e-09,3.5247624717372246e-08,9.199307686078542e-10,0.0439984814521559,0.0804598932822846,7.568254875510466e-09,1.2230267455665002e-10,1.0918843460238949e-09,6.798780403852443e-09,0.0473001058529687,7.359428987682422e-09,3.3846069809066807e-09,1.3137947327299087e-09,0.024411331155320206,1.8807517292898736e-08,3.60128322443376e-09,2.9643894542437076e-09,1.9481433754464452e-08,0.025869025114142165,6.042463905944212e-10,6.569651889280698e-10,0.058179291433090675,2.922284698883152e-09,8.692407340407886e-09,1.6474535532729382e-08,2.1207246733721715e-08
2.9216321434572485e-08,0.38012931440941033,4.619172540193591e-08,4.784465754416286e-08,8.024678973718089e-09,0.02729031405876848,0.12092199886662383,1.639654726740644e-05,0.030381732163441866,1.0115731578191242e-08,4.6366535337719575e-08,9.040312822951087e-10,4.204464195061552e-09,0.14326772651689929,1.1462860937615484e-08,8.333773337782589e-08,1.8369536816782802e-09,0.04901848591007641,0.07998962179715341,1.8529045420448988e-08,1.6390579378150678e-10,4.317611000193537e-09,1.356913645103892e-08,0.04788681560683489,1.3458987403430507e-08,9.280944357131756e-09,4.607405858140475e-09,0.019763373515622025,4.433787739053718e-08,1.7303640325968671e-09,7.390018159508079e-09,3.233118639061489e-08,0.03539877451864983,5.67039083800423e-09,5.456955839346856e-09,0.06593485729395164,4.0769576433753285e-09,8.601054129221582e-09,2.937015971260341e-08,9.639760656732785e-08
1.4134877259879787e-09,0.359518337601722,1.6232293879065516e-09,1.3591739730305072e-09,8.839383743761367e-10,0.020779587565357447,0.1353676859457437,0.0007765071826536534,0.024042786620892702,4.507133379713902e-10,1.5934416557422898e-09,6.476622310968438e-10,5.938357532427275e-10,0.16799284523076427,1.013042049642701e-09,1.7906421448710346e-09,6.355764292608285e-10,0.04471227191180495,0.07884763920638307,1.3461516529959498e-09,5.625113336352051e-10,4.824160321446276e-10,1.1413521157914644e-09,0.049950355035326986,1.1591096875047015e-09,4.087770473582335e-10,5.440272712846787e-10,0.048699806645465915,1.918668209856868e-09,8.247879323251968e-10,3.862000705834389e-10,1.3815637115418158e-09,0.017145398028707078,1.0401583790995532e-09,9.260970324380983e-10,0.052166749553309105,7.87207881908483e-10,1.054665525681309e-09,1.4195949821839788e-09,2.0838371362977863e-09
3.14486365865587e-10,0.35454585974150676,1.3384465353026368e-10,3.5837164294360506e-11,8.754393497796761e-11,0.047599934528581196,0.11271971569294831,0.009989042232017548,0.048848611787416174,1.041556147061361e-10,7.805885926617911e-10,7.95229934111643e-11,7.431599026538977e-11,0.1588726536789236,1.991838787031423e-11,4.538754844558193e-11,1.1288380267394498e-10,0.04105877642612492,0.07803824162051083,5.763965650927262e-11,2.1246171634450347e-10,1.9633004227781442e-10,1.0730999717784941e-10,0.03727884246541986,2.332147113575344e-10,1.4612189622456267e-10,2.717319985666193e-12,0.0077338233781303065,1.1972683846389298e-10,8.789501927393355e-11,2.093135530898107e-10,6.272511889291715e-11,0.039615522376841024,1.4678338453051668e-10,1.2033130327839598e-10,0.06369897150453818,6.814879376089413e-11,1.0079987740630795e-10,1.6031063621730877e-10,7.467263657488815e-10
3.845736676855019e-09,0.36673989084775754,5.075688405327819e-09,4.773576022236242e-09,2.6626041356021836e-09,0.003473075721514123,0.15016480801265453,7.421632122187548e-05,6.205118863356143e-05,1.2546795599865589e-09,5.838266489961842e-09,1.9665674729377537e-09,1.6160900414468447e-09,0.13953776626478942,2.889204874944868e-09,6.458168001736687e-09,1.764870492665881e-09,0.050267362762219346,0.08785463974138842,2.794975028927768e-09,1.6007654969392688e-09,1.3633268668747985e-09,3.818194121306788e-09,0.05203151169955293,4.31535719337367e-09,1.0661474875067443e-09,1.4595437753641864e-09,0.04386620366991191,9.938678383032394e-09,2.363055253689155e-09,9.432277283446057e-10,7.174486910311493e-09,0.036326273694641795,3.231230583062047e-09,2.6130317613432896e-09,0.06960210176811289,2.3016189165474696e-09,3.0194591622635407e-09,2.854951207722572e-09,9.304099490511119e-09
1.3643194340100997e-09,0.34501140914631734,0.001482582900419523,1.3398047658311216e-09,2.101470281005391e-10,0.016716014444177613,0.1368105012434744,2.3312252888188315e-06,0.01992136780825121,9.278418027108137e-11,2.940783320203979e-10,1.8140040184384622e-10,1.4369443098128843e-10,0.16693885127231262,2.884282620741777e-10,3.781778791342276e-10,1.5338452290315498e-10,0.050452941161993864,0.08637264447990375,3.7347234835766063e-10,1.3368562147192296e-10,1.0939661321401813e-10,2.1457744324749143e-10,0.026760124169326317,3.650456565337522e-10,9.053261185920237e-11,1.193756808944213e-10,0.03728388997458563,2.747536046497876e-10,1.8446463774284672e-10,1.0571368150852623e-10,3.2445967275897027e-10,0.019961875154529837,2.510237961875074e-10,2.2870665056564267e-10,0.09228545794534125,2.8834761834944436e-10,2.94736874200726e-10,3.9979238934786137e-10,8.697736885027025e-10
2.026227044051836e-08,0.3164128751487806,4.312480081087618e-08,1.9098127764119586e-08,2.3778438689449373e-08,0.06366100018259843,0.12535197839414972,0.056904663696635036,0.06910197197048423,6.20783611328957e-09,1.0767829613431535e-08,2.1000776088764615e-08,6.18040438406284e-09,0.1387567820366713,2.9382334079743965e-08,2.1535768494929984e-08,7.885018285230399e-09,0.029163083587721926,0.06365854210487559,2.0111434305354044e-08,9.070121511532524e-09,4.280342902252334e-09,3.181893571957256e-10,0.06239928882587452,6.57397192806099e-08,5.727655023006513e-09,6.455622241764786e-09,8.121462117602838e-06,5.226233561178655e-09,1.5048215772268075e-08,4.889242788875893e-09,1.4561746796032538e-08,0.024653942178517782,5.811893766273699e-09,1.2112320473206172e-08,0.04992721783391105,8.520022693088969e-09,2.1134327787032125e-08,2.4126652691944844e-08,1.0022031655091981e-07
5.447806437448593e-08,0.36433801575874164,5.417666583286463e-07,4.111972620509517e-08,3.94235519280749e-08,0.0348915870341897,0.12437784710523181,0.014617324220220414,0.0358259455675712,2.6572770337157182e-08,1.3742696900724165e-07,4.971538371331901e-08,1.776539607251019e-08,0.1437918114919451,1.7974000021940665e-07,2.1498158668947978e-07,4.8410519467686156e-08,0.04889598191468148,0.08005429820472133,6.773070056836759e-08,4.7582951795552956e-08,3.739068921966754e-08,1.8550362937800386e-08,0.03500120262274189,2.294342102571701e-07,2.3265544084594194e-08,4.076067321826651e-08,0.020302265085558456,7.157342584775087e-07,3.016713978615264e-08,9.523656782145789e-09,1.506222128805826e-07,0.02685943610882388,4.017547264043117e-08,4.2784378641179095e-08,0.07104076498672166,3.380934338236411e-08,2.515251888589182e-08,1.3997069098631395e-07,5.158434205039187e-07
9.4356065074453e-10,0.35602207109533424,9.607581669590514e-10,1.9783814483379447e-09,9.694842153593201e-10,0.011170475531860466,0.15563050380739107,6.546843931120588e-05,0.008805547903938895,4.320804869386345e-10,2.3122950983836945e-09,6.960224507422281e-10,5.686867789997733e-10,0.15408885568394198,1.0730904912187815e-09,2.1081631304264943e-09,6.026548266930376e-10,0.052638536339205254,0.08860731634230941,1.0162320398793283e-09,5.307906242888446e-10,4.5668223471781064e-10,1.5189898273525274e-09,0.05629599757935824,1.0236563398307907e-09,3.780273825829411e-10,4.781359152906257e-10,0.040065415178333445,5.328356524505359e-09,8.689764606494026e-10,3.1741642622725817e-10,2.4533291230303303e-09,0.010040242089178114,1.2965105743878837e-09,9.957039537909195e-10,0.0665695326545564,8.335962362718317e-10,1.1133279747844188e-09,2.2934012635266616e-09,3.806970592262879e-09
2.2497710116517026e-08,0.345634651735524,3.870531803354471e-07,1.8131532755741532e-08,2.0204051883048398e-08,0.032115752452873465,0.1212683435639383,0.005500963327555382,0.03444233181911598,5.775258471569026e-09,2.7163646246605563e-08,8.995459369312276e-09,1.1099991145153808e-08,0.15631439779477643,3.0548416158126205e-08,4.3419075894612886e-08,1.2782890174123182e-08,0.04403314929921506,0.08096281302194197,2.4662108972768997e-08,1.0499722390323779e-08,9.339764663355036e-09,9.257256119084988e-10,0.0488311843584962,2.6275397558971123e-08,4.973121689729971e-09,1.0137907527700583e-08,0.028391632823151006,3.665776813569708e-08,1.4477329831662939e-08,2.0637698769586667e-09,5.513206209392943e-08,0.024391538673163682,7.645078275480254e-09,1.5598855523933533e-08,0.07811221788148741,1.2361124452600505e-08,2.4604028088398554e-08,8.674581477692643e-08,9.347796906237973e-08
8.631055693519485e-10,0.34736851183879824,1.641367177946031e-09,1.1992981392656871e-09,5.489391159580641e-10,0.02163868243103855,0.13867661814273707,0.002392571053175993,0.024845988631642724,2.045768611838777e-10,1.4882482611247435e-09,3.407252657573758e-10,2.0352544163457814e-10,0.15157226314440467,5.322058761147053e-10,1.548535790493728e-09,3.2770383336687673e-10,0.04369786973608638,0.07959721153121835,5.035694245134989e-10,2.573498845790032e-10,1.4374308223617229e-10,1.025705317737351e-09,0.04976428389295895,6.124044007371922e-10,1.471930636735627e-10,2.4907413260173407e-10,0.04011256349904104,3.2718119185963274e-09,4.405959113884839e-10,7.803136296198501e-11,1.7580222629463243e-09,0.031239830744351965,7.501706043677911e-10,3.939485085063752e-10,0.06909358191592241,4.2578940077028796e-10,4.2991166649227016e-10,1.1382441132268995e-09,2.9148272805644563e-09
1.4764591877241838e-09,0.349680531527299,1.5443310362854423e-09,2.489172179675032e-09,1.5287089351406893e-09,0.017852830138059106,0.1524713935557003,0.00020205722381151097,0.012413728689837398,7.122863651328482e-10,2.994805360649528e-09,1.1045712122216552e-09,9.721641157965473e-10,0.14784681034852673,1.644400207015508e-09,2.861154941068966e-09,1.0064247836888284e-09,0.05232226550799089,0.08765877642000273,1.6018982039171782e-09,9.245470813511438e-10,8.112277859190103e-10,2.0767648983861604e-09,0.056028659531917116,1.594995139685571e-09,6.407264093750547e-10,1.0902082234864435e-09,0.03987526383530094,5.380366227722921e-09,1.41240613617338e-09,5.970909758955476e-10,3.1619957116001037e-09,0.010150740847489254,1.9109418043680804e-09,1.6496311719276773e-09,0.07349689140358599,1.3192709007566728e-09,1.890818580146069e-09,2.4571145151276348e-09,4.115996874154139e-09
