0.0695299872256641,0.1322653309992597,0.004387047705376543,1.6419593148231588e-09,1.1744239677010486e-09,3.6837980145762957e-09,4.1316329936867766e-08,3.918194575301818e-09,0.015361141375244485,6.688007778576786e-10,6.092931863953783e-10,6.957044166664639e-10,8.564688458029176e-10,3.883088909387985e-10,1.7024190115799109e-10,8.370227255179111e-10,4.187943155822606e-10,3.331896559000498e-10,5.736380663360954e-10,7.730586303608375e-11,5.990273535153515e-10,0.14651693510623032,0.037915874678444886,0.05973927840943825,0.12133308619101145,0.045704475382584354,0.07005429471825854,0.08424878054301667,1.868919207464952e-09,3.0723935925155713e-09,4.821476322745064e-10,1.8854931396929262e-10,2.1313335172415438e-10,1.2867338937603665e-08,8.491362140641864e-09,6.945595093996016e-10,4.38731396331611e-10,5.799790240272026e-10,0.21294368073750683,6.834797748893028e-11
0.08520378907002613,0.12792989040224825,4.745806315623982e-07,8.063344394481411e-08,4.367601831654552e-07,4.078349159638224e-06,3.546431502645102e-06,9.417787593094433e-07,0.013459461004568317,1.376157909459632e-07,1.2541898284409375e-07,1.2638381878217611e-07,1.9694377083805795e-07,1.0146407092276643e-07,4.779251693864486e-08,1.4862651245323015e-07,9.775329316734591e-08,7.683901221100412e-08,8.866196307881888e-08,4.2182481494816436e-08,1.264238879272797e-07,0.14377863186899248,0.03593960967449818,0.05014130456373985,0.12023977024978191,0.0627127886224372,0.05829704776333873,0.0859019709596429,6.074388532172093e-07,8.016623346345353e-07,7.43932045018467e-08,5.0414495815555224e-08,5.863806236935776e-08,3.327153570068556e-06,1.4710730660542507e-06,1.2587297160940773e-07,6.892506811630531e-08,9.363806471268591e-08,0.21637814891542212,3.305583098639159e-08
0.060107211906081356,0.12922182555223838,9.725553978174547e-07,3.8279352190012096e-08,5.3327944884579094e-08,3.6208953789117485e-07,3.748013767189759e-07,1.2361948780982801e-07,0.02681696365252472,2.5510614705723654e-08,2.7598309217300733e-08,2.6106370868430486e-08,3.70561975927616e-08,1.7112073398946402e-08,6.943100826183387e-09,2.7653480379565853e-08,1.461658335115934e-08,1.4246867500399532e-08,1.9884501548080294e-08,5.4741356706884416e-09,1.941153291812741e-08,0.13658854216204405,0.022356099022375318,0.058078475136482066,0.0803352508056646,0.07850679077292565,0.0906794418059306,0.09897859240076663,4.212221762139869e-08,1.3308994616925261e-07,1.466753907879972e-08,8.241547387000268e-09,9.843948327799618e-09,5.097910249807906e-07,5.714012028161447e-07,2.345088812355489e-08,1.4281579881001935e-08,1.8007670175356505e-08,0.21832729112323285,4.4753039786466415e-09
0.06826282119538159,0.13373580150573944,7.963441274637154e-05,1.2121831358270558e-08,1.6110425306001885e-08,9.806433814186867e-08,1.0218642923435238e-07,3.203537009946835e-08,0.0172020225329933,5.9464767454448244e-09,6.430192807100889e-09,6.3081682255102625e-09,9.265629307105957e-09,4.069237200683949e-09,1.5180088045407547e-09,6.40586776830592e-09,3.0536881305506957e-09,3.3173694765089345e-09,4.660407671733036e-09,1.2493780320926292e-09,4.0054461236652494e-09,0.13607829692910756,0.024682185012622444,0.053432649833036194,0.08629272214139048,0.08161508937008172,0.08664374454123713,0.09744187907484388,1.3506684413703329e-08,3.639681051806048e-08,3.4931777606434213e-09,1.8122044294307367e-09,2.0299477586103646e-09,4.003596898370735e-07,2.449697517722473e-07,5.35005704618124e-09,3.4083563167659274e-09,4.41000814076889e-09,0.21453211990369328,1.062174130668855e-09
0.06763975374171947,0.13290311225658805,6.241480886692388e-07,1.664969289517112e-09,5.000649257332985e-09,2.0919800212553194e-08,4.447468186768054e-08,9.307913455393015e-09,0.01958576551916685,1.1376099825405116e-09,1.2066091568538312e-09,1.0746714402339982e-09,1.824070218928359e-09,9.811265156178084e-10,4.058332027318169e-10,1.3572349631675685e-09,8.288438222114108e-10,7.208222804570376e-10,9.656714109169788e-10,3.426435503853013e-10,1.0870067541594235e-09,0.14552489626958712,0.0274178577014782,0.06120036755631216,0.10472064297239324,0.06573767967939173,0.07767072503773131,0.08850674153664562,3.057390262237729e-09,6.790852042138094e-09,6.973341554834687e-10,4.357389817940232e-10,5.426744041989422e-10,9.03267709222414e-08,2.357302903764296e-08,8.541808438085908e-10,6.597446647391255e-10,8.261686880307061e-10,0.20909161223673084,2.801254528504842e-10
0.07862041509143707,0.12611331456575506,0.003742955512870929,1.2626806900821722e-08,1.3520936698387524e-08,6.95977580469124e-08,7.075791608277848e-08,2.5615713614588555e-08,0.004054374423076349,4.369717022426034e-09,4.548010707425733e-09,4.198256887553731e-09,6.664762144705443e-09,3.5999668693280004e-09,1.260504592804196e-09,6.65986301070546e-09,2.37413870529074e-09,2.8230434618898967e-09,4.373607901961341e-09,1.2574177578726994e-09,3.3073859518384706e-09,0.1334414256443924,0.027650147708860776,0.053046719612161265,0.12595327485642097,0.06623397191603722,0.07626030270617108,0.07615209092723763,1.7062666891396114e-08,1.6896280545457892e-08,3.0467022404169767e-09,1.380723664673382e-09,2.314339791831489e-09,4.248151950110374e-08,2.9038355013809538e-08,5.5526327143591735e-09,3.0078896034317063e-09,4.150739881686782e-09,0.22873064397500453,5.729184381755979e-10
0.07254736057942518,0.12019332528460397,0.005014284509997617,4.7198559751923355e-09,4.13755265889532e-09,4.449643293011644e-08,2.7756525478068925e-08,1.1541453729429885e-08,0.012729565830381298,1.743009837539757e-09,1.758022648956617e-09,1.977549182535318e-09,2.6985650437549235e-09,1.0490909846538994e-09,2.2709281817606914e-10,2.28710578241204e-09,6.663658785169007e-10,7.932732803949311e-10,1.4921178927786936e-09,4.6690096158007074e-12,1.0816618814631945e-09,0.14903601555559087,0.026899929509843632,0.060403274231076685,0.10031680333778566,0.07469427820504641,0.08281166821903284,0.07514264297597245,6.43253859334868e-09,1.9318804694028396e-08,1.0962400894113416e-09,2.399171054218576e-10,7.5070116737297e-10,3.2317823627270376e-07,1.8378193933401502e-07,2.088124819688434e-09,1.0278666904520828e-09,1.5035878380324765e-09,0.22021020390871926,4.222525432855195e-12
0.07203358006514683,0.12907727947862566,0.00390247281811427,1.7676827896559984e-09,1.4245668301345754e-09,1.0223877586634234e-08,2.0472938103009914e-08,5.11778912366014e-09,1.6038874414221857e-08,6.698783802887442e-10,6.902720301561624e-10,7.041635988392924e-10,9.34277702468375e-10,6.144772026945531e-10,2.267138419016746e-10,1.1194740953292909e-09,4.4132264172738613e-10,5.154761714922371e-10,7.238460782745249e-10,1.8693161467537881e-10,5.934074884136507e-10,0.13841998982024617,0.03275885971886317,0.057795628791709984,0.11028795508267915,0.06907255872169532,0.07864005555156384,0.08690252208931623,2.0895947840538275e-09,3.7187189662345555e-09,5.390630539084742e-10,2.7922094158753133e-10,3.170995579366095e-10,6.772195632454728e-09,6.627280835507298e-09,8.674309300515153e-10,5.335088107822611e-10,6.862956237903747e-10,0.2211090128202534,1.4540710485321245e-10
0.06951812697951358,0.1296178135425591,0.0050174713385704745,1.2080347079361826e-09,1.016865815402803e-09,5.0600980308883585e-09,9.735033711531609e-09,3.054839909210315e-09,5.647784981770337e-09,5.078379810503133e-10,5.034929955304857e-10,5.275406838293785e-10,6.912851983193077e-10,4.420652995190973e-10,1.4840511445721102e-10,9.017737382895792e-10,3.0947763326695664e-10,3.774432943976947e-10,5.388350244647536e-10,1.0497746771809423e-10,4.3833476166911237e-10,0.13014098311883768,0.030248896205266,0.06106582223662319,0.11137713001990299,0.0717862175346442,0.07612587918471692,0.08431713230266036,1.4407369994003499e-09,2.9335677840235524e-09,3.634991727732713e-10,1.8535643863584088e-10,2.1418608832740018e-10,6.013432128198611e-09,5.490765588609025e-09,6.263704678882624e-10,3.62236191848191e-10,4.697788985441452e-10,0.23078447814179892,8.085040520278082e-11
0.08809712712585245,0.12221327069271778,0.002267510044916966,2.3532648008689496e-07,1.813327029068854e-07,5.382067032247241e-06,1.3401979521913832e-05,1.7680679997734289e-06,1.8582761476914844e-05,7.696799765603245e-08,7.917818697818501e-08,7.911489968168054e-08,1.0988885566172664e-07,6.213940591014186e-08,2.50932623692428e-08,1.0267482126701655e-07,4.784032064968127e-08,5.1302337803243174e-08,7.196254656385816e-08,2.1541841574229222e-08,6.436043979681762e-08,0.15055702450912462,0.03757165856581481,0.05179212091708366,0.11056931085641761,0.07498132303693415,0.07191803157838071,0.0844465745747968,2.3465520117908674e-07,3.814696116021018e-07,5.8595628348974905e-08,2.977809566813278e-08,3.562835914239467e-08,7.895350978176921e-07,7.042878918891699e-07,1.0098698309546724e-07,5.7810845172480896e-08,7.451055144219262e-08,0.2055432203714432,1.6868122156076543e-08
0.0745708754197108,0.10791591939084146,0.0011419811558402017,2.9418103278014476e-09,1.5405410640594686e-09,8.128704090949148e-09,5.969921026570993e-09,2.506079196383185e-09,0.027116048298049047,4.5475295702380003e-10,5.153706583313638e-10,4.387882684105203e-10,8.74347032852972e-10,2.0231648599698708e-10,6.282609756165867e-11,4.828346657839601e-10,1.950110378774032e-10,1.3816971520118932e-10,4.067143728492092e-10,2.3511745320068698e-11,3.05881146506555e-10,0.1596655111448664,0.038398868545708,0.05311065688262729,0.09722817858887672,0.08672974367995265,0.0723958372424311,0.07102007565464365,2.207457099968804e-09,1.8064699248487772e-09,2.916834665957465e-10,6.57477787389282e-11,1.2720121485029667e-10,5.7668540330002095e-09,4.41369535041184e-09,4.740326079999343e-10,2.758957229048296e-10,4.543518111792705e-10,0.21070626289931998,2.6163795655790425e-11
0.09610266846351212,0.14229676691294643,0.003644800485659908,5.135019862334159e-07,1.0262224975668575e-06,2.4143690335093016e-07,1.6486668510631503e-07,1.59364925972396e-07,2.8013828770416083e-07,2.512933517250226e-07,2.719741803239388e-07,2.2434466514899176e-07,4.738224800895703e-07,2.3911280085236197e-07,7.770919815852283e-08,3.121584910000101e-07,1.472782821951072e-07,1.5207355353805905e-07,2.1436272411029155e-07,7.105711550936328e-08,1.9401746668333015e-07,0.14179404024883022,0.01994885552859319,0.06690611566731627,0.12072897887923435,0.08859207995073703,0.06480490762331814,0.06974828013173151,0.0007699902311475321,7.59200286572982e-07,2.1153463144205755e-07,9.029405401616847e-08,9.560491727810358e-08,9.154695676513408e-07,1.111616208943393e-06,2.2958152238684475e-07,1.9632851298446215e-07,2.7188707918709303e-07,0.18465356406194128,5.55626562592119e-08
0.08615746955574208,0.12142364365991186,0.0015545355570190293,2.88812475918888e-09,1.9567208643605326e-09,2.1063785851655937e-08,2.2047113970430684e-08,7.244545501128306e-09,0.012334711901512934,9.217981944800467e-10,8.933763380704247e-10,1.0773229212260328e-09,1.270247799147092e-09,5.808636060030105e-10,2.354805701547889e-10,1.2906837498852794e-09,4.983858832776088e-10,4.872466884083073e-10,8.909604919757563e-10,9.878494165694251e-11,7.03710791271188e-10,0.15046088334496452,0.03540147889332364,0.06341700630640122,0.10919612417381788,0.07590543129048043,0.06757590906462244,0.07668954439669048,3.2134897333011654e-09,9.964238355488621e-09,6.176847539017707e-10,2.6315418272283484e-10,1.9731238458160413e-10,1.94806209976917e-08,2.4515906867322406e-08,9.258588209397772e-10,5.824696877236838e-10,7.957189690484454e-10,0.19988313704228558,1.0762030547447456e-10
0.1060142081581024,0.11484671028265733,9.490440117445505e-06,1.9973631142817667e-09,2.5999465345142906e-09,1.711434220922383e-07,1.862746603745118e-07,1.156508683321719e-08,0.00010615455094391865,1.1255369305667471e-09,1.1285772313745065e-09,1.2617677770346592e-09,1.5404882928224424e-09,7.288367756772183e-10,3.0528782200094726e-10,1.5706931738499738e-09,5.813761264982514e-10,6.975771711710118e-10,9.814220629457504e-10,2.5348591961107875e-10,7.861937688828833e-10,0.15952611331034058,0.023555595784025926,0.05418901176095012,0.12509481246758908,0.08609741718217791,0.06926121129805073,0.051721036036448814,1.7837024033648226e-09,6.720315985091772e-09,6.041413462469402e-10,4.038519009671276e-10,4.4983913042094376e-10,1.5399261579761834e-07,6.822043473981733e-08,8.817757782927486e-10,5.887128742156427e-10,7.360656567474047e-10,0.20957761960112695,2.0429127636611558e-10
0.07686653721332938,0.14346096309261072,0.009385941704153472,2.5277597946423027e-09,3.2444458213771485e-09,1.6734982800812373e-08,5.478577884125251e-09,3.3851504061425404e-09,0.0072069714473649935,1.153766554230248e-09,1.0780776267473385e-09,1.3860395018608455e-09,1.6977862134190823e-09,6.072759674179737e-10,1.382930083206837e-10,1.4827510404948878e-09,3.183599280274911e-10,4.2423628314080287e-10,8.286228245224955e-10,4.383578459580627e-11,4.893456849536992e-10,0.15150833017848683,0.024662505731308213,0.053874272152863514,0.07644822004000933,0.09731021709381436,0.08232179937212586,0.08334664037491835,2.0835734059629717e-09,8.917694649995854e-09,4.5175172601151424e-10,1.8059354447862076e-10,2.9136894415477646e-10,1.2241505735645182e-08,3.234912258185368e-08,5.874978321838953e-10,4.384976831581034e-10,6.251565514201867e-10,0.19360750236967458,4.3270572774996286e-11
0.07982617210724063,0.13144268739182666,0.007361996562907652,1.454302732238969e-09,1.74947303960395e-09,1.2488292436899175e-08,2.625191018930329e-08,5.598337546868787e-09,0.008278562318401942,7.31529507023919e-10,7.3839642387341e-10,8.092434476142987e-10,1.1257213994235107e-09,3.955757889768135e-10,1.4082199462015528e-10,9.211824904104975e-10,2.985904131619979e-10,3.5220906491263364e-10,6.323678293825769e-10,6.261571585276883e-11,4.405640344084631e-10,0.1485771077903988,0.0219699560021348,0.055153474737267574,0.11127338152122467,0.07366253080935624,0.06393034143002439,0.08106094071950555,1.7397486453601401e-09,6.8975719819855845e-09,4.4236889402102247e-10,1.7833226007726625e-10,2.4788207668679505e-10,7.1540216114035295e-09,8.397992282320218e-09,5.749490542004384e-10,4.0620106519567923e-10,5.407030352426764e-10,0.21746276778846566,5.03406116552559e-11
0.08465531050416153,0.1261770114905185,0.001611416446825774,7.420682591133766e-09,5.361522567190607e-10,3.176981055019827e-08,2.906844803086082e-08,8.882980359796929e-09,0.007481600991107513,3.210216815378435e-10,1.641883883114555e-10,4.847158721531438e-11,5.264781627625317e-10,1.2780007524861542e-09,7.300995220867499e-10,4.0258708302761277e-11,9.869036399806688e-10,1.383543292259634e-09,4.922209810972275e-10,1.49091007202619e-09,7.81770487077767e-10,0.15372011825224896,0.040385059459095776,0.05511776942361489,0.08892461089957455,0.07310232441518776,0.08148867180453273,0.07672624279756092,2.751387808353511e-09,1.1312928639241474e-08,4.090368746108995e-10,5.980640308528555e-10,4.885408037684782e-10,6.875267639229269e-08,3.415572761069097e-08,2.7188489825464493e-10,3.919987230280304e-10,3.621918460939408e-11,0.21060965722138186,1.2037832019287825e-09
0.08953835021873578,0.13043955483290287,0.0023849336871532277,3.767173580193165e-09,2.5645024722370327e-09,1.476882572120447e-08,3.024264361616612e-08,4.897876548633339e-09,0.00992733328324758,3.4705154266533666e-10,4.686569162962072e-10,4.170374662663829e-10,1.1955490860420588e-09,3.364641323207596e-10,1.9842669459622638e-10,1.879333751297885e-11,6.071792256510706e-11,2.1455987834229326e-10,3.382595677753266e-10,4.997189815320376e-10,1.0636359809746012e-10,0.14850391508927752,0.03776046944174454,0.055088716899000446,0.09316882571584667,0.07676997808242081,0.06342913366522165,0.08431713175848002,3.407420605992183e-09,7.147059242897867e-09,1.1219573602815324e-10,2.1062286908603895e-10,6.596261297312295e-10,3.2525549030129585e-08,1.8599474622861203e-08,1.7570566457714512e-10,9.803688829389132e-11,3.8204527021493214e-10,0.2086715332528903,3.127214122629023e-10
0.08590147317477002,0.134067844569447,0.002314229585265428,3.322214879669358e-09,5.267817300598433e-09,1.4969521794431123e-08,1.9358999795494094e-08,5.586616761352815e-09,0.014167593601794632,1.1060094736921485e-09,1.161075358822788e-09,1.0879356029041752e-09,1.6953649503331763e-09,7.352818864003339e-10,3.3323596195690897e-10,1.295445943258509e-09,6.812530762634786e-10,5.931896138614902e-10,7.289792170311854e-10,2.9972466012030257e-10,8.694179259243424e-10,0.15626050392502952,0.0316741365722255,0.05580507380759126,0.08768413535038001,0.08288185095646838,0.06563576674144775,0.08536658842812773,6.900313895532719e-09,8.208998209926158e-09,8.492728631189202e-10,3.755652508218561e-10,4.0488287502909477e-10,1.0838369774221642e-08,1.889370007340774e-08,1.1273135861573347e-09,8.157749687432582e-10,1.115338266639776e-09,0.19824069445071937,2.1511930697309667e-10
0.07451942952122498,0.12750292107760736,6.042756745620005e-09,1.909904114502439e-09,2.609230047351808e-09,1.7062694033218088e-08,1.202307030981516e-08,5.391533734035466e-09,0.012852225741912053,1.2149666682640714e-09,1.1119941944175147e-09,1.3725086219451468e-09,1.6061235755145888e-09,5.590170907863444e-10,2.0821223873671498e-10,1.3035221716007275e-09,4.595203972524547e-10,4.18415696369656e-10,9.746694182181841e-10,7.912708749385139e-11,7.513112058136684e-10,0.15252237847666622,0.03751386843474898,0.050809894630233256,0.09276386420502516,0.08679710833143983,0.07802407795635286,0.07749710554511859,4.513132093607993e-09,7.748608218509178e-09,8.31983824112496e-10,2.376370381742377e-10,7.661143110233494e-10,3.437993592680891e-08,9.981850716588311e-09,1.1438313934918614e-09,7.878172060566434e-10,1.1220480193476965e-09,0.20919700943971062,2.8423993822953653e-11
0.08792819560210041,0.12424810097211575,3.5985587763858033e-10,1.093343554270533e-10,1.6904678298429875e-10,1.8544257012810904e-09,4.187866137274225e-10,3.3867118745413645e-10,0.034164785412915115,7.616822584122011e-11,7.840629803967498e-11,7.811212341782981e-11,1.3278435470800456e-10,2.724111564139046e-11,6.985981295614166e-12,1.0864995904088651e-10,5.771196254156787e-11,2.922713417106325e-11,3.354244792375261e-11,5.727068045139889e-12,8.503787963587857e-11,0.13397781125381225,0.02373052081854037,0.05851971902370044,0.06681902010334943,0.07854456846033513,0.07340094246765,0.09053345931278392,2.207219028422244e-10,9.827760749497684e-10,3.7448154665433106e-11,3.890312259277316e-12,1.2506380109674541e-11,3.642564006892989e-09,2.3156636993163036e-09,2.888470191837335e-11,3.436805863633693e-11,5.3933012696341353e-11,0.22813286526006255,1.0163098735468452e-11
0.09483503264684773,0.12691261544561244,0.004229921834746949,5.4301489601036565e-08,6.557557540898365e-08,2.6072393194241626e-07,7.25997496859086e-08,5.675173411630358e-08,0.033616753333231615,2.7078931315244075e-08,2.6055157859648713e-08,2.6082659915208743e-08,3.791175107824941e-08,1.6818400163179283e-08,6.5338709826070695e-09,2.8775074488363978e-08,1.453575867648032e-08,1.3711788181366092e-08,1.952455029700889e-08,4.998787152952031e-09,1.9402843690091157e-08,0.14633431701536917,0.02166394152297565,0.04396711043970243,0.10669022855068466,0.06221740393695892,0.07619387174243336,0.06532773807411602,9.273075770507787e-08,1.3928719132584558e-07,2.0787428457434757e-08,7.41673858855564e-09,9.928744267763945e-09,5.110424151297572e-07,6.033372316538828e-07,1.793533347388794e-08,2.0375173671057413e-08,2.6958186120796836e-08,0.21800886016462095,4.111445221584936e-09
0.08071277087164413,0.11796031475172741,0.01667078755864138,2.2163385538086425e-09,2.407117397821915e-09,9.639754303095702e-09,5.59883280456051e-09,3.035828771363702e-09,0.023217632340164357,1.0882467295294806e-09,1.1039405367462823e-09,1.0929005034896816e-09,1.5003031109167906e-09,8.112932505816088e-10,4.0067386924328985e-10,1.3724882604203934e-09,7.904914451896067e-10,7.067728778918809e-10,8.7663659864564e-10,3.6272415613538435e-10,1.0222949061296039e-09,0.14371445756264448,0.04630141673005581,0.06503215203620688,0.10004472834234199,0.0562867140069542,0.07556918844388176,0.07622244843143357,3.005709237987765e-09,7.391504964511369e-09,8.360658164458976e-10,4.2321861098602206e-10,4.821352736900589e-10,1.0264645311892524e-08,1.2571522321561399e-08,1.7184279549946034e-09,8.124855638453103e-10,1.035293699029323e-09,0.19826731608930653,2.673507306880636e-10
0.08290943649928088,0.13650801740229562,0.007277191700731102,1.4484028383516736e-09,1.3174600462418816e-09,5.456239260314838e-10,1.177732941948914e-09,6.021333533030962e-10,6.281215790843723e-10,3.936275584742735e-10,4.325342209130915e-10,3.4878353313423885e-10,7.484613336777649e-10,2.200849432398732e-10,8.761304660740925e-11,3.587694437451606e-10,2.0221417021088218e-10,1.3958001307520592e-10,2.4254854533737744e-10,7.358645149489389e-11,3.015856982031621e-10,0.19514394753679454,0.027589286531131702,0.05648059004882858,0.1426071585393675,0.058525912308786614,0.087353736032273,0.0014924730697807814,2.997658508298093e-09,1.8552863386943365e-09,3.583316344295465e-10,9.386917449870115e-11,2.6834590523229606e-10,6.22136924869654e-09,3.3499705949806076e-09,6.041506139073626e-10,3.2878404940426765e-10,4.695608215507715e-10,0.20411222446367472,5.086439505654571e-11
0.07267771597202603,0.14496192375443875,0.02577745037940999,3.63946131434915e-09,8.775007748587333e-10,4.5303753340627865e-08,0.005539028271227308,2.307814338921214e-08,0.011543376546452256,2.1971624880440641e-10,8.047552465826442e-11,2.8018393040076714e-10,5.009227279217181e-10,6.449404808141776e-10,6.944450719838749e-11,8.15424012053264e-11,6.089513892757906e-12,5.124159443839596e-10,7.71955680150741e-10,5.176430301853626e-10,3.0737179618018964e-10,0.14030925997262728,0.035415679960388205,0.058277839498380245,0.10511132646613844,0.04755348288594052,0.07907090331632827,0.0800804218544887,2.610776660034394e-09,1.6524401210162945e-08,3.771145466139664e-11,3.9567622881577006e-10,7.234905868596383e-10,7.830311316489555e-08,4.363478803004209e-08,1.6446312033861607e-09,2.681660672210957e-11,2.5466560910068474e-10,0.1936813694710538,6.034687769879627e-10
0.0863969259121035,0.13121353643707764,0.01356023416842527,2.779306726692712e-09,3.6655981844609027e-09,1.7290049482274188e-07,2.9962026255854576e-08,1.675660084714722e-08,0.001737084157413579,1.6246511701496903e-09,1.7664680467754384e-09,1.7151401353424216e-09,2.5067656168258544e-09,1.1525402357969649e-09,5.153581515404741e-10,1.8929050291678143e-09,1.0425589515384447e-09,9.55959339815562e-10,1.5214971418896915e-09,4.40728054429959e-10,1.3531555720471724e-09,0.15125658244892526,0.01714542573196193,0.043023790966247505,0.12587913168170692,0.062177048449102996,0.0656543280143943,0.09244201833533033,4.98757538426265e-09,3.007931495131155e-08,1.2999367752437422e-09,5.402922421773236e-10,8.825802226110113e-10,1.2205378504763182e-07,1.2890841972050615e-07,1.7944230709761551e-09,1.1574058237448055e-09,1.6924540109548855e-09,0.20951335741731242,3.3205694900923884e-10
0.09029605212978001,0.1246524911625116,6.801765954819698e-07,3.892321501437677e-08,5.874899364422188e-08,1.8786059147543013e-07,1.1934505032823373e-06,8.812484683408892e-08,0.006365552812470461,2.7390323919031227e-08,2.5636942581785574e-08,2.718726987881139e-08,3.43850299329002e-08,1.8604752612610743e-08,7.2105330503789745e-09,2.131280648560801e-08,1.3603937820473629e-08,1.3210691896671018e-08,1.7368463766601434e-08,6.700141632300657e-09,1.7970605709256645e-08,0.15204103679115072,0.04155796532242493,0.048948736155135814,0.09165526378410355,0.07371734008712862,0.07835218114734416,0.08325845156911019,6.890980416517431e-08,1.0347831521419984e-07,1.7406255100823757e-08,8.409269417739179e-09,9.257136356280176e-09,4.2012745436560713e-07,2.2939333954809147e-07,2.2955281216702503e-08,1.700094305476671e-08,2.1754706642616108e-08,0.20915152752980315,4.9502867224359565e-09
0.09037204681205044,0.12197687067342275,0.003759676598106585,1.3372662223242674e-07,8.314950402128215e-07,2.214253198160481e-06,3.9751433943675595e-07,3.198330468252304e-07,0.014829465747039023,6.453806506384821e-08,6.365820901687361e-08,6.966120544317729e-08,9.80555349532744e-08,4.6300367604036386e-08,3.5426298957674235e-08,1.0517397090128338e-07,6.778104808105655e-08,5.028000510217051e-08,5.981064107627108e-08,3.378036063742947e-08,8.667004827224659e-08,0.15309024175467076,0.03493972767837852,0.058541502061115525,0.0832279952671554,0.09467326902711112,0.051117342104232494,0.07715349083133337,1.0305180286882872e-06,5.143869966872754e-07,4.780537542820473e-08,3.820559045367649e-08,4.663534478483761e-08,9.366860519258602e-07,8.273148508246551e-07,7.873212288610141e-08,4.5404489085215e-08,5.642197524485203e-08,0.21631004691459194,2.4461964054458725e-08
0.07264651961311623,0.12531263997484973,9.192709547105939e-10,4.47637021367309e-10,5.581113311020463e-10,6.753068222689347e-08,1.0636341760279766e-08,4.115958603726069e-09,0.001657851905483531,3.7387642076968715e-10,3.4064102636347447e-10,4.00508195105132e-10,4.2063546392748544e-10,2.993198059879151e-10,1.414867685520846e-10,5.42662652143022e-10,2.801495381710627e-10,2.839088430230047e-10,3.7681933230816996e-10,1.1543829675570739e-10,3.7982466430096113e-10,0.1504687474520905,0.039714146791385095,0.05776402121331576,0.09191556876249181,0.07282086597132802,0.08454974348669535,0.07747437124911062,7.269708179980923e-10,2.7543218701609664e-09,2.7594121940111507e-10,1.6823647570302064e-10,2.6755585101075756e-10,6.873516419796895e-09,5.402000124692994e-09,4.2954952269226994e-10,2.630661614096577e-10,3.2752874693379173e-10,0.22567541784502218,8.31509693013506e-11
0.08887716626010854,0.1304423047012955,0.0017545187771668255,6.511531316641369e-09,7.627840225798014e-09,4.469432875310213e-08,9.349730000755202e-08,9.502517463474421e-09,0.009652597340524356,1.717172119808672e-09,1.8072329837313396e-09,1.7060439412132837e-09,3.00322947421286e-09,6.851069968679101e-10,2.0406850086133054e-10,1.4321660673159802e-09,7.125335849283179e-10,5.588519490866392e-10,1.1749737077643801e-09,2.4931637246604406e-11,1.0211454649087898e-09,0.14641589306905012,0.04166007779687166,0.05457622371162883,0.09201550842624005,0.07489656699240661,0.06612108693799149,0.08555942525471268,9.509983649534556e-09,1.1760236393563461e-08,1.0440511383481747e-09,2.3773615004234416e-10,5.503987004268131e-11,5.987905949895384e-08,3.4703840315906304e-08,1.675731298344779e-09,1.0130794917557183e-09,1.5991448358569118e-09,0.20802833336806675,5.059584850118494e-12
0.0967534281983679,0.10577195056424207,0.024436859329944317,1.2078790406319586e-09,8.172401299852199e-10,4.95636308531267e-09,0.002946695627620995,1.1886575805745186e-08,6.698829060055065e-09,2.916643270682325e-10,2.8244919415333693e-10,2.9626556465900414e-10,4.633774428783296e-10,1.4114853643731807e-10,1.515265098711218e-10,3.524416324715961e-10,2.637594860196041e-10,1.269317780231238e-10,2.6894752013497287e-10,1.9317286366286007e-10,3.875493196121731e-10,0.1681786676889009,0.052318063127326814,0.056634009475807046,0.15042434644286548,0.050034913180334484,0.08091796613784728,0.04259704591523938,1.0749678601559877e-09,2.077656031175441e-09,2.3093974506196465e-10,1.0645395763801428e-10,2.4427075286344426e-10,1.0880147003307678e-08,3.967698521000643e-09,3.283846716399188e-10,2.1082519851374517e-10,3.037476756574277e-10,0.16898600604405303,5.623773070626637e-11
0.06892467466272106,0.13607191702129712,0.021078242772340494,5.847511082747932e-10,1.007907888235029e-10,6.287323826976256e-09,4.828607906945023e-09,1.6417228452556536e-09,0.008207737695551762,5.6052540165288085e-11,5.863183828481869e-11,2.1253037489901488e-11,1.5610615385411405e-11,2.2230438727185927e-10,1.0896347434653466e-10,8.432485616250489e-11,9.381069731297944e-11,1.618062993795063e-10,7.525470419615419e-11,2.3115010006898855e-10,4.9971516873384084e-11,0.15239708158614684,0.0549923854680507,0.05864173760790411,0.09806159768513124,0.05542567835220624,0.07980053235752482,0.071536703055872,1.862005272812694e-10,1.2350795142302225e-09,8.438582230819127e-11,1.2149879722937534e-10,1.786662917471347e-10,3.969975994329519e-09,2.625953771988268e-09,1.2719018678699767e-10,8.911178692854345e-11,4.8137904743063265e-11,0.19486168829964737,1.4707505935918596e-10
0.0791094802530851,0.11521193434655604,0.018687251083637967,4.5187513624252305e-08,4.1264167369193586e-08,1.302524869165181e-07,1.197657543420791e-06,8.24883833493023e-08,0.005752634997660658,1.5192010312268683e-08,1.6516420169358142e-08,1.5562081751074646e-08,2.1761003194041877e-08,1.424381252172332e-08,4.946356045416777e-09,1.9019033815136115e-08,9.438910807295577e-09,1.1096589162054204e-08,1.6268239094784767e-08,4.7038706203158855e-09,1.24297229620493e-08,0.21144457235487418,0.020954647865608456,0.025916657164330524,0.1165711497501962,0.08660760670890066,0.09475279167272765,0.11485485891102337,4.6361424828199345e-08,8.731280937083394e-08,1.1991857035896187e-08,5.430142054764067e-09,6.671833328865377e-09,3.2940758100106493e-07,1.6459574535071185e-07,1.7510402664722464e-08,1.1444245162493747e-08,1.6518423110183967e-08,0.11013405550812128,4.110668828671174e-09
0.08599707499445054,0.13615949226737573,1.658500555903559e-08,7.805813484978282e-09,1.512304498404691e-08,2.235769666480997e-08,3.761236688127894e-08,2.0481049661871815e-08,2.622503206587067e-08,1.0334344386958744e-08,9.954131474939475e-09,1.0761800932697909e-08,1.2048801928693473e-08,7.269218985010577e-09,3.674341284589234e-09,1.5598240536485836e-08,7.054682554321387e-09,7.453553111323097e-09,9.167101858882314e-09,3.2663250365429774e-09,9.389207157723143e-09,0.13514714901807107,0.014560145364070836,0.027552534607128563,0.1404228874921204,0.08997359050677618,0.06191895010131199,0.10409968362434717,1.0535843327335956e-08,7.600527526455188e-08,5.462371467944257e-09,4.69572410868023e-09,5.019051946762554e-09,3.47643647040524e-07,3.852132903072553e-07,6.5091736560769276e-09,5.2401291372449245e-09,5.9836890780186655e-09,0.20416738505615123,2.498242406307776e-09
0.07579452382407355,0.11483785899076264,0.012591328523760683,3.8631429648313777e-10,4.9679672972439236e-11,2.3698547316117215e-09,1.1424180335780965e-09,5.028465422133412e-10,0.021668533203938332,5.407259443379727e-11,4.4326452561954304e-11,2.1536782645225332e-11,1.3842844917366695e-13,1.6796228780950019e-10,7.371114481212096e-11,1.1349149430832643e-10,7.641711421469377e-11,1.1996565911666947e-10,1.7178711699969742e-11,1.4710885728657117e-10,5.342280170562785e-11,0.1514895409361795,0.05671587113923263,0.05851922615394071,0.07054783202102592,0.0858767400306944,0.08536480352106467,0.07344887117467228,1.128550073246129e-10,5.477531353818539e-10,7.134564558088454e-11,7.88740046398512e-11,1.8006635689807526e-10,1.7104117219076025e-09,1.0787730142258457e-09,1.0326448299713587e-11,7.434350833560937e-11,5.4370852805188416e-11,0.19314486114640744,7.468189397114055e-11
0.07122772164000983,0.11761003374051632,0.007624588738546481,2.0095475789996677e-09,1.9344657184035143e-09,1.6654583491949326e-08,9.59944455220046e-09,4.584980196175475e-09,0.01283167960927054,8.87468065167201e-10,8.530335815374538e-10,9.99094593944746e-10,1.2812367099872493e-09,5.524125132396375e-10,1.3734555034970417e-10,1.126557340148978e-09,3.6352412739068724e-10,4.3525266763516014e-10,7.292914363122156e-10,4.7001634027540435e-11,5.712951299374068e-10,0.147225881200051,0.02984800415045318,0.060717927713802286,0.09634617985267019,0.07281074125499028,0.08144732638552335,0.07340739060210998,2.6955175846660938e-09,6.083906745063743e-09,5.361872537325047e-10,1.6373280815026706e-10,4.1824601990037626e-10,2.2549064277990826e-08,6.942505680826848e-09,9.737194818829298e-10,5.051064018646799e-10,7.13376807141725e-10,0.228902440739595,2.45635443117477e-11
0.06242909514699072,0.1271728420037217,0.007089381738749988,1.8673259696788387e-07,2.7676152430744625e-07,6.101498128769659e-07,2.8556560709381846e-07,2.191282949299336e-07,0.011123183679424418,1.1048673776112311e-07,1.1921291117150998e-07,1.198617048862722e-07,1.5188936298443612e-07,7.235319323970623e-08,3.285172100101113e-08,1.2208920014245235e-07,6.32282726580031e-08,6.553209370780761e-08,9.105972535675272e-08,2.893595039102398e-08,8.409898373578731e-08,0.1495416898338205,0.02399548732299883,0.06067394185524881,0.10469771200911622,0.08106671594663156,0.06642528450303051,0.08855774851844063,4.441235781504398e-07,5.538621900871358e-07,7.55658539140242e-08,3.669350678487616e-08,4.1259689340753014e-08,5.186289683959106e-07,7.014114127412913e-07,9.658890852769831e-08,6.931561787160992e-08,9.920195524472574e-08,0.21722162048103216,2.0371419615731035e-08
0.08670851409524319,0.12417774617223017,1.754464178797889e-05,1.603748333838624e-08,1.3753634775424576e-08,1.531283092883943e-08,3.2572074785868525e-08,9.267481395697062e-09,0.009245224666035829,4.850578304244248e-09,4.571912476206294e-09,5.2016188929240515e-09,6.64933015549985e-09,3.4467278972249847e-09,9.347619977799132e-10,3.825722446036461e-09,1.921834684720741e-09,2.21682508957838e-09,3.896244839869728e-09,7.456832834163594e-10,2.639091963456459e-09,0.16027708363745888,0.025243152485196384,0.056375063480923755,0.08908732239532915,0.0734609646766073,0.07702547854436852,0.08354592863850759,0.003279549126386274,1.5591449198323167e-08,3.98897033029154e-09,1.1562364838744445e-09,1.4101542589465699e-09,3.8280978213493195e-08,2.4613123486802788e-08,5.818603948808164e-09,3.793544784942219e-09,5.575761552402067e-09,0.21155619878937762,5.778878915881841e-10
0.059878819323703696,0.12353516934255064,0.005112608123995007,3.781022383035661e-09,1.1686133273893525e-08,1.7505425936447924e-07,5.075546993417435e-08,2.6524068171013965e-08,0.01738026300295246,3.810385438341916e-09,2.967587809666574e-09,4.698827561363225e-09,5.3578826118066646e-09,1.6882553551308734e-09,1.8227870065816943e-09,5.4707582868976755e-09,4.5716811062320925e-09,2.3264746608832202e-09,3.712995332188003e-09,1.4524014905555567e-09,6.26391103262513e-09,0.15364515903962028,0.04174670953515607,0.07411604558850493,0.08292498032041644,0.08392383928924811,0.06203613951742512,0.08154909338611023,3.893543357718665e-08,2.9448549691048025e-08,1.4575568636474212e-09,1.3046868801808723e-09,1.8092814910025119e-09,1.9858727381234365e-07,5.273639275429735e-08,6.3170372426079136e-09,1.2798610236846148e-09,1.7831894442123735e-09,0.21415052721152036,7.14632992331786e-10
0.060641715147404775,0.12329773652630135,0.0029700550256587634,2.882358891421742e-09,1.559059036106724e-08,1.0111684550791648e-07,2.394050020684186e-08,1.5465978737154927e-08,0.010496426980135285,8.717910787634511e-10,5.097033038540269e-10,1.3963695994198282e-09,9.850943435482413e-10,6.487225789406159e-10,5.309873943550719e-10,2.781112590389503e-09,1.981415558809526e-09,8.646822858139672e-10,1.4077914120789454e-09,3.07673325744417e-10,2.70549833407792e-09,0.1596732263630753,0.033465322342052135,0.054263161035815494,0.11025931032464807,0.0631821852645388,0.08880239881208826,0.08845262909068305,1.4245731918015193e-08,1.8883840319567056e-08,6.051382891794262e-10,4.100407497801123e-11,1.9526687058797332e-10,3.3804972110119427e-07,3.86523391931737e-08,2.117939915795406e-09,4.367169504005878e-10,1.0366307468814658e-09,0.20449524479311781,4.3036117566128966e-11
